triple_id,chunk_id,chapter_no,subject,relation,object
T0001,9-10-biology_secondary-1-20,1,ট্যাক্সোনমি,সংজ্ঞা,শ্রেণিবিন্যাসবিদ্যা
T0002,9-10-biology_secondary-1-20,1,শ্রেণিবিন্যাসের লক্ষ্য,কাজ,একটাই বিশাল এবং বৈচিত্র্যময় জীবজগৎকে সহজভাবে অল্প পরিশ্রমে এবং অল্প সময়ে সঠিকভাবে জানা
T0003,9-10-biology_secondary-1-21,1,ক্যারোলাস লিনিয়াস,অবস্থান,আপসালা বিশ্ববিদ্যালয়
T0004,9-10-biology_secondary-1-21,1,ক্যারোলাস লিনিয়াস,কাজ,আ্যানাটমির অধ্যাপক
T0005,9-10-biology_secondary-1-21,1,ক্যারোলাস লিনিয়াস,কারণ,"বিভিন্ন ধরনের উদ্ভিদ, বিশেষ করে ফুল সংগ্রহ আর জীবের শ্রেণিবিন্যাসে তার অনেক আগ্রহ"
T0006,9-10-biology_secondary-1-21,1,ক্যারোলাস লিনিয়াস,কারণ,প্রথম জীবের পূর্ণ শ্রেণিবিন্যাসের এবং নামকরণের ভিত্তি প্রবর্তন
T0007,9-10-biology_secondary-1-21,1,ক্যারোলাস লিনিয়াস,কারণ,"জীবজগৎকে দুটি ভাগে, যথা উদ্ভিদজগৎ এবং প্রাণিজগৎ হিসেবে বিন্যস্ত করেন"
T0008,9-10-biology_secondary-1-24,1,সুপার কিংডম 1,প্রকার,প্রোক্যারিওটা
T0009,9-10-biology_secondary-1-24,1,প্রোক্যারিওটা,কারণ,"আদিকোষ (নিউক্লিয়াস সুগঠিত নয়) বিশিষ্ট এককোষী, আণুবীক্ষণিক জীব"
T0010,9-10-biology_secondary-1-27,1,ইউক্যারিওটা,অংশ,প্রকৃতকোষ বিশিষ্ট এককোষী বা বহুকোষী
T0011,9-10-biology_secondary-1-27,1,ইউক্যারিওটা,অংশ,এককভাবে অথবা কলোনি আকারে দলবদ্ধভাবে বসবাস করে
T0012,9-10-biology_secondary-1-30,1,বৈশিষ্ট্য,প্রকার,"অধিকাংশই স্থলজ, মৃতজীবী বা পরজীবী"
T0013,9-10-biology_secondary-1-30,1,কোষ,অবস্থান,এককোষী অথবা মাইসেলিয়াম
T0014,9-10-biology_secondary-1-30,1,কোষ,অংশ,কাইটিন বস্তু
T0015,9-10-biology_secondary-1-30,1,ক্লোরোপ্লাস্ট,অবস্থান,অনুপস্থিত
T0016,9-10-biology_secondary-1-30,1,বংশবৃদ্ধি,কারণ,হ্যাপ্নয়েড স্পোর
T0017,9-10-biology_secondary-1-31,1,বৈশিষ্ট্য,প্রকার,প্রকৃত নিউক্লিয়াসযুক্ত সালোকসংশ্লেষণকারী উদ্ভিদ
T0018,9-10-biology_secondary-1-31,1,বৈশিষ্ট্য,কাজ,উন্ত টিস্যুতন্দ্র বিদ্যমান
T0019,9-10-biology_secondary-1-31,1,বৈশিষ্ট্য,কারণ,ভ্রণ সৃষ্টি হয় এবং তা থেকে ডিপ্লয়েড পর্যায় শুরু হয়
T0020,9-10-biology_secondary-1-31,1,বৈশিষ্ট্য,প্রতিরোধ,স্থলজ অথবা জলজ প্রজাতি আছে
T0021,9-10-biology_secondary-1-31,1,বৈশিষ্ট্য,লক্ষণ,"আকার, আকৃতি অথবা শারীরবৃত্তীয় পার্থক্যবিশিষ্ট ভিন্নধর্মী দুটি গ্যামেটের মিলনের মাধ্যমে যৌন জনন সম্পন্ন হয়"
T0022,9-10-biology_secondary-1-33,1,বৈশিষ্ট্য,প্রকার,নিউক্লিয়াসবিশিষ্ট ও বহুকোষী প্রাণী
T0023,9-10-biology_secondary-1-33,1,প্রাণী,কাজ,হেটারোট্রোফিক অর্থাৎ পরভোজী এবং খাদ্য গলাধঃকরণ করে
T0024,9-10-biology_secondary-1-33,1,প্রাণী,অবস্থান,দেহে জটিল টিস্যুতন্ত্র বিদ্যমান
T0025,9-10-biology_secondary-1-33,1,ভ্রণ বিকাশকালীন সময়ে,কারণ,ভ্র্ণীয় স্তর সৃষ্টি হয়
T0026,9-10-biology_secondary-1-34,1,টমাস কেভলিয়ার-স্মিথ,কাজ,জীবজগতের প্রোটিস্টাকে দুটি ভাগে ভাগ করা এবং মনেরাকে ব্যাকটেরিয়া রাজ্য হিসেবে নামকরণ করা
T0027,9-10-biology_secondary-1-34,1,জীবজগৎ,অংশ,ছয়টি রাজ্য
T0028,9-10-biology_secondary-1-36,1,শ্রেণিবিন্যাসের ধাপ,অবস্থান,উপরে
T0029,9-10-biology_secondary-1-36,1,শ্রেণিবিন্যাসের ধাপ,অবস্থান,নিচে
T0030,9-10-biology_secondary-1-39,1,সুকেন্দ্রিক কোষবিশিষ্ট বহুকোষী পরভোজী জটিল টিস্যুতন্তর,প্রকার,আছে
T0031,9-10-biology_secondary-1-39,1,বাচ্চা,কাজ,বুকের দুধ খাওয়া
T0032,9-10-biology_secondary-1-39,1,বাচ্চা,কারণ,লোম/চুল আছে
T0033,9-10-biology_secondary-1-39,1,হাত,কারণ,আঁকড়ে ধরার উপযোগী
T0034,9-10-biology_secondary-1-39,1,দৃষ্টিশক্তি,কারণ,বেশি উন্নত
T0035,9-10-biology_secondary-1-39,1,মস্তিষ্ক,অবস্থান,দেহের অনুপাতে সবচেয়ে বড়
T0036,9-10-biology_secondary-1-40,1,চওড়া এবং খাড়া কপাল,কারণ,পাতলা এবং বুদ্ধিবৃত্তিকভাবে উন্নত
T0037,9-10-biology_secondary-1-40,1,প্রজাতি,অবস্থান,শ্রেণিবিন্যাসের ধাপে
T0038,9-10-biology_secondary-1-40,1,শিক্ষার্থী,কারণ,জীববিজ্ঞানের
T0039,9-10-biology_secondary-1-41,1,জীবের বৈজ্ঞানিক নাম,অংশ,দুটি অংশ বা পদ
T0040,9-10-biology_secondary-1-41,1,প্রথম অংশ,কাজ,গণ নাম
T0041,9-10-biology_secondary-1-41,1,দ্বিতীয় অংশ,কাজ,প্রজাতির নাম
T0042,9-10-biology_secondary-1-41,1,দ্বিপদ নাম,কারণ,জীবজগতের প্রতিটি জীবকে আলাদা নামে জানা
T0043,9-10-biology_secondary-1-41,1,দ্বিপদ নামকরণ,কারণ,জীবের বৈজ্ঞানিক নাম নির্ধারণ
T0044,9-10-biology_secondary-1-44,1,বৈজ্ঞানিক নাম,অংশ,গণ নাম
T0045,9-10-biology_secondary-1-44,1,বৈজ্ঞানিক নাম,অংশ,প্রজাতি নাম
T0046,9-10-biology_secondary-1-44,1,বৈজ্ঞানিক নাম,কারণ,অনন্য
T0047,9-10-biology_secondary-1-44,1,বৈজ্ঞানিক নামের প্রথম অংশ,কারণ,প্রথম অক্ষর বড় অক্ষর হবে
T0048,9-10-biology_secondary-1-44,1,বৈজ্ঞানিক নামের প্রথম অংশ,কারণ,বাকি অক্ষরগুলো ছোট অক্ষর
T0049,9-10-biology_secondary-1-47,1,সাধারণ নাম,প্রকার,বৈজ্ঞানিক নাম
T0050,9-10-biology_secondary-1-8,1,দেহের বাহ্যিক বর্ণনার বিষয়,অংশ,বহিঃ অঙ্গসংস্থান
T0051,9-10-biology_secondary-1-8,1,দেহের অভ্যন্তরীণ বর্ণনার বিষয়,অংশ,অন্তঃ অঙ্গসংস্থান
T0052,9-10-biology_secondary-1-9,1,শারীরবিদ্যা,প্রতিরোধ,জৈবরাসায়নিক কার্যাদি
T0053,9-10-biology_secondary-1-9,1,হিস্টোলজি,কাজ,"টিস্যুসমূহের গঠন, বিন্যাস এবং কার্যাবলি"
T0054,9-10-biology_secondary-1-9,1,ভ্ূণবিদ্যা,কাজ,"জনন কোষের উৎপত্তি, নিষিক্ত জাইগোট থেকে ভ্রণের সৃষ্টি, গঠন, পরিস্ফুটন, বিকাশ"
T0055,9-10-biology_secondary-2-101,2,তন্দ্র,অংশ,ভ্রুণ ও শিশু ধারক অঙ্গ
T0056,9-10-biology_secondary-2-101,2,প্রাণী,কাজ,প্রজনন ক্ষমতা অর্জন
T0057,9-10-biology_secondary-2-101,2,প্রজাতির ধারা,অবস্থান,অব্যাহত থাকে
T0058,9-10-biology_secondary-2-101,2,মানুষ,কারণ,একলিঙ্গ প্রাণী
T0059,9-10-biology_secondary-2-101,2,পুরুষ মানুষের দেহ,অংশ,পুরুষ প্রজননতন্দ্র
T0060,9-10-biology_secondary-2-101,2,নারীর দেহ,অংশ,স্ত্রী প্রজননতন্দ্র
T0061,9-10-biology_secondary-2-102,2,ত্বক,অবস্থান,দেহের বাইরে
T0062,9-10-biology_secondary-2-102,2,ত্বক,কাজ,বাইরের আঘাত এবং জীবাণুর আক্রমণ থেকে দেহ রক্ষণ
T0063,9-10-biology_secondary-2-102,2,ত্বক,কাজ,জলীয় অংশকে দেহের ভিতর সংরক্ষণ
T0064,9-10-biology_secondary-2-103,2,নালিহীন বা অন্তঃক্ষরা গ্রন্থি,অবস্থান,প্রাণিদেহে
T0065,9-10-biology_secondary-2-103,2,গ্রন্থি,কাজ,রসকে হরমোন বলে
T0066,9-10-biology_secondary-2-103,2,গ্রন্থি,পরিমাণ,২.৫ অণুবীক্ষণ যন্ত্র
T0067,9-10-biology_secondary-2-105,2,কাচের স্টেজ,কারণ,দুটো ক্লিপ লাগানো
T0068,9-10-biology_secondary-2-105,2,স্তস্তের উপরে,অংশ,একটি টানা নল
T0069,9-10-biology_secondary-2-105,2,টানা নলের বাহুতে,কারণ,লেঙ্গ ধরে রাখার জন্য আংটা থাকে
T0070,9-10-biology_secondary-2-106,2,অণুবীক্ষণ যন্ত্র,অংশ,চিত্র
T0071,9-10-biology_secondary-2-106,2,স্ট্যান্ড,অবস্থান,বেজ-এর উপর দণ্ডায়মান উল্লম্ব পিলার
T0072,9-10-biology_secondary-2-107,2,আর্ম,কারণ,উপরের দিকে বাঁকানো
T0073,9-10-biology_secondary-2-107,2,ফুট,কারণ,নিচের দিকে পাটাতনের মতো
T0074,9-10-biology_secondary-2-107,2,স্টেজ,অবস্থান,আর্ম-এর নিচের অংশে
T0075,9-10-biology_secondary-2-107,2,বড়ি টিউব,কারণ,অণুবীক্ষণ যন্ত্রের উপরের দিককার নলাকার অংশ
T0076,9-10-biology_secondary-2-108,2,নোজপিস,অবস্থান,বড়ি টিউবের নিচের দিকে
T0077,9-10-biology_secondary-2-108,2,লেস,প্রকার,৩টি
T0078,9-10-biology_secondary-2-109,2,ফাইন আ্যাডজাস্টমেন্ট নব,কাজ,স্লাইডকে লেঙ্গের ফোকাস দূরত্বের ভিতরে বা বাইরে নেওয়া
T0079,9-10-biology_secondary-2-109,2,ফাইন আ্যাডজাস্টমেন্ট নব,কাজ,স্টেজকে ঘুরিয়ে স্লাইডকে লেঙ্গের ফোকাস দূরত্বের ভিতরে বা বাইরে নেওয়া
T0080,9-10-biology_secondary-2-109,2,ফাইন আ্যাডজাস্টমেন্ট নব,কারণ,ফোকাসের সুক্ষ সমন্বয় করার জন্য
T0081,9-10-biology_secondary-2-11,2,প্রোটোপ্লাজম,অবস্থান,কোষের ভিতরে
T0082,9-10-biology_secondary-2-11,2,প্রোটোপ্লাজম,অংশ,সবকিছু
T0083,9-10-biology_secondary-2-11,2,কোষবিল্লী,অংশ,প্রোটোপ্লাজম
T0084,9-10-biology_secondary-2-11,2,কোষঝিল্লি,অংশ,প্রোটোপ্লাজম
T0085,9-10-biology_secondary-2-11,2,সাইটোপ্লাজমীয় অঙ্গাণু,অবস্থান,কোষবিল্লীর আড়ালে
T0086,9-10-biology_secondary-2-11,2,নিউক্লিয়াস,অবস্থান,কোষবিল্লীর আড়ালে
T0087,9-10-biology_secondary-2-111,2,সাবস্টেজ,অবস্থান,স্টেজের নিচে
T0088,9-10-biology_secondary-2-111,2,সাবস্টেজ,কারণ,উঠা-নামা করানো যায়
T0089,9-10-biology_secondary-2-111,2,সাবস্টেজ,কারণ,একটি কনডেলার লাগানো থাকে
T0090,9-10-biology_secondary-2-111,2,কনডেলার,অংশ,একটি ডায়াঙ্রাম
T0091,9-10-biology_secondary-2-111,2,কনডেলার,অংশ,একটি পর্দা
T0092,9-10-biology_secondary-2-111,2,কনডেলার,কারণ,আলো কনডেলারের ভিতরে প্রবেশ করবে তা নির্ধারণ করে
T0093,9-10-biology_secondary-2-114,2,কোষ বা টিস্যুর পাতলা স্তর,অবস্থান,জলীয় মাধ্যমে
T0094,9-10-biology_secondary-2-114,2,কোষ বা টিস্যু,অবস্থান,চিহ্নিত করা মুশকিল
T0095,9-10-biology_secondary-2-116,2,তরঙ্গ দৈর্ঘ্য,পরিমাণ,400-700 ন্যানোমিটার
T0096,9-10-biology_secondary-2-116,2,সাইটোপ্লাজম,অবস্থান,অবস্থিত
T0097,9-10-biology_secondary-2-118,2,অণুবীক্ষণ যন্ত্র,কাজ,অঙ্গাণুগুলো স্পষ্ট দেখা দিতে পারে
T0098,9-10-biology_secondary-2-118,2,ইলেক্ট্রন তরঙ,কাজ,বিবর্ধন করা হয়
T0099,9-10-biology_secondary-2-118,2,ইলেক্ট্রন মাইক্রোস্কোপ,প্রকার,অণুবীক্ষণ যন্ত্র
T0100,9-10-biology_secondary-2-126,2,কোষ,অবস্থান,কোষঝিল্পি জুড়ে কোষের সীমানা এবং কেন্দ্রে নিউক্লিয়াস
T0101,9-10-biology_secondary-2-126,2,কোষ,কারণ,কোষগুলো ভালো করে ছড়ানো না থাকলে
T0102,9-10-biology_secondary-2-128,2,লাইসোজোম,কাজ,জীবাণু ভক্ষণ
T0103,9-10-biology_secondary-2-13,2,সাইটোপ্লাজম,অংশ,সাইটোগ্লাজম
T0104,9-10-biology_secondary-2-13,2,অঙ্গাণু,প্রকার,"ঝিল্লিযুক্ত সাইটোপ্লাজমীয় অঙ্গাণু, বিল্লিবিহীন অঙ্গাণু"
T0105,9-10-biology_secondary-2-133,2,জীব,প্রকার,এককোথষী জীব
T0106,9-10-biology_secondary-2-133,2,জীব,প্রকার,বহুকোষী জীব
T0107,9-10-biology_secondary-2-133,2,মানুষ,প্রকার,বহুকোষী জীব
T0108,9-10-biology_secondary-2-133,2,বট গাছ,প্রকার,বহুকোষী জীব
T0109,9-10-biology_secondary-2-133,2,তিমি মাছ,প্রকার,বহুকোষী জীব
T0110,9-10-biology_secondary-2-137,2,ক্যারিওকাইনেসিস,অবস্থান,নিউক্লিয়াসের বিভাজন
T0111,9-10-biology_secondary-2-137,2,সাইটোকাইনেসিস,অবস্থান,সাইটোগ্লাজমের বিভাজন
T0112,9-10-biology_secondary-2-137,2,কোষ,কাজ,নিউক্লিয়াসে কিছু প্রস্তুতিমূলক কাজ হয়
T0113,9-10-biology_secondary-2-137,2,ইন্টারফেজ,অবস্থান,বিভাজন শুরুর আগে
T0114,9-10-biology_secondary-2-14,2,মাইটোকন্ডিয়ার প্রধান কাজ,কাজ,জীবের শ্বসনকার্যে সাহায্য করা
T0115,9-10-biology_secondary-2-140,2,স্পিন্ডল যন্ত্র,অংশ,দুই মেরু
T0116,9-10-biology_secondary-2-140,2,স্পিন্ডল যন্ত্রের দুই মেরুর মধ্যবর্তী স্থান,কারণ,ইকুয়েটর বা বিষুবীয় অঞ্চল
T0117,9-10-biology_secondary-2-141,2,স্পিন্ডল তন্তু,অবস্থান,মেরু থেকে অপর মেরু পর্যন্ত
T0118,9-10-biology_secondary-2-141,2,স্পিন্ডলযন্ত্রের কিছু তন্তু,অবস্থান,স্পিন্ডল তন্তু সাথে
T0119,9-10-biology_secondary-2-141,2,আকর্ষণ তন্তু,কারণ,স্পিন্ডলযন্ত্রের কিছু তন্তুর সাথে সংযুক্ত হয়
T0120,9-10-biology_secondary-2-141,2,ক্রোমোজোম,অবস্থান,স্পিন্ডলযন্ত্রের কিছু তন্তুর সাথে সংযুক্ত হয়
T0121,9-10-biology_secondary-2-141,2,ক্রোমোজোমাল তন্তু,কারণ,ক্রোমোজোমের সাথে এই তন্তুগুলি সংযুক্ত বলে
T0122,9-10-biology_secondary-2-141,2,ক্রোমোজোম,অবস্থান,বিষুবীয় অঞ্চলে বিন্যস্ত হতে থাকে
T0123,9-10-biology_secondary-2-141,2,নিউক্লিয়ার মেমব্রেন,অবস্থান,কোষের নিউক্লিয়াসে
T0124,9-10-biology_secondary-2-141,2,নিউক্লিওলাস,অবস্থান,কোষের নিউক্লিয়াসে
T0125,9-10-biology_secondary-2-141,2,প্রাণিকোষ,কাজ,স্পিন্ডল যন্ত্র সৃষ্টি ছাড়াও পূর্বে বিক্্ত সেন্ট্রিওল দুটি দুই মেরুতে অবস্থান করে
T0126,9-10-biology_secondary-2-141,2,সেন্ট্রিওল,অবস্থান,প্রাণিকোষে
T0127,9-10-biology_secondary-2-141,2,রশ্মি,কারণ,সেদ্ট্রিওল দুটির চারদিক থেকে বিচ্ছুরিত হয়
T0128,9-10-biology_secondary-2-141,2,আযাস্টার-রে,কারণ,রশ্মি বিচ্ছুরিত হয়
T0129,9-10-biology_secondary-2-143,2,সব ক্রোমোজোম সিপিন্ডল যন্ত্রের বিষুবীয় অঞ্চলে,অবস্থান,অবস্থান
T0130,9-10-biology_secondary-2-143,2,প্রতিটি ক্রোমোজোমের সেস্ট্রোমিয়ার বিষুবীয় অঞ্চলে,অবস্থান,অবস্থান
T0131,9-10-biology_secondary-2-143,2,প্রতিটি ক্রোমোজোমের বাহু দুটি,অবস্থান,মেরুমুখী হয়ে অবস্থান
T0132,9-10-biology_secondary-2-144,2,ক্রোমোটিড,অবস্থান,অপত্য ক্রোমোজোম
T0133,9-10-biology_secondary-2-144,2,অপত্য ক্রোমোজোম,কারণ,সেস্্রোমিয়ার থাকে
T0134,9-10-biology_secondary-2-144,2,অপত্য ক্রোমোজোম,কাজ,বিষুবীয় অঞ্চল থেকে পরস্পর বিপরীত মেরুর দিকে সরে যাওয়া
T0135,9-10-biology_secondary-2-145,2,অপত্য ক্রোমোজোম,অবস্থান,মেরু অভিমুখী চলনে সেস্ট্রোমিয়ার অগ্রগামী
T0136,9-10-biology_secondary-2-145,2,অপত্য ক্রোমোজোম,অবস্থান,বাত্ধদ্বয় অনুগামী
T0137,9-10-biology_secondary-2-145,2,ক্রোমোজোম,অবস্থান,"ছ, 1, ] বা 17-এর মতো আকার ধারণ"
T0138,9-10-biology_secondary-2-145,2,সেন্ট্রোমিয়ার,অবস্থান,অনুযায়ী ক্রোমোজোমগুলো আকার
T0139,9-10-biology_secondary-2-145,2,সেন্ট্রোমিয়ার,কারণ,ক্রোমোজোমগুলো আকার
T0140,9-10-biology_secondary-2-145,2,অপত্য ক্রোমোজোম,অবস্থান,স্পিন্ডলযন্ত্রের মেরুপ্রান্তে
T0141,9-10-biology_secondary-2-148,2,বিষুবীয় তলের জালিকার অংশগুলো,অবস্থান,টেলোফেজ পর্যায়ের শেষে বিষুবীয় তলে
T0142,9-10-biology_secondary-2-148,2,জালিকার অংশগুলো,কাজ,কোষপ্লেট গঠন
T0143,9-10-biology_secondary-2-148,2,সাইটোগ্লাজমিক অঙ্গাণুসমূহ,কাজ,সমবণ্টন
T0144,9-10-biology_secondary-2-148,2,কোষৰিল্লি,অবস্থান,স্পিন্ডলযন্ত্রের বিষুবীয় অঞ্চল বরাবর
T0145,9-10-biology_secondary-2-148,2,কোষৰিল্লি,কাজ,গভীরতর হয়ে একত্রে মিলিত হয়
T0146,9-10-biology_secondary-2-150,2,গিঁট,অবস্থান,সেন্ট্রোমিয়ারের মডেল
T0147,9-10-biology_secondary-2-150,2,বাহু,অংশ,চারটি
T0148,9-10-biology_secondary-2-150,2,বাহু,কাজ,ক্রোমাটিডের দৈর্ঘ্য সমান
T0149,9-10-biology_secondary-2-150,2,বাহু,অবস্থান,সেন্ট্রোমিয়ার থেকে
T0150,9-10-biology_secondary-2-16,2,ধাপ,অবস্থান,মাইটোকন্ড্রিয়ার মধ্যে
T0151,9-10-biology_secondary-2-16,2,শ্বসনের ধাপ,কাজ,ক্রেবস চক্রে অংশগ্রহণকারী উৎসেচক উপস্থিত থাকায় বিক্রিয়াগুলো মাইটোকন্ড্রিয়াতেই সম্পন্ন হয়
T0152,9-10-biology_secondary-2-16,2,ক্রেবস চক্রের ধাপ,কাজ,শত্তি উৎপাদন
T0153,9-10-biology_secondary-2-16,2,মাইটোকন্ডিয়া,কারণ,কোষের শত্তি উৎপাদন কেন্দ্র বা পাওয়ার হাউস বলা হয়
T0154,9-10-biology_secondary-2-18,2,প্লাস্টিড,কাজ,খাদ্য প্রস্তুত করা
T0155,9-10-biology_secondary-2-18,2,প্লাস্টিড,কাজ,খাদ্য সঞ্চয় করা
T0156,9-10-biology_secondary-2-18,2,প্লাস্টিড,কাজ,উদ্ভিদদেহকে বর্ণময় এবং আকর্ষণীয় করে পরাগায়নে সাহায্য করা
T0157,9-10-biology_secondary-2-18,2,ক্লোরোপ্লাস্ট,প্রকার,সবুজ রঙের প্লাস্টিড
T0158,9-10-biology_secondary-2-18,2,ক্লোরোপ্লাস্ট,কারণ,00100701850
T0159,9-10-biology_secondary-2-19,2,প্লীস্টিডের গ্রানা,অবস্থান,ঠঁ রাসায়নিক শত্তিত
T0160,9-10-biology_secondary-2-19,2,প্লীস্টিডের গ্রানা,কাজ,সূর্যালোককে আবদ্ধ করে
T0161,9-10-biology_secondary-2-19,2,আবদ্ধ সৌরশক্তি,অবস্থান,স্ট্রোমাতে
T0162,9-10-biology_secondary-2-19,2,উৎসেচক,অবস্থান,স্ট্রোমাতে
T0163,9-10-biology_secondary-2-21,2,রঙিন প্লাস্টিড,কাজ,"ফুল, পাতা এবং উদ্ভিদের অন্যান্য অংশ আকর্ষণীয় করার সাহায্য"
T0164,9-10-biology_secondary-2-21,2,রঙিন প্লাস্টিড,কাজ,পরাগায়নে সাহায্য
T0165,9-10-biology_secondary-2-26,2,এন্ডোপ্লাজমিক রেটিকুলাম,কাজ,প্রোটিন সংশ্লেষণের ঘটনার ঘটনার পথ
T0166,9-10-biology_secondary-2-26,2,এন্ডোপ্লাজমিক রেটিকুলাম,কারণ,কোষগহ্বর সৃষ্টিতে এসন্ডোপ্লাজমিক রেটিকুলামের গুরুত্বপূর্ণ ভূমিকা রয়েছে
T0167,9-10-biology_secondary-2-26,2,এন্ডোপ্লাজমিক রেটিকুলাম,প্রতিরোধ,প্লাজমা মেমব্রেনের সাথে যুক্ত থাকে
T0168,9-10-biology_secondary-2-27,2,কোষগহ্বর,অবস্থান,কোষের মধ্যে
T0169,9-10-biology_secondary-2-27,2,কোষগহ্বর,কাজ,কোষরস ধারণ
T0170,9-10-biology_secondary-2-27,2,কোষগহ্বর,প্রকার,বৃহৎ কোষণগহ্র
T0171,9-10-biology_secondary-2-27,2,কোষগহ্বর,প্রকার,"অজৈব লবণ, রঞ্জক পদার্থ, পানি"
T0172,9-10-biology_secondary-2-29,2,লাইসোজোমের পর্দা,কারণ,অঙ্গাগুলো নষ্ট হয়ে যায়
T0173,9-10-biology_secondary-2-29,2,অঙ্গাগুলো,কারণ,কোষটিই মারা যায়
T0174,9-10-biology_secondary-2-30,2,কোষকঙ্কাল,কারণ,কোষটিকে ধরে রাখে
T0175,9-10-biology_secondary-2-30,2,কোষকঙ্কাল,অংশ,অসংখ্য দড়ির মতো বস্তু
T0176,9-10-biology_secondary-2-30,2,কোষকঙ্কাল,কাজ,কোষের চারদিকে জালের মতো ছড়িয়ে রয়েছে
T0177,9-10-biology_secondary-2-30,2,কোষকঙ্কাল,সংজ্ঞা,লম্বা এবং মোটা-চিকন মিলিয়ে
T0178,9-10-biology_secondary-2-32,2,রাইবোজোম,অবস্থান,প্রাণী এবং উদ্ভিদ কোষে
T0179,9-10-biology_secondary-2-32,2,রাইবোজোম,কাজ,প্রোটিন সংশ্লেষণে সাহায্য
T0180,9-10-biology_secondary-2-32,2,রাইবোজোম,কাজ,উৎসেচক সরবরাহ
T0181,9-10-biology_secondary-2-32,2,উৎসেচক,কাজ,প্রাণরাসায়নিক বিক্রিয়ার গতি বাড়িয়ে দেওয়া
T0182,9-10-biology_secondary-2-32,2,মাইটোকন্ডরিয়ার ম্যাট্রিক,অবস্থান,রাইবোজোম
T0183,9-10-biology_secondary-2-32,2,প্লাস্টিডের স্ট্রোমাত,অবস্থান,রাইবোজোম
T0184,9-10-biology_secondary-2-32,2,রাইবোজোম,অবস্থান,এঁ অঙ্গাণুসমূহের ডিএনএ-এর সংকেত অনুযায়ী প্রোটিন সংশ্লেষণে অংশ নেয়
T0185,9-10-biology_secondary-2-32,2,ব্যাকটেরিয়া কোষের সাইটোপ্লাজমে,অবস্থান,রাইবোজোম
T0186,9-10-biology_secondary-2-32,2,রাইবোজোম,কাজ,প্রোটিন সংশ্লেষণ
T0187,9-10-biology_secondary-2-33,2,অঙ্গাণু,অবস্থান,সেন্ট্রিওলের চারপাশে
T0188,9-10-biology_secondary-2-33,2,সেন্ট্রোল,অবস্থান,সেন্ট্রোজোমে
T0189,9-10-biology_secondary-2-33,2,সেন্ট্রোক্ষিয়া,অবস্থান,সেন্ট্রোলের চারপাশে
T0190,9-10-biology_secondary-2-33,2,সেস্ট্রোক্ফিয়া,অবস্থান,সেন্ট্রোলের চারপাশে
T0191,9-10-biology_secondary-2-33,2,সেন্ট্রোজোম,কাজ,কোষ বিভাজনের চিত্র
T0192,9-10-biology_secondary-2-34,2,ফ্লাজেলা,অংশ,বিভিন্ন ধরনের
T0193,9-10-biology_secondary-2-35,2,নিউক্লিয়াস,অবস্থান,রক্তকোষে
T0194,9-10-biology_secondary-2-35,2,নিউক্লিয়াস,কাজ,বিপাকীয় কার্যাবলি নিয়ন্ত্রণ
T0195,9-10-biology_secondary-2-35,2,নিউক্লিয়াস,প্রকার,বংশগতির বৈশিষ্ট্য নিহিত
T0196,9-10-biology_secondary-2-35,2,নিউক্লিয়ার ঝিল্লি,অবস্থান,নিউক্লিয়াসকে ঘিরে
T0197,9-10-biology_secondary-2-35,2,নিউক্লিয়ার ঝিল্লি,কারণ,নিউক্লিয়াস এবং সাইটোগ্লাজমের মধ্যে বস্তু চলাচল নিয়ন্ত্রণ
T0198,9-10-biology_secondary-2-35,2,নিউক্লিয়ার ঝিল্লি,কারণ,নিউক্লিয়াস এবং সাইটোগ্লাজমের মধ্যে বস্তু পৃথক রাখা
T0199,9-10-biology_secondary-2-35,2,নিউক্লিওপ্লাজম,কারণ,নিউক্লিয়াসের বস্তু রস
T0200,9-10-biology_secondary-2-36,2,নিউক্লিওলাস,অবস্থান,নিউক্লিওপ্লাজমের মধ্যে
T0201,9-10-biology_secondary-2-36,2,নিউক্লিওলাস,কাজ,"চা, ও প্রোটিন দিয়ে তৈরি হয়"
T0202,9-10-biology_secondary-2-36,2,নিউক্লিওলাস,কাজ,রাইবোজোম সংশ্লেষণ করে
T0203,9-10-biology_secondary-2-37,2,ক্রোমাটিন,কাজ,জেনেটিক বৈশিষ্ট্যসমূহ বংশপরম্পরায় সঞ্চারিত হওয়ার মাধ্যম হিসেবে কাজ করে
T0204,9-10-biology_secondary-2-37,2,ক্রোমাটিন,অবস্থান,কোষের নিউক্লিয়াসে
T0205,9-10-biology_secondary-2-38,2,তন্ভুগুলো,কারণ,একসাথে ক্রোমাটিন জালিকা খুলে যায়
T0206,9-10-biology_secondary-2-38,2,ক্রোমাটিনগুলো,কাজ,আরো মোটা হয়
T0207,9-10-biology_secondary-2-38,2,ক্রোমাটিনগুলো,কারণ,একটি বাহু আলাদা আলাদা কাঠামো হিসেবে চিহ্নিত করা সম্ভব
T0208,9-10-biology_secondary-2-39,2,ক্রোমোজোম,অংশ,ক্রোমাটিড
T0209,9-10-biology_secondary-2-39,2,ক্রোমাটিড,অংশ,সেস্ট্রোমিয়ার
T0210,9-10-biology_secondary-2-39,2,সেস্ট্রোমিয়ার,অবস্থান,ক্রোমাটিডের (প্রায়) মধ্যবর্তী অংশ
T0211,9-10-biology_secondary-2-39,2,ক্রোমাটিড,অংশ,তার দুটি বাহু
T0212,9-10-biology_secondary-2-39,2,সেস্ট্রোমিয়ার,অবস্থান,ক্রোমাটিডের উভয় পাশে
T0213,9-10-biology_secondary-2-39,2,কাইনেটোকোর,কাজ,সেস্ট্রোমিয়ারের যে অংশে স্পিন্ডল যন্ত্রের মাইক্রোটিউবিউল এসে যুক্ত হয়
T0214,9-10-biology_secondary-2-40,2,কাজ,প্রকার,উদ্ভিদ ও প্রাণীর কাজ
T0215,9-10-biology_secondary-2-41,2,এককোষী প্রাণী,কাজ,"দেহের সব ধরনের ক্রিয়াকলাপ-খাদ্যগ্রহণ, দেহের বৃদ্ধি ও প্রজনন"
T0216,9-10-biology_secondary-2-42,2,কোষ,অংশ,একত্রিত হয় এবং একই কাজ করে
T0217,9-10-biology_secondary-2-42,2,টিস্যু,প্রকার,তিন ধরনের
T0218,9-10-biology_secondary-2-42,2,টিস্যু,প্রকার,সরল টিস্যু
T0219,9-10-biology_secondary-2-42,2,টিস্যু,প্রকার,জটিল টিস্যু
T0220,9-10-biology_secondary-2-43,2,সরল টিস্যু,অবস্থান,স্থায়ী টিস্যুর প্রতিটি কোষ
T0221,9-10-biology_secondary-2-43,2,সরল টিস্যু,প্রকার,প্যারেনকাইমা
T0222,9-10-biology_secondary-2-43,2,সরল টিস্যু,প্রকার,কোলেনকাইমা
T0223,9-10-biology_secondary-2-43,2,সরল টিস্যু,প্রকার,স্কেরেনকাইমা
T0224,9-10-biology_secondary-2-46,2,ফ্লুরেনকাইমা টিস্যু,অবস্থান,কোষগুলোতে
T0225,9-10-biology_secondary-2-46,2,ফ্লুরেনকাইমা টিস্যু,কাজ,দুই ধরনের কোষ প্রদান করা
T0226,9-10-biology_secondary-2-46,2,ফাইবার,কাজ,উদ্ভিদদেহে দৃঢ়তা প্রদান এবং পানি ও খনিজ লবণ পরিবহণ
T0227,9-10-biology_secondary-2-46,2,ফাইবার,অবস্থান,কোষগুলোতে
T0228,9-10-biology_secondary-2-46,2,ফাইবার,অবস্থান,প্রাচীরের গায়ে ছিদ্র থাকে
T0229,9-10-biology_secondary-2-46,2,সক্কেরাইড,কাজ,"খাটো, সমব্যাসীয়, কখনো লম্বাটে আবার কখনো তারকাকার হতে পারে"
T0230,9-10-biology_secondary-2-46,2,সক্কেরাইড,অবস্থান,"কোষপ্রাচীর খুবই শত্ত, অত্যন্ত পুরু এবং লিগনিনযুক্ত"
T0231,9-10-biology_secondary-2-46,2,সক্কেরাইড,অবস্থান,পরিণত সাধারণত মৃত থাকে এবং এদের কোষপ্রাচীর কূপযুন্ত হয়
T0232,9-10-biology_secondary-2-47,2,কর্টেক্স,অংশ,স্কেরাইড টিস্যু
T0233,9-10-biology_secondary-2-47,2,ফল,অংশ,স্কেরাইড টিস্যু
T0234,9-10-biology_secondary-2-47,2,বীজ,অংশ,স্কেরাইড টিস্যু
T0235,9-10-biology_secondary-2-47,2,বহিঃত্বক জাইলেম,অবস্থান,পত্রবৃন্তে
T0236,9-10-biology_secondary-2-47,2,ফ্লোয়েম,অবস্থান,পত্রবৃন্তে
T0237,9-10-biology_secondary-2-47,2,কোষগুচ্ছ,অবস্থান,পত্রবৃন্তে
T0238,9-10-biology_secondary-2-48,2,উদ্ভিদের পরিবহণ টিস্যুগুচ্ছ,প্রকার,জাইলেম এবং ফ্লোয়েম
T0239,9-10-biology_secondary-2-49,2,জাইলেম,প্রকার,প্রাথমিক ও গৌণ বা সেকেন্ডারি জাইলেম
T0240,9-10-biology_secondary-2-5,2,প্রকৃত কোষ,অংশ,নিউক্লিয়াস
T0241,9-10-biology_secondary-2-5,2,প্রকৃত কোষ,কাজ,নিউক্লিও-বস্তু পরিবেন্টিত ও সুসংগঠিত
T0242,9-10-biology_secondary-2-5,2,প্রকৃত কোষ,অংশ,রাইবোজোম
T0243,9-10-biology_secondary-2-5,2,প্রকৃত কোষ,অংশ,সকল অঙ্গাণু
T0244,9-10-biology_secondary-2-5,2,ক্রোমোজোম,অংশ,প্রোটিন
T0245,9-10-biology_secondary-2-5,2,ক্রোমোজোম,অংশ,হিস্টোন
T0246,9-10-biology_secondary-2-5,2,ক্রোমোজোম,অংশ,অন্যান্য উপাদান
T0247,9-10-biology_secondary-2-50,2,ট্রাকিড,অবস্থান,প্রাথমিক অবস্থায় প্রোটোজাইলেম এবং পরিণত অবস্থায় মেটাজাইলেমে
T0248,9-10-biology_secondary-2-52,2,কোষ,অংশ,চোঙের মতো
T0249,9-10-biology_secondary-2-52,2,কোষগুলো,অবস্থান,একটির মাথায় আরেকটি সজ্জিত
T0250,9-10-biology_secondary-2-52,2,প্রান্তীয় প্রাচীর,অবস্থান,গলে গিয়ে একটি দীর্ঘ চিত্র
T0251,9-10-biology_secondary-2-52,2,কোষরস,কাজ,সৃষ্টি করে
T0252,9-10-biology_secondary-2-53,2,ভেসেল,অবস্থান,ভেসেলের প্রাচীর
T0253,9-10-biology_secondary-2-53,2,ভেসেল,কারণ,প্রোটোপ্লাজমবিহীন হয়
T0254,9-10-biology_secondary-2-53,2,ভেসেল,কাজ,উপরে ওঠার জন্য একটি সরু পথ সৃষ্টি হয়ে যায়
T0255,9-10-biology_secondary-2-53,2,ভেসেল,কারণ,বৃক্ষ বা আরোহী উদ্ভিদে আরও অনেক লম্বা হতে পারে
T0256,9-10-biology_secondary-2-54,2,উদ্ভিদ,কাজ,পানি এবং খনিজ লবণ পরিবহণ
T0257,9-10-biology_secondary-2-54,2,উদ্ভিদ,কাজ,অঙ্গকে দৃঢ়তা প্রদান
T0258,9-10-biology_secondary-2-55,2,জাইলেম প্যারেনকাইমা,অবস্থান,জাইলেম
T0259,9-10-biology_secondary-2-55,2,প্যারেনকাইমা,কাজ,খাদ্য সঞ্চয় এবং পানি পরিবহণ
T0260,9-10-biology_secondary-2-55,2,প্রাচীর,সংজ্ঞা,পুরু বা পাতলা
T0261,9-10-biology_secondary-2-55,2,প্রাইমারি জাইলেমে অবস্থিত প্যারেনকাইমার কোষ,প্রকার,পাতলা প্রাচীরযুত
T0262,9-10-biology_secondary-2-55,2,সেকেন্ডারি জাইলেমে প্যারেনকাইমা,প্রকার,পুরু প্রাচীরযুত
T0263,9-10-biology_secondary-2-56,2,জাইলেম ফাইবার,অবস্থান,জাইলেম
T0264,9-10-biology_secondary-2-56,2,জাইলেম ফাইবার,কাজ,পানি ও খনিজ পদার্থ পরিবহণ
T0265,9-10-biology_secondary-2-56,2,জাইলেম ফাইবার,কাজ,খাদ্য সঞ্চয়
T0266,9-10-biology_secondary-2-56,2,জাইলেম ফাইবার,কাজ,উদ্ভিদকে যান্ত্রিক শাস্তি আর দৃঢ়তা প্রদান
T0267,9-10-biology_secondary-2-57,2,ফ্লোয়েম,কাজ,জাইলেমের সাথে একত্রে পরিবহণ টিস্যুগুচ্ছ তৈরি করা
T0268,9-10-biology_secondary-2-57,2,ফ্লোয়েম টিস্যু,অংশ,"সিভনল, সঙ্গীকোষ, ফ্লোয়েম প্যারেনকাইমা, ফ্লোয়েম তন্তু"
T0269,9-10-biology_secondary-2-58,2,সিভকোষ,অংশ,ফ্লোয়েম টিস্যু
T0270,9-10-biology_secondary-2-58,2,সিভকোষ,কাজ,খাদ্য পরিবহনের নল
T0271,9-10-biology_secondary-2-58,2,সিভনল,অংশ,ফ্লোয়েম টিস্যু
T0272,9-10-biology_secondary-2-59,2,সঙ্গীকোষ,অবস্থান,একটি করে প্যারেনকাইমা জাতীয় কোষে
T0273,9-10-biology_secondary-2-59,2,জীবকোষ ও টিস্যু,কাজ,নিউক্লিয়াস সিভকোষের কার্যাবলি কিছু পরিমাণে হলেও নিয়ন্ত্রণ করে
T0274,9-10-biology_secondary-2-6,2,দেহকোষ,কাজ,বহুকোষী জীবের দেহ গঠনে অংশগ্রহণ করা
T0275,9-10-biology_secondary-2-6,2,দেহকোষ,কাজ,মাইটোসিস পদ্ধতিতে বিভাজনের মাধ্যমে বিভাজিত হওয়া
T0276,9-10-biology_secondary-2-6,2,দেহকোষ,কাজ,বিভিন্ন তন্ত্র ও অঙ্গ-প্রত্যঙ গঠনে অংশ নেওয়া
T0277,9-10-biology_secondary-2-60,2,ফ্লোয়েম প্যারেনকাইমা,অবস্থান,ফ্লোয়েম টিস্যু
T0278,9-10-biology_secondary-2-60,2,ফ্লোয়েম প্যারেনকাইমা,কাজ,খাদ্য সঞ্চয় এবং খাদ্য পরিবহণে সহায়তা
T0279,9-10-biology_secondary-2-60,2,ফ্লোয়েম প্যারেনকাইমা,প্রকার,সাধারণ প্যারেনকাইমার মতো পাতলা কোষণপ্রাচীরযুক্ত এবং প্রোটোপ্লাজমযুন্ত
T0280,9-10-biology_secondary-2-63,2,কোষ,অবস্থান,কোনো বিশেষ কাজে নিয়োজিত
T0281,9-10-biology_secondary-2-63,2,কোষ,কাজ,সমন্টিগতভাবে একটা কাজে নিয়োজিত
T0282,9-10-biology_secondary-2-63,2,কোষ,অবস্থান,একটা ধরনের কিছুসংখ্যক কোষ
T0283,9-10-biology_secondary-2-63,2,কোষ,অবস্থান,জীবদেহের কোনো নির্দি্ট স্থানে
T0284,9-10-biology_secondary-2-63,2,কোষ,কাজ,সমন্টিগতভাবে টিস্যু তৈরি করা
T0285,9-10-biology_secondary-2-65,2,শ্বেত রক্তকণিকা,কাজ,দেহের রোগ প্রতিরোধ
T0286,9-10-biology_secondary-2-65,2,রক্তের অণুচক্রিকা কোষ,কাজ,শরীরের কেটে যাওয়া অংশ থেকে রক্তক্ষরণ বন্ধ করতে সাহায্য
T0287,9-10-biology_secondary-2-65,2,শরীরের ত্বকীয় কোষ,কাজ,শরীরের আবরণ দেওয়া
T0288,9-10-biology_secondary-2-65,2,শরীরের ত্বকীয় কোষ,কাজ,শরীরের অবস্থানভেদে বিভিন্ন কাজ করতে থাকে
T0289,9-10-biology_secondary-2-65,2,মাথার ত্বকীয় কোষ,কাজ,চুল গজিয়ে থাকে
T0290,9-10-biology_secondary-2-65,2,শরীরের ত্বকের ঘাম নির্গমনকারী কোষ,কাজ,নির্দি্ট স্থানে ঘাম
T0291,9-10-biology_secondary-2-66,2,প্রাণিটিস্যু,প্রকার,চার ধরনের
T0292,9-10-biology_secondary-2-67,2,অবরণী টিস্যু,কাজ,অঙ্গকে আবৃত রাখা
T0293,9-10-biology_secondary-2-67,2,অবরণী টিস্যু,কাজ,সেটিকে বাইরের আঘাত থেকে রক্ষা
T0294,9-10-biology_secondary-2-67,2,অবরণী টিস্যু,কাজ,প্রোটিনসহ বিভিন্ন পদার্থ ক্ষরণ বা নিঃসরণ
T0295,9-10-biology_secondary-2-67,2,অবরণী টিস্যু,কাজ,বিভিন্ন পদার্থ শোষণ
T0296,9-10-biology_secondary-2-67,2,অবরণী টিস্যু,কাজ,কোষীয় স্তর পেরিয়ে সুনির্দিষ্ট পদার্থের পরিবহণ
T0297,9-10-biology_secondary-2-68,2,আবরণী টিস্যুর কোষ,অবস্থান,ভিত্তিপর্দার উপর বিন্যস্ত
T0298,9-10-biology_secondary-2-68,2,আবরণী টিস্যুর কোষ,কাজ,আবরণ ছাড়াও ছাঁকনির কাজ করে
T0299,9-10-biology_secondary-2-69,2,কিউবয়ডাল আবরণী টিস্যু,অংশ,ঘনাকার বা কিউব আকৃতির কোষ
T0300,9-10-biology_secondary-2-69,2,কিউবয়ডাল আবরণী টিস্যু,কাজ,পরিশোষণ এবং আবরণ
T0301,9-10-biology_secondary-2-7,2,জননকোষ,অবস্থান,মিয়োসিস পদ্ধতিতে জনন মাতৃকোষে
T0302,9-10-biology_secondary-2-7,2,জননকোষ,কাজ,জনন মাতৃকোষের বিভাজন ঘটাতে এবং জনন কোষ উৎপন্ন করাতে
T0303,9-10-biology_secondary-2-7,2,অপত্য,কাজ,জনন মাতৃকোষের ক্রোমোজোম সংখ্যার অর্ধেক থাকাতে
T0304,9-10-biology_secondary-2-7,2,জননকোষ,কারণ,পুং ও স্ত্রী জননকোষ মিলিত
T0305,9-10-biology_secondary-2-70,2,কোষ,কাজ,"ক্ষরণ, রক্ষণ এবং শোষণের কাজ করা"
T0306,9-10-biology_secondary-2-71,2,সাধারণ আবরণী টিস্যু,অবস্থান,ভিত্তিপর্দার উপর
T0307,9-10-biology_secondary-2-71,2,কোষসমূহ,অংশ,সজ্জিত
T0308,9-10-biology_secondary-2-72,2,স্ট্র্যাটিফাইড আবরণী টিস্যু,প্রকার,ভিত্তিপর্দার উপর কোষগুলো একাধিক স্তরে সজ্জিত
T0309,9-10-biology_secondary-2-72,2,স্ট্র্যাটিফাইড আবরণী টিস্যু,প্রকার,মিনিটের মধ্যে পান্টে যেতে পারে-কখনো দেখা যায় তিন-চারটি স্তর
T0310,9-10-biology_secondary-2-72,2,স্ট্র্যাটিফাইড আবরণী টিস্যু,প্রকার,পরক্ষণেই দেখা যায় সাত-আটটি স্তর
T0311,9-10-biology_secondary-2-72,2,স্ট্র্যাটিফাইড আবরণী টিস্যু,কাজ,ট্রানজিশনাল আবরণী
T0312,9-10-biology_secondary-2-72,2,ট্রানজিশনাল আবরণী,প্রতিরোধ,মেরুদণ্ডী প্রাণীদের ত্বক
T0313,9-10-biology_secondary-2-73,2,সিউডোস্স্র্যাটিফাইড আবরণী টিস্যু,অংশ,ভিত্তিপর্দার উপর এক স্তরে বিন্যস্ত
T0314,9-10-biology_secondary-2-73,2,কোষগুলো,কারণ,কোষণুলো বিভিন্ন উচ্চতার হওয়া
T0315,9-10-biology_secondary-2-74,2,সিলিয়াযুক্ত আবরণী টিস্যু,অবস্থান,মেরুদণ্ডী প্রাণীদের শ্বাসনালির প্রাচীরে
T0316,9-10-biology_secondary-2-74,2,ফ্লাজেলাযুক্ত আবরণী টিস্যু,অবস্থান,হাইড্রার এন্ডোডার্মে
T0317,9-10-biology_secondary-2-74,2,ক্ষণপদযুত্ত আবরণী টিস্যু,অবস্থান,হাইড্রার এন্ডোডার্মে এবং মেরুদণ্ডী প্রাণীদের অন্তরে
T0318,9-10-biology_secondary-2-74,2,জনন অঙ্গের আবরণী টিস্যু,কাজ,শুক্রাণু এবং ডিম্বাণু কোষ উৎপন্ন করে এবং প্রজাতির ধারা অক্ষুণ্ন রাখে
T0319,9-10-biology_secondary-2-75,2,আবরণী টিস্যু,কাজ,বিভিন্ন ধরনের রস নিঃসরণ
T0320,9-10-biology_secondary-2-75,2,আবরণী টিস্যু,কাজ,অঙ্গের বা নালির ভিতরের ও বাইরের অংশ তৈরি করা
T0321,9-10-biology_secondary-2-75,2,আবরণী টিস্যু,কাজ,রক্ষণ
T0322,9-10-biology_secondary-2-75,2,আবরণী টিস্যু,কাজ,ক্ষরণ
T0323,9-10-biology_secondary-2-75,2,আবরণী টিস্যু,কাজ,শোষণ
T0324,9-10-biology_secondary-2-75,2,আবরণী টিস্যু,কাজ,ব্যাপন
T0325,9-10-biology_secondary-2-75,2,আবরণী টিস্যু,কাজ,পরিবহণ
T0326,9-10-biology_secondary-2-75,2,আবরণী টিস্যু,অবস্থান,রূপান্তরিত হয়ে গ্রন্থি টিস্যু এবং জনন টিস্যুতে পরিণত হয়
T0327,9-10-biology_secondary-2-76,2,ফাইব্রাস যোজক টিস্যু,অবস্থান,দেহত্বকের নিচে পেশির মধ্যে
T0328,9-10-biology_secondary-2-77,2,স্কেলিটাল যোজক টিস্যু,অবস্থান,দেহের অভ্যন্তরীণ কাঠামো
T0329,9-10-biology_secondary-2-77,2,স্কেলিটাল যোজক টিস্যু,কাজ,দেহকে নির্দিষ্ট আকৃতি এবং দৃঢ়তা দেয়
T0330,9-10-biology_secondary-2-77,2,স্কেলিটাল যোজক টিস্যু,কাজ,অঙ্গ সঞ্চালন এবং চলনে সহায়তা করে
T0331,9-10-biology_secondary-2-77,2,স্কেলিটাল যোজক টিস্যু,কাজ,"মস্তিষ্ক, মেরুরজ্জু, ফুসফুস, হৃৎপিপ্ড- এরকম দেহের নরম ও নাজুক অঙ্গাগুলোকে রক্ষা করে"
T0332,9-10-biology_secondary-2-77,2,স্কেলিটাল যোজক টিস্যু,কাজ,বিভিন্ন ধরনের রক্তকণিকা উৎপাদন করে
T0333,9-10-biology_secondary-2-77,2,স্কেলিটাল যোজক টিস্যু,কাজ,এঁচ্ছিক পেশিগুলোর সংযুক্তির ব্যবস্থা করে
T0334,9-10-biology_secondary-2-77,2,স্কেলিটাল যোজক টিস্যু,প্রকার,দুধরনের
T0335,9-10-biology_secondary-2-79,2,তরল টিস্যুর মাতৃকা,অবস্থান,মাতৃকায়
T0336,9-10-biology_secondary-2-79,2,তরল টিস্যুর প্রধান কাজ,কাজ,"দেহের অভ্যন্তরে বিভিন্ন দ্রব্যাদি পরিবহণ করা, রোগ প্রতিরোধ করা এবং রক্ত জমাট বাঁধায়"
T0337,9-10-biology_secondary-2-79,2,তরল যোজক টিস্যু,প্রকার,দুই ধরনের
T0338,9-10-biology_secondary-2-79,2,তরল যোজক টিস্যু,কাজ,রক্ত এবং লসিকা
T0339,9-10-biology_secondary-2-8,2,জাইগোট,অবস্থান,জাইগোট (75800866)
T0340,9-10-biology_secondary-2-8,2,জাইগোট,কাজ,জীবদেহ গঠন
T0341,9-10-biology_secondary-2-8,2,প্রকৃত কোষী,প্রকার,উচ্চশ্রেণির উদ্ভিদ ও প্রাণী
T0342,9-10-biology_secondary-2-80,2,রক্ত,কাজ,অভ্যন্তরীণ পরিবহণ
T0343,9-10-biology_secondary-2-80,2,রক্ত,কাজ,তাপমাত্রার ভারসাম্য রক্ষা
T0344,9-10-biology_secondary-2-80,2,রক্তরস,অংশ,পানি
T0345,9-10-biology_secondary-2-80,2,রক্তরস,অংশ,জৈব ও অজৈব পদার্থ
T0346,9-10-biology_secondary-2-80,2,হিমোগ্লোবিন,কাজ,অক্সিজেনের সঙ্গে যুক্ত হয়ে অক্সিহিমোগ্লোবিন যৌগ গঠন করে এবং অক্সিজেন পরিবহণ করে
T0347,9-10-biology_secondary-2-80,2,শ্বেত রক্তকোষ,কাজ,জীবাণু ধ্বংস করে দেহের প্রকৃতিগত আত্মরক্ষায় অংশ নেয়
T0348,9-10-biology_secondary-2-81,2,রক্তকোষ,অংশ,বিভিন্ন ধরনের
T0349,9-10-biology_secondary-2-82,2,লসিকা,অংশ,কিছু রোগপ্রতিরোধী কোষ
T0350,9-10-biology_secondary-2-83,2,পেশিকোষণ,কারণ,"সরু, লম্বা এবং তন্তুময়"
T0351,9-10-biology_secondary-2-84,2,পেশি,প্রকার,তিন ধরনের
T0352,9-10-biology_secondary-2-84,2,পেশি,অবস্থান,অভ্যন্তরীণ
T0353,9-10-biology_secondary-2-84,2,পেশি,কাজ,পরিবহণ
T0354,9-10-biology_secondary-2-85,2,ইচ্ছানুযায়ী সংকুচিত বা প্রসারিত হয়,কাজ,"পেশিটিস্যুর কোষগুলো নলাকার, শাখাবিহীন ও আড়াআড়ি ডোরাযুক্ত হয়"
T0355,9-10-biology_secondary-2-85,2,ইচ্ছানুযায়ী সংকুচিত বা প্রসারিত হয়,কাজ,এদের সাধারণত একাধিক নিউক্লিয়াস থাকে
T0356,9-10-biology_secondary-2-85,2,ইচ্ছানুযায়ী সংকুচিত বা প্রসারিত হয়,কাজ,এই পেশি দ্রুত সংকুচিত এবং প্রসারিত হতে পারে
T0357,9-10-biology_secondary-2-85,2,ইচ্ছানুযায়ী সংকুচিত বা প্রসারিত হয়,অবস্থান,অস্থিতন্ত্রের সংলগ্ন থাকায় একে কঙ্কালপেশিও বলে
T0358,9-10-biology_secondary-2-86,2,মসৃণ পেশি,অবস্থান,টিস্যুর সংকোচন ও প্রসারণ
T0359,9-10-biology_secondary-2-86,2,অনৈচ্ছিক পেশি,অবস্থান,"রক্তনালি, পৌন্টিকনালি ইত্যাদির প্রাচীরে"
T0360,9-10-biology_secondary-2-86,2,অনৈচ্ছিক পেশি,কাজ,দেহের অভ্যন্তরীণ অঙ্গাদির সঞ্চালনে অংশ নেয়
T0361,9-10-biology_secondary-2-88,2,স্নায়ুকোষ,অংশ,স্নায়ু টিস্যু
T0362,9-10-biology_secondary-2-88,2,জীবকোষ,অংশ,স্নায়ু টিস্যু
T0363,9-10-biology_secondary-2-89,2,নিউরন,অংশ,কোষদেহ
T0364,9-10-biology_secondary-2-89,2,নিউরন,অংশ,প্রলম্বিত অংশ
T0365,9-10-biology_secondary-2-89,2,প্রলম্বিত অংশ,প্রকার,আ্যাক্সন এবং ডেনড্রাইট
T0366,9-10-biology_secondary-2-89,2,শয়নাতিয়ার্রের পন,অবস্থান,নিউরন কোষে
T0367,9-10-biology_secondary-2-9,2,কোষ,অংশ,কোষপ্রাচীর
T0368,9-10-biology_secondary-2-91,2,ডেনড্রন,অংশ,প্রলম্বিত অংশ
T0369,9-10-biology_secondary-2-91,2,ডেনড্রাইট,অংশ,প্রলম্বিত অংশ
T0370,9-10-biology_secondary-2-91,2,লম্বা স্নায়ুতন্তু,অংশ,নিউরনের কোষদেহ
T0371,9-10-biology_secondary-2-91,2,আ্যাক্সন,অংশ,লম্বা স্নায়ুতন্তু
T0372,9-10-biology_secondary-2-91,2,সিন্যাপস,কারণ,$দ118056
T0373,9-10-biology_secondary-2-91,2,সিন্যাপস,কাজ,উদ্দীপনা পরবর্তী নিউরনে পরিবাহিত
T0374,9-10-biology_secondary-2-91,2,স্নায়ুটিস্যু,কাজ,উদ্দীপনা গ্রহণ করে মস্তিষ্কে প্রেরণ করে এবং মস্তিষ্ক তাতে সাড়া দেয়
T0375,9-10-biology_secondary-2-91,2,স্নায়ুটিস্যু,কারণ,4০1001156
T0376,9-10-biology_secondary-2-91,2,স্নায়ুটিস্যু,কাজ,দেহের বিভিন্ন অঙ্গের কাজ নিয়ন্ত্রণ এবং তাদের মধ্যে সমন্বয় সাধন
T0377,9-10-biology_secondary-2-94,2,বাহ্যিক অঙ্গ,অবস্থান,"চোখ, কান, নাক, হাত, পা, মাথা"
T0378,9-10-biology_secondary-2-94,2,অভ্যন্তরীণ অঙ্গ,অবস্থান,"পাকস্থলী, ডিওডেনাম, ইলিয়াম, মলাশয়, হৃৎপিণ্ড, যকৃৎ, অগ্মযাশয়, প্লীহা, ফুসফুস, বৃক্ক, শুক্রাশয়, ডিম্বাশয়"
T0379,9-10-biology_secondary-2-96,2,খাদ্যগ্রহণ,অংশ,পরিপাকতন্দ্র
T0380,9-10-biology_secondary-2-96,2,পরিপাকতন্দ্র,অংশ,পৌষ্টিক নালি
T0381,9-10-biology_secondary-2-96,2,পরিপাকতন্দ্র,অংশ,পৌষ্টিক গ্রন্থি
T0382,9-10-biology_secondary-2-96,2,পৌষ্টিক নালি,অংশ,মুখছিদ্র
T0383,9-10-biology_secondary-2-96,2,পৌষ্টিক নালি,অংশ,মুখগহ্বর
T0384,9-10-biology_secondary-2-96,2,পৌষ্টিক নালি,অংশ,গলবিল
T0385,9-10-biology_secondary-2-96,2,পৌষ্টিক নালি,অংশ,অশ্ননালি
T0386,9-10-biology_secondary-2-96,2,পৌষ্টিক নালি,অংশ,পাকস্থলী
T0387,9-10-biology_secondary-2-96,2,পৌষ্টিক নালি,অংশ,ডিওডেনাম
T0388,9-10-biology_secondary-2-96,2,পৌষ্টিক নালি,অংশ,ইলিয়াম
T0389,9-10-biology_secondary-2-96,2,পৌষ্টিক নালি,অংশ,রেকটাম
T0390,9-10-biology_secondary-2-96,2,পৌষ্টিক নালি,অংশ,মলাশয়
T0391,9-10-biology_secondary-2-96,2,পৌষ্টিক নালি,অংশ,পায়ুছিদ্র
T0392,9-10-biology_secondary-2-96,2,মানুষের লালাগ্রন্থি,অবস্থান,পৌষ্টিক গ্রন্থি
T0393,9-10-biology_secondary-2-96,2,মানুষের লালাগ্রন্থি,কাজ,খাদ্য পরিপাকে সহায়তা
T0394,9-10-biology_secondary-2-96,2,যকৃৎ,অবস্থান,পৌষ্টিক গ্রন্থি
T0395,9-10-biology_secondary-2-96,2,যকৃৎ,কাজ,খাদ্য পরিপাকে সহায়তা
T0396,9-10-biology_secondary-2-96,2,অগ্ন্যাশয়,অবস্থান,পৌষ্টিক গ্রন্থি
T0397,9-10-biology_secondary-2-96,2,অগ্ন্যাশয়,কাজ,খাদ্য পরিপাকে সহায়তা
T0398,9-10-biology_secondary-2-97,2,মানুষের শ্বসনতন্দ্র,কাজ,পরিবেশ থেকে গৃহীত অক্সিজেনের সাহায্যে মানুষের দেহের সঞ্চিত খাদ্য থেকে জারণ প্রক্রিয়ায় শক্তি উৎপাদন করা এবং দেহের দৈনন্দিন কাজে সহায়তা করা
T0399,9-10-biology_secondary-2-98,2,স্নায়ূতন্ত্র,অংশ,"মস্তিষ্ক, সুষুন্নাকাণ্ড এবং করোটিক য়ায়ু"
T0400,9-10-biology_secondary-2-98,2,স্নায়ুতন্ত্র,অংশ,স্বয়ংক্রিয় স্নায়ুতন্দর
T0401,9-10-biology_secondary-2-99,2,রেচনতন্ত্র,অংশ,একজোড়া বৃক্ক
T0402,9-10-biology_secondary-2-99,2,রেচনতন্ত্র,অংশ,একজোড়া ইউরেটার
T0403,9-10-biology_secondary-2-99,2,রেচনতন্ত্র,অংশ,একটি মূত্রথলি
T0404,9-10-biology_secondary-2-99,2,রেচনতন্ত্র,অংশ,একটি মৃূত্রনালি
T0405,9-10-biology_secondary-3-10,3,পূর্ণসংখ্যক ক্রোমোজোম,অবস্থান,জাইগোট
T0406,9-10-biology_secondary-3-10,3,হ্যাপ্যেড কোষ,অবস্থান,অর্ধেক ক্রোমোজোম সংখ্যার
T0407,9-10-biology_secondary-3-10,3,ডিপ্যেড কোষ,অবস্থান,পূর্ণসংখ্যক ক্রোমোজোম
T0408,9-10-biology_secondary-3-11,3,মিয়োসিস,অবস্থান,জীবের জনন কোষ
T0409,9-10-biology_secondary-3-11,3,মিয়োসিস,অবস্থান,জনন মাতৃকোষে
T0410,9-10-biology_secondary-3-11,3,মিয়োসিস,অবস্থান,সপুষ্পক উদ্ভিদের পরাগধানী
T0411,9-10-biology_secondary-3-11,3,মিয়োসিস,অবস্থান,সপুষ্পক উদ্ভিদের ডিম্বকের মধ্যে
T0412,9-10-biology_secondary-3-11,3,মিয়োসিস,অবস্থান,উন্নত প্রাণিদেহের শুক্রাশয়ে
T0413,9-10-biology_secondary-3-11,3,মিয়োসিস,অবস্থান,উন্নত প্রাণিদেহের ডিম্বাশয়ে
T0414,9-10-biology_secondary-3-11,3,মিয়োসিস,কাজ,জাইগোট সৃষ্টি
T0415,9-10-biology_secondary-3-11,3,মিয়োসিস,কাজ,গ্যামেট সৃষ্টি
T0416,9-10-biology_secondary-3-12,3,মিয়োসিস-1,কাজ,প্রথম বিভাজনকে পর পর দুবার বিভাজিত হয়
T0417,9-10-biology_secondary-3-12,3,মিয়োসিস-2,কাজ,দ্বিতীয় বিভাজনকে পর পর দুবার বিভাজিত হয়
T0418,9-10-biology_secondary-3-12,3,অপত্য কোষে,কারণ,ক্রোমোজোমের সংখ্যা মাতৃকোষের ক্রোমোজোম সংখ্যার অর্ধেকে পরিণত হয়
T0419,9-10-biology_secondary-3-18,3,চিত্রের বিভাজন,কারণ,ক. ৪ তে নিউক্লিয়াসের বিভাজন একবার হলেও / তে দুইবার ঘটে
T0420,9-10-biology_secondary-3-18,3,চিত্রের বিভাজন,কারণ,"খ. ৪ জীবের গুণগত স্থিতিশীলতা বজায় রাখলেও /, বৈচিত্র্য সৃষ্টি করে"
T0421,9-10-biology_secondary-3-18,3,চিত্রের বিভাজন,কারণ,"গ. ৪ দেহকোষে সংঘটিত হলেও /, জনন মাতৃকোষে সংঘটিত হয়"
T0422,9-10-biology_secondary-3-18,3,চিত্রের বিভাজন,কারণ,"ঘ. ৪ তে সৃষ্ট অপত্য কোষের ক্রোমোজোম সংখ্যা 4, এর অর্ধেক"
T0423,9-10-biology_secondary-3-2,3,সেদ্ট্রোমিয়ার,অবস্থান,চিত্র ৩.০৮
T0424,9-10-biology_secondary-3-2,3,মডেল,প্রকার,"মেটাস্েদ্ট্রিক, সাবমেটাসেন্ট্রিক, আ্যক্রোসেন্ট্রিক এবং টেলোসেন্ট্রিক"
T0425,9-10-biology_secondary-3-25,3,জীবদেহ,কাজ,পরিবেশ থেকে শক্তি সংগ্রহ করা
T0426,9-10-biology_secondary-3-25,3,জীব,কাজ,পরিবেশ থেকে শক্তি সংগ্রহ করা
T0427,9-10-biology_secondary-3-25,3,জীব,কাজ,সংগৃহীত শক্তিকে একরূপ থেকে অন্যরূপে পরিবর্তিত করা
T0428,9-10-biology_secondary-3-25,3,জীব,কাজ,সঞ্চয় করা
T0429,9-10-biology_secondary-3-25,3,জীব,কাজ,সেই শত্তি পরিবেশে ফিরিয়ে দেয়
T0430,9-10-biology_secondary-3-27,3,আ্যাডিনোসিন,অংশ,আ্যাডিনিন
T0431,9-10-biology_secondary-3-27,3,আ্যাডিনোসিন,অংশ,পাঁচ কার্বনবিশিষ্ট রাইবোজ সুগার
T0432,9-10-biology_secondary-3-27,3,আ্যাডিনোসিন অণু,পরিমাণ,৪৪৭২ ফসফেট/ফসফোরিক এসিড গ্রুপ
T0433,9-10-biology_secondary-3-27,3,আ্যাডিনোসিন অণু,পরিমাণ,৪৭৭ ফসফেট/ফসফোরিক এসিড গ্রুপ
T0434,9-10-biology_secondary-3-27,3,আ্যাডিনোসিন অণু,পরিমাণ,৭১ ফসফেট/ফসফোরিক এসিড গ্রুপ
T0435,9-10-biology_secondary-3-27,3,প্রতিমোল,পরিমাণ,২ অণুর প্রান্তীয় ফসফেট গ্রুপে ৭.৩ কিলোক্যালরি
T0436,9-10-biology_secondary-3-5,3,মাইটোসিস,কারণ,প্রতিটি কোষের নিউক্লিয়াস এবং সাইটোপ্লাজমের মধ্যকার আয়তন ও পরিমাণগত ভারসাম্য রক্ষিত হয়
T0437,9-10-biology_secondary-3-5,3,মাইটোসিস,কারণ,অপত্য কোষে ক্রোমোজোমের সংখ্যা ও গুণাগুণ একই রকম থাকায় জীবের দেহের বৃদ্ধি সুশৃঙ্খলভাবে হতে পারে
T0438,9-10-biology_secondary-3-5,3,মাইটোসিস,কারণ,অনিয়ন্ত্রিত হলে টিউমার এমনকি ক্যান্সার সৃষ্টির কারণ হতে পারে
T0439,9-10-biology_secondary-3-6,3,টিউমার,কারণ,অস্বাভাবিক কোষ বিভাজন
T0440,9-10-biology_secondary-3-6,3,ক্যাঙ্গার,কারণ,প্রাণঘাতী টিউমার
T0441,9-10-biology_secondary-3-8,3,মিয়োসিস,কাজ,মাতৃকোষের অর্ধেকসংখ্যক ক্রোমোজোম ধারণ করার চারটি অপত্য কোষ তৈরি করা
T0442,9-10-biology_secondary-4-10,4,পানির ফটোলাইসিস,কাজ,"পানি বিয়োজিত হয়ে অক্সিজেন, প্রোটন/হাইড্রোজেন আয়ন ও ইলেকট্রন উৎপন্ন হয়"
T0443,9-10-biology_secondary-4-11,4,আলোক নিরপেক্ষ পর্যায়,পরিমাণ,০০১
T0444,9-10-biology_secondary-4-11,4,বা এবং মা+,কারণ,আলোক নিরপেক্ষ পর্যায়ে ০০১ বিজারিত হয়ে কার্বোহাইড্রেটে পরিণত হয়
T0445,9-10-biology_secondary-4-11,4,সবুজ উদ্ভিদ,অবস্থান,০০০২ বিজারণে
T0446,9-10-biology_secondary-4-13,4,ক্যালভিন চক্র,অবস্থান,1961 সালে নোবেল পুরস্কার পান
T0447,9-10-biology_secondary-4-13,4,ক্যালভিন চক্র,কাজ,শর্করা তৈরি করা
T0448,9-10-biology_secondary-4-13,4,ও উদ্ভিদ,কারণ,ও গতিপথ এবং যেসব উদ্ভিদে এই চক্র সম্পন্ন হয়
T0449,9-10-biology_secondary-4-19,4,প্রভাবকগুলো,প্রকার,"বাহ্যিক প্রভাবকসমূহ, অভ্যন্তরীণ প্রভাবকসমূহ"
T0450,9-10-biology_secondary-4-19,4,আলো,প্রকার,বাহ্যিক প্রভাবক
T0451,9-10-biology_secondary-4-2,4,মাইটোকন্ডিয়া,কাজ,বাহ্যিক শক্তি-উৎস থেকে আহরিত শক্তিকে চা -এর ফসফেট গ্রুপের শক্তি হিসেবে জমা করা
T0452,9-10-biology_secondary-4-2,4,প্লাস্টিড,কাজ,সূর্যালোক বা অন্য উৎস থেকে আগত ফোটন থেকে শক্তি জমা করা
T0453,9-10-biology_secondary-4-2,4,জীবদেহের প্রতিটি কোষ,কাজ,"মাংসপেশির সংকোচন থেকে ইন্দ্রিয়ানুভূতি, খাবার খাওয়া থেকে হজম করা, নিঃশ্বাস নেওয়া থেকে কথা বলা, চিৎকার করা থেকে হাসি-কান্না, দৈহিক বৃদ্ধি থেকে প্রজনন, দেহের তাপমাত্রা ঠিক রাখা, দেহের প্রতিটি কোষের স্বাভাবিক আয়তন বজায় রাখা"
T0454,9-10-biology_secondary-4-20,4,কার্বন ডাই-অক্সাইড,পরিমাণ,০.০৩ ভাগ
T0455,9-10-biology_secondary-4-20,4,সালোকসংশ্লেষণ,কারণ,কার্বন ডাই-অক্সাইড বিজারণের ফলে
T0456,9-10-biology_secondary-4-21,4,তাপমাত্রা,কাজ,সালোকসংশ্লেষণ প্রক্রিয়ায় বিশেষ প্রভাবক
T0457,9-10-biology_secondary-4-22,4,সালোকসংশ্লেষণ প্রক্রিয়ার জন্য পরিমিত তাপমাত্রা,পরিমাণ,২২০ সেলসিয়াস থেকে ৩৫০ সেলসিয়াস পর্যন্ত
T0458,9-10-biology_secondary-4-22,4,তাপমাত্রা,পরিমাণ,২২০ সেলসিয়াসের কম বা ৩৫০ সেলসিয়াসের বেশি
T0459,9-10-biology_secondary-4-23,4,ঢা+ (হাইড্রোজেন আয়ন),অবস্থান,পানি থেকেই আসে
T0460,9-10-biology_secondary-4-23,4,বাতাস,অবস্থান,0০: অনুপ্রবেশ বাধাগ্রস্ত হয়
T0461,9-10-biology_secondary-4-24,4,সালোকসংশ্লেষণের হার,কারণ,কমে যায়
T0462,9-10-biology_secondary-4-24,4,সালোকসংশ্লেষণের হার,কারণ,বেড়ে যায়
T0463,9-10-biology_secondary-4-24,4,অক্সিজেনবিহীন পরিবেশে,অবস্থান,সালোকসংশ্লেষণ সম্পূর্ণ বন্ধ
T0464,9-10-biology_secondary-4-25,4,নাইট্রোজেন,অবস্থান,খনিজ পদার্থ
T0465,9-10-biology_secondary-4-25,4,ম্যাগনেসিয়াম,অবস্থান,খনিজ পদার্থ
T0466,9-10-biology_secondary-4-25,4,মাটি,অবস্থান,খনিজ অভাব
T0467,9-10-biology_secondary-4-25,4,ক্লোরোফিল,লক্ষণ,পাতা হলুদ হয়ে যায়
T0468,9-10-biology_secondary-4-25,4,বাতাস,কারণ,সালোকসংশ্লেষণে ব্যাঘাত ঘটে
T0469,9-10-biology_secondary-4-26,4,পাতার বয়স,কারণ,সালোকসংশ্লেষণ কম
T0470,9-10-biology_secondary-4-26,4,পাতার বয়স,কারণ,ক্লোরোগ্লাস্টের সংখ্যা বেশি
T0471,9-10-biology_secondary-4-26,4,মধ্যবয়সি পাতা,লক্ষণ,সালোকসংশ্লেষণ বেশি
T0472,9-10-biology_secondary-4-26,4,পাতার সংখ্যা,কারণ,সালোকসংশ্লেষণ বেশি
T0473,9-10-biology_secondary-4-29,4,বায়ু,পরিমাণ,20.95 ভাগ
T0474,9-10-biology_secondary-4-29,4,বায়ু,পরিমাণ,0.033 ভাগ
T0475,9-10-biology_secondary-4-30,4,বায়ুমণ্ডল,পরিমাণ,০১ ও ০০; গ্যাসের সঠিক অনুপাত
T0476,9-10-biology_secondary-4-30,4,বায়ুমণ্ডল,পরিমাণ,০: গ্যাসের আধিক্য
T0477,9-10-biology_secondary-4-30,4,বায়ুমণ্ডল,পরিমাণ,০০; গ্যাসের স্বল্পতা
T0478,9-10-biology_secondary-4-31,4,সালোকসংশ্লেষণ,অবস্থান,জীবজগতের সবচেয়ে গুরুত্বপূর্ণ জৈব রাসায়নিক প্রক্রিয়া
T0479,9-10-biology_secondary-4-4,4,সবুজ উদ্ভিদ,কাজ,কার্বন ডাই-অক্সাইড এবং পানি থেকে কার্বোহাইড্রেট তৈরি করা
T0480,9-10-biology_secondary-4-4,4,সালোকসংশ্লেষণ,কাজ,কার্বোহাইড্রেট জাতীয় খাদ্য তৈরি করার জন্য বিপাকীয় প্রক্রিয়া সম্পাদন করা
T0481,9-10-biology_secondary-4-42,4,কেবল সবুজ অংশ,অবস্থান,নীল বা গাঢ় বেগুনি বা কালো
T0482,9-10-biology_secondary-4-42,4,কেবল সবুজ অংশ,কারণ,সিদ্ধান্ত
T0483,9-10-biology_secondary-4-42,4,ক্লোরোফিল,কাজ,কেবল সবুজ অংশে শর্করা প্রস্তুত
T0484,9-10-biology_secondary-4-42,4,ক্লোরোফিল না থাকা অংশ,কারণ,অসবুজ (কমলা বা হলুদ)
T0485,9-10-biology_secondary-4-42,4,সবুজ অংশ,কারণ,শর্করা ছিল
T0486,9-10-biology_secondary-4-45,4,শ্বসন,প্রকার,সবাত শ্বসন
T0487,9-10-biology_secondary-4-45,4,শ্বসন,প্রকার,অবাত শ্বসন
T0488,9-10-biology_secondary-4-46,4,সবাত শ্বসন,কাজ,"জারিত হয়ে 0০, 0.0 এবং বিপুল পরিমাণ শক্তি উৎপন্ন করে"
T0489,9-10-biology_secondary-4-46,4,সবাত শ্বসন,কারণ,"অক্সিজেনের প্রয়োজন হয় এবং শ্বসনিক বস্তু শৈর্করা, প্রোটিন, লিপিড, বিভিন্ন ধরনের জৈব এসিড"
T0490,9-10-biology_secondary-4-46,4,সবাত শ্বসন,অবস্থান,উদ্ভিদ ও প্রাণীর স্বাভাবিক শ্বসন প্রক্রিয়া
T0491,9-10-biology_secondary-4-48,4,অবাত শ্বসন,কারণ,অক্সিজেনের অনুপস্থিতি
T0492,9-10-biology_secondary-4-48,4,অবাত শ্বসন,কাজ,কোষের ভিতরকার এনজাইম দিয়ে আংশিকরূপে জারিত এবং বিভিন্ন প্রকার জৈব যৌগ উৎপাদন এবং শক্তি উৎপন্ন করা
T0493,9-10-biology_secondary-4-49,4,সবাত শ্বসন প্রক্রিয়া,অংশ,চারটি ধাপ
T0494,9-10-biology_secondary-4-5,4,সালোকসংশ্লেষণ,কাজ,জৈব রাসায়নিক বিক্রিয়া
T0495,9-10-biology_secondary-4-50,4,ধাপ 1,কাজ,গ্লুকোজ বিভিন্ন রাসায়নিক বিক্রিয়ায় দুই অণু পাইরুভিক এসিড উৎপন্ন করা
T0496,9-10-biology_secondary-4-51,4,বিক্রিয়া,অবস্থান,মাইটোকস্্রিয়ার ম্যাট্রিক্সে
T0497,9-10-biology_secondary-4-52,4,ক্রেবস চক্র,অবস্থান,মাইটোকন্ডিয়াতে
T0498,9-10-biology_secondary-4-52,4,ইংরেজ প্রাণরসায়নবিদ,কাজ,ক্রেবস চক্র আবিষ্কার
T0499,9-10-biology_secondary-4-52,4,আ্যাসিটাইল ০-/&,কাজ,মাইটোকন্ডিয়াতে প্রবেশ করে
T0500,9-10-biology_secondary-4-52,4,ক্রেবস চক্র,কারণ,বিক্রিয়া সংঘটিত হয়
T0501,9-10-biology_secondary-4-52,4,এই চক্র,পরিমাণ,"দুই অণু আ্যাসিটাইল :০-& থেকে চার অণু ০2, 6 অণু 4/া+7, দুই অণু চা, দুই অণু ০17 উৎপন্ন হয়"
T0502,9-10-biology_secondary-4-56,4,গ্লুকোজের অসম্পূর্ণ জারণ,কাজ,এক অণু গলুঁকোজ থেকে দুই অণু পাইরুভিক এসিড এবং চার অণু /চ772 (এর মধ্যে দুই অণু ব্যবহার হয়ে যায়) এবং দুই অণু বা উৎপন্ন হয়
T0503,9-10-biology_secondary-4-58,4,শ্বসন প্রক্রিয়ার প্রভাবক,প্রকার,বাহ্যিক এবং অভ্যন্তরীণ
T0504,9-10-biology_secondary-4-59,4,তাপমাত্রা,পরিমাণ,২০ সেলসিয়াসের নিচে এবং ৪৫০ সেলসিয়াসের উপরে
T0505,9-10-biology_secondary-4-59,4,অক্সিজেন,কাজ,পাইরুভিক এসিড জারিত হয়ে (০২ ও ২০ উৎপন্ন করে
T0506,9-10-biology_secondary-4-59,4,পানি,অবস্থান,পরিমিত
T0507,9-10-biology_secondary-4-59,4,আলো,কারণ,শ্বসন হার একটু বেড়ে যায়
T0508,9-10-biology_secondary-4-59,4,কার্বন ডাই-অক্সাইড,পরিমাণ,বায়ুতে ০০২-এর ঘনত্ব বেড়ে গেলে
T0509,9-10-biology_secondary-4-60,4,খাদ্যদ্রব্য,কাজ,"শত্তি, পানি এবং 0০02 নির্গত করে"
T0510,9-10-biology_secondary-4-60,4,উৎসেচক,কাজ,শ্বসন প্রক্রিয়ায় অংশগ্রহণ করে
T0511,9-10-biology_secondary-4-62,4,শ্বসন প্রক্রিয়া,কাজ,জীবের সব ধরনের ক্রিয়া-বিক্রিয়া এবং কাজকর্ম পরিচালিত করা
T0512,9-10-biology_secondary-4-62,4,শ্বসন প্রক্রিয়া,কাজ,জীবের প্রধান খাদ্য শর্করা উৎপন্নের জন্য সালোকসংশ্লেষণে ব্যবহৃত করা
T0513,9-10-biology_secondary-4-62,4,শ্বসন প্রক্রিয়া,কাজ,উদ্ভিদে খনিজ লবণ পরিশোষণে সাহায্য করা
T0514,9-10-biology_secondary-4-62,4,শ্বসন প্রক্রিয়া,কাজ,উদ্ভিদের বৃদ্ধি এবং অন্যান্য জৈবিক প্রক্রিয়া চালু রাখা
T0515,9-10-biology_secondary-4-62,4,শ্বসন প্রক্রিয়া,কাজ,কোষ বিভাজনের প্রয়োজনীয় শক্তি ও কিছু আনুষঙ্গিক পদার্থ আনা
T0516,9-10-biology_secondary-4-62,4,শ্বসন প্রক্রিয়া,কারণ,জীবের দৈহিক বৃদ্ধিকে নিয়ন্ত্রণ করা
T0517,9-10-biology_secondary-4-62,4,শ্বসন প্রক্রিয়া,কাজ,বিভিন্ন উপ-ক্ষার ও জৈব এসিড সৃষ্টিতে সহায়তা করা
T0518,9-10-biology_secondary-4-62,4,শ্বসন প্রক্রিয়া,কাজ,জীবনের অন্যান্য জৈবিক কাজে সহায়তা করা
T0519,9-10-biology_secondary-4-64,4,ব্যাকটেরিয়া,কারণ,অবাত শ্বসন করতে পারে
T0520,9-10-biology_secondary-4-64,4,ব্যাকটেরিয়া,কারণ,ইথাইল আ্যালকোহল তৈরি করতে পারে
T0521,9-10-biology_secondary-4-64,4,ব্যাকটেরিয়া,কারণ,ল্যাকটিক এসিড ফার্মেন্টেশন করতে পারে
T0522,9-10-biology_secondary-4-64,4,ব্যাকটেরিয়া,কারণ,দই তৈরি করতে পারে
T0523,9-10-biology_secondary-4-64,4,ব্যাকটেরিয়া,কারণ,পনির তৈরি করতে পারে
T0524,9-10-biology_secondary-4-64,4,ব্যাকটেরিয়া,কারণ,রুটি তৈরিতে ব্যবহৃত হয়
T0525,9-10-biology_secondary-4-64,4,ইস্ট,কারণ,0০ এবং গ্যাস তৈরি করতে পারে
T0526,9-10-biology_secondary-4-64,4,ইস্ট,কারণ,গ্যাসের চাপে রুটি ফুলে গিয়ে ভিতরে ফাঁপা হয়
T0527,9-10-biology_secondary-4-65,4,থার্মোফ্লাস্ক,কাজ,তাপ নির্গমনের পরীক্ষা
T0528,9-10-biology_secondary-4-67,4,ক' থার্মোফ্লাস্কের অঙ্কুরিত ছোলাগুলো,অবস্থান,সজীব থাকায়
T0529,9-10-biology_secondary-4-67,4,ক' থার্মোফ্লাস্কের অঙ্কুরিত ছোলাগুলো,কাজ,শ্বসন প্রক্রিয়া অব্যাহত থাকার কারণে
T0530,9-10-biology_secondary-4-67,4,ক' থার্মোফ্লাস্কের অঙ্কুরিত ছোলাগুলো,কারণ,তাপ নির্গমনের কারণে
T0531,9-10-biology_secondary-4-70,4,চিত্র ঈ সংঘটিত প্রক্রিয়া,কাজ,পরিবেশকে শীতল রাখে
T0532,9-10-biology_secondary-4-70,4,চিত্র ঈ সংঘটিত প্রক্রিয়া,কাজ,খাদ্য তৈরিতে ভূমিকা রাখে
T0533,9-10-biology_secondary-4-70,4,চিত্র ঈ সংঘটিত প্রক্রিয়া,কাজ,শক্তি উৎপাদনে সহায়তা করে
T0534,9-10-biology_secondary-5-102,5,ফরমালিনে ডুবানো মাছ,লক্ষণ,কয়েক দিন বেশ টাটকা
T0535,9-10-biology_secondary-5-103,5,কীটনাশক,লক্ষণ,বিষাক্ত খাদ্যের প্রভাবে স্বাস্থ্যবঝুঁকের আশঙ্কা
T0536,9-10-biology_secondary-5-103,5,শিশুরাই,কারণ,বিষাক্ত কীটনাশক বিরূপ প্রভাব ফেলে
T0537,9-10-biology_secondary-5-103,5,শিশুর,কাজ,মনের বিকাশ ব্যাহত হয়
T0538,9-10-biology_secondary-5-103,5,শিশুর,কারণ,নানা রকমের অসুস্থতায় ভূগে থাকে
T0539,9-10-biology_secondary-5-105,5,বাণিজ্যিক রং,অবস্থান,"আইসক্রিম, গোলা-আইসক্রিম, শরবত"
T0540,9-10-biology_secondary-5-105,5,ফরমালিন,অবস্থান,মর্গে লাশ
T0541,9-10-biology_secondary-5-108,5,মানবদেহ,অংশ,অসংখ্য কোষ
T0542,9-10-biology_secondary-5-110,5,রাসায়নিক বিক্রিয়া,কাজ,পরিপাকের দ্বিতীয় ধাপ
T0543,9-10-biology_secondary-5-110,5,রাসায়নিক বিক্রিয়া,কারণ,পরিপাকের রসের এনজাইম খাদ্যের রাসায়নিক ক্রিয়াকে ত্বরাশ্বিত করতে সাহায্য
T0544,9-10-biology_secondary-5-111,5,পরিপাকতন্ত্র,অংশ,পৌস্টিকতন্ত্র
T0545,9-10-biology_secondary-5-111,5,খাদ্যদ্রব্য,কাজ,দেহের গ্রহণ উপযোগী উপাদানে পরিণত ও শোষিত হওয়া
T0546,9-10-biology_secondary-5-111,5,পৌষ্টিকতন্ত্র,অংশ,পৌষ্টিকনালি
T0547,9-10-biology_secondary-5-111,5,পৌষ্টিকতন্ত্র,অংশ,গ্রন্থি
T0548,9-10-biology_secondary-5-111,5,পৌষ্টিকনালি,অবস্থান,মুখ থেকে শুরু হয়ে পায়ুতে শেষ হয়
T0549,9-10-biology_secondary-5-112,5,পৌন্টিকনালি,অবস্থান,মুখগহ্বর থেকে পায়ুপথ পর্যন্ত
T0550,9-10-biology_secondary-5-112,5,পৌন্টিকনালি,অংশ,মুখ
T0551,9-10-biology_secondary-5-112,5,পৌন্টিকনালি,অংশ,মুখগহ্বর
T0552,9-10-biology_secondary-5-113,5,দাঁত,অবস্থান,মুখের অভ্যন্তরে
T0553,9-10-biology_secondary-5-113,5,জিহ্বা,অবস্থান,মুখের অভ্যন্তরে
T0554,9-10-biology_secondary-5-113,5,লালাগ্রন্থি,অবস্থান,মুখের অভ্যন্তরে
T0555,9-10-biology_secondary-5-113,5,লালাগ্রন্থি,কাজ,চিবিয়ে ছোট ছোট অংশে পরিণত করা
T0556,9-10-biology_secondary-5-113,5,জিহ্বা,কাজ,পরোক্ষভাবে চিবিয়ে ছোট ছোট অংশে পরিণত করা
T0557,9-10-biology_secondary-5-113,5,লালাগ্রন্থি,অবস্থান,জিহ্বার নিচে
T0558,9-10-biology_secondary-5-113,5,লালাগ্রন্থি,অবস্থান,কানের নিচে
T0559,9-10-biology_secondary-5-113,5,লালাগ্রন্থি,কারণ,চোয়ালের পাশে
T0560,9-10-biology_secondary-5-113,5,লালাগ্রন্থি,কাজ,এনজাইম ক্ষরণ
T0561,9-10-biology_secondary-5-113,5,লালাগ্রন্থি,কারণ,টায়ালিন ও মলটেজ নামক এনজাইম শর্করা পরিপাকে অংশ নেয়
T0562,9-10-biology_secondary-5-114,5,কর্তন দাঁত,কাজ,খাবার কেটে টুকরা করা
T0563,9-10-biology_secondary-5-115,5,ছেদন দাঁত,কাজ,খাবার ছেঁড়া
T0564,9-10-biology_secondary-5-115,5,অগ্রপেষণ দাঁত,কাজ,"চর্বণ, পেষণ উভয় কাজ"
T0565,9-10-biology_secondary-5-115,5,পেষণ দাঁত,কাজ,খাদ্যবস্তু চর্বণ ও পেষণে ব্যবহৃত
T0566,9-10-biology_secondary-5-116,5,মাড়ির আক্কেল দাঁত,পরিমাণ,0-4
T0567,9-10-biology_secondary-5-116,5,মানুষের কর্তন দাঁত,পরিমাণ,8৪টি
T0568,9-10-biology_secondary-5-116,5,মানুষের ছেদন দাঁত,পরিমাণ,4টি
T0569,9-10-biology_secondary-5-116,5,মানুষের অগ্রপেষণ দাঁত,পরিমাণ,8টি
T0570,9-10-biology_secondary-5-116,5,মানুষের পেষণ দাঁত,পরিমাণ,8টি
T0571,9-10-biology_secondary-5-116,5,দাঁত,অংশ,মুকুট
T0572,9-10-biology_secondary-5-116,5,দাঁত,অংশ,মূল
T0573,9-10-biology_secondary-5-116,5,দাঁত,অংশ,গ্রীবা
T0574,9-10-biology_secondary-5-117,5,ডেন্টিন,অংশ,দাঁত
T0575,9-10-biology_secondary-5-117,5,এনামেল,অংশ,দাঁতের মুকুট
T0576,9-10-biology_secondary-5-117,5,দন্তমজ্জা,অংশ,ডেন্টিনের ভিতরে
T0577,9-10-biology_secondary-5-117,5,দন্তমজ্জা,কাজ,ডেন্টিনে পুষ্টি ও অক্সিজেন সরবরাহ
T0578,9-10-biology_secondary-5-118,5,পাতলা আবরণ,অবস্থান,দাঁতের মূল অংশ ডেন্টিনের আবৃত
T0579,9-10-biology_secondary-5-118,5,মুখগহ্বর,অবস্থান,মুখগহ্বর
T0580,9-10-biology_secondary-5-118,5,মুখগহ্বর,কাজ,খাদ্যবস্তু গলবিলের মধ্য দিয়ে অন্ননালিতে পৌঁছানো
T0581,9-10-biology_secondary-5-118,5,গলবিল,অবস্থান,মুখগহ্বরের পরের অংশ
T0582,9-10-biology_secondary-5-118,5,খাদ্যবস্তু,অবস্থান,অশ্ননালির মধ্যে
T0583,9-10-biology_secondary-5-120,5,অল্প  অংশ,অংশ,পাকস্থলীর পরের অংশ
T0584,9-10-biology_secondary-5-120,5,অল্প  অংশ,কারণ,লম্বা প্যাঁচানো নালি
T0585,9-10-biology_secondary-5-121,5,স্কুদ্রান্দ্র,অংশ,"ডিওডেনাম, জেজুনাম, ইলিয়াম"
T0586,9-10-biology_secondary-5-121,5,আল্দিক গ্রন্থি,অবস্থান,স্ষকুদ্রান্দ্রের গায়ে
T0587,9-10-biology_secondary-5-121,5,অংশ,অবস্থান,স্ষকুদ্রান্দ্রের অন্তঃপ্রাচীরে
T0588,9-10-biology_secondary-5-121,5,অংশ,কাজ,আঙুলের মতো প্রক্ষেপিত অংশ থাকে
T0589,9-10-biology_secondary-5-121,5,ভিলাস,কাজ,আঙুলের মতো প্রক্ষেপিত অংশ থাকে
T0590,9-10-biology_secondary-5-122,5,ইলিয়াম,অবস্থান,বৃহদল্ব
T0591,9-10-biology_secondary-5-122,5,ইলিয়াম,অংশ,বৃহদন্ত
T0592,9-10-biology_secondary-5-122,5,বৃহদন্ত,অংশ,সিকাম
T0593,9-10-biology_secondary-5-122,5,বৃহদন্ত,অংশ,কোলন
T0594,9-10-biology_secondary-5-122,5,বৃহদন্ত,অংশ,মলাশয়
T0595,9-10-biology_secondary-5-122,5,সিকাম,অংশ,আ্যাপেনডিক্স
T0596,9-10-biology_secondary-5-122,5,বৃহদন্ত,কাজ,পানি শোষিত হওয়া
T0597,9-10-biology_secondary-5-122,5,বৃহদন্ত,কাজ,মল তৈরি করা
T0598,9-10-biology_secondary-5-122,5,বৃহদন্ত,কাজ,মল জমার জায়গা হওয়া
T0599,9-10-biology_secondary-5-122,5,পায়ু,অবস্থান,পৌস্টিক নালির শেষ প্রান্তে
T0600,9-10-biology_secondary-5-123,5,পৌন্টিকগ্রন্থি,কাজ,রস খাদ্য পরিপাকে অংশ নেয়
T0601,9-10-biology_secondary-5-123,5,মানবদেহে,অংশ,পিত্তথনি পিত্তনালি দুই কানের সামনে ও নিচে এক জোড়া চোয়ালের নিচে এক জোড়া চিবুকের নিচে
T0602,9-10-biology_secondary-5-124,5,সাব-লিঙ্গুয়ালগ্রন্থিী,অবস্থান,পৃথক পৃথক নালির মাধ্যমে
T0603,9-10-biology_secondary-5-124,5,লালাগ্রন্থি,অংশ,লালারস
T0604,9-10-biology_secondary-5-124,5,লালারস,কারণ,টায়ালিন এবং পানি
T0605,9-10-biology_secondary-5-125,5,মধ্যচ্ছদার,অবস্থান,উদরগহ্বরের উপরে পাকস্থলীর ডান পাশে
T0606,9-10-biology_secondary-5-125,5,যকৃৎ,অংশ,চারটি অসম্পূর্ণ খণ্ড
T0607,9-10-biology_secondary-5-125,5,প্রতিটি খণ্ড,অংশ,ক্ষুদ্র ক্ষুদ্র লোবিউল
T0608,9-10-biology_secondary-5-125,5,প্রত্যেকটি লোবিউল,অংশ,অসংখ্য কোষ
T0609,9-10-biology_secondary-5-125,5,প্রত্যেকটি কোষ,কাজ,পিত্তরস (৮1169) তৈরি করে
T0610,9-10-biology_secondary-5-125,5,যকৃত,কাজ,বিভিন্ন রকম জৈব রাসায়নিক বিক্রিয়া ঘটাতে এবং রসায়ন গবেষণাগার হিসেবে ব্যবহৃত হয়
T0611,9-10-biology_secondary-5-126,5,পিত্তথলি,অবস্থান,যকৃতের নিচের অংশ
T0612,9-10-biology_secondary-5-126,5,পিত্তথলি,কাজ,পিত্তনালির সাহায্যে অগ্ম্যাশয় নালির সাথে মিলিত হয়
T0613,9-10-biology_secondary-5-126,5,পিত্তনালি,কাজ,যকৃৎ-অগ্ম্যাশয় নালির মাধ্যমে ডিওডেনামে প্রবেশ করে
T0614,9-10-biology_secondary-5-127,5,যকৃৎ,কাজ,পিত্তরস তৈরি করা
T0615,9-10-biology_secondary-5-128,5,পিত্তরস,কাজ,রাখে গ্লাইকোজেন
T0616,9-10-biology_secondary-5-128,5,পিত্তরস,কাজ,খাদ্যের অন্নভাব প্রশমিত করে
T0617,9-10-biology_secondary-5-128,5,পিত্তরস,কাজ,ক্ষারীয় পরিবেশ সৃষ্টি
T0618,9-10-biology_secondary-5-128,5,পিত্তরস,কাজ,খাদ্য পরিপাকের অনুকূল
T0619,9-10-biology_secondary-5-128,5,পিত্তরস,কাজ,চর্বিজাতীয় খাদ্যকে ক্ষুদ্র দানায় পরিণত করে
T0620,9-10-biology_secondary-5-128,5,পিত্তরস,কাজ,লাইপেজ সহযোগে পরিপাকে সহায়তা করে
T0621,9-10-biology_secondary-5-128,5,আ্যামাইনো এসিড,কারণ,আ্যামাইনো এসিড যকৃতে আসার পর
T0622,9-10-biology_secondary-5-128,5,আ্যামাইনো এসিড,কাজ,"ইউরিয়া, ইউরিক এসিড ও আ্যামোনিয়ারূপে নাইট্রোজেনঘটিত বর্জ্য পদার্থ তৈরি করে"
T0623,9-10-biology_secondary-5-128,5,আ্যামাইনো এসিড,কাজ,ম্নেহজাতীয় পদার্থ শোষণে সাহায্য করে
T0624,9-10-biology_secondary-5-128,5,গ্লাইকোজেন,কারণ,রক্তে গুঁকোজের মাত্রা কমে গেলে
T0625,9-10-biology_secondary-5-128,5,গ্লাইকোজেন,কাজ,গনলুকোজে পরিণত হয়
T0626,9-10-biology_secondary-5-129,5,অগ্ন্যাশয়,অবস্থান,অগ্ন্যাশয় পাকস্থলীর পিছনে
T0627,9-10-biology_secondary-5-129,5,অগ্ন্যাশয়,কাজ,পরিপাকে অংশগ্রহণকারী এনজাইম ও রক্তের গ্লুকোজ নিয়ন্ত্রণকারী হরমোন নিঃসৃত করা
T0628,9-10-biology_secondary-5-129,5,অগ্ন্যাশয়,কাজ,অর্থাৎ অগ্ন্যাশয় বহিঃক্ষরা ও অন্তঃক্ষরা গ্রন্থির মতো কাজ করা
T0629,9-10-biology_secondary-5-129,5,অগ্ন্যাশয়রস,অবস্থান,অগ্ন্যাশয় নালির মাধ্যমে
T0630,9-10-biology_secondary-5-129,5,অগ্ন্যাশয়রস,কারণ,ডিওডেনামে প্রবেশ করা
T0631,9-10-biology_secondary-5-13,5,পটাশিয়াম,কাজ,উদ্ভিদের বহু জৈবিক ক্রিয়া-বিক্রিয়ায় সহায়ক
T0632,9-10-biology_secondary-5-13,5,পটাশিয়াম,কাজ,পত্ররন্ধ খোলা এবং বন্ধ হওয়ার ক্ষেত্রে গুরুত্বপূর্ণ
T0633,9-10-biology_secondary-5-13,5,পটাশিয়াম,কাজ,উদ্ভিদের পানি শোষণে সাহায্য
T0634,9-10-biology_secondary-5-13,5,পটাশিয়াম,কাজ,কোষবিভাজনের মাধ্যমে উদ্ভিদের বৃদ্ধি নিয়ন্ত্রণ
T0635,9-10-biology_secondary-5-13,5,পটাশিয়াম,কাজ,"উদ্ভিদের মূল, ফুল ও ফল উৎপাদন এবং"
T0636,9-10-biology_secondary-5-131,5,গ্যাস্ট্রিকগ্রন্থি,অবস্থান,পাকস্থলীর প্রাচীরে
T0637,9-10-biology_secondary-5-131,5,গ্যাস্ট্রিকগ্রন্থি,কাজ,"ট্রিপসিন, লাইপেজ, আ্যামাইলেজ নিঃসৃত"
T0638,9-10-biology_secondary-5-131,5,গ্যাস্ট্রিকগ্রন্থি,কারণ,গ্যাস্ট্রিক রস বা পাচক রস নামে পরিচিত
T0639,9-10-biology_secondary-5-131,5,স্ষুদ্রান্তের প্রাচীরে,অবস্থান,ভিলাইয়ে
T0640,9-10-biology_secondary-5-131,5,স্ষুদ্রান্তের প্রাচীরে,কাজ,আন্দ্রিকগ্রন্থি থাকে
T0641,9-10-biology_secondary-5-131,5,স্ষুদ্রান্তের প্রাচীরে,কারণ,আন্তরিক রস নামে পরিচিত
T0642,9-10-biology_secondary-5-132,5,জৈব রাসায়নিক প্রক্রিয়া,কাজ,"মানুষের পৌন্টিক নালির অভ্যন্তরে জটিল, অদ্রবণীয়, অশোষণযোগ্য খাদ্য উপাদানগুলোকে শোষণযোগ্য এবং দ্রবণীয় সরল উপাদানে পরিণত করা"
T0643,9-10-biology_secondary-5-132,5,খাদ্য,অবস্থান,সরল দ্রবণীয় অবস্থায় রূপান্তরিত
T0644,9-10-biology_secondary-5-132,5,সরল উপাদান,অবস্থান,কোষ আবরণীর ভিতর দিয়ে অতি সহজে কোষের ভিতরে প্রবেশ করে
T0645,9-10-biology_secondary-5-132,5,সরল উপাদান,কাজ,রক্ত দেহের বিভিন্ন অংশে সরবরাহ করে
T0646,9-10-biology_secondary-5-133,5,লালা,কাজ,খাদ্যবস্তুকে গলাধঃকরণে সাহায্য করা
T0647,9-10-biology_secondary-5-133,5,লালা,অবস্থান,লালাগ্রন্থি থেকে নিঃসৃত
T0648,9-10-biology_secondary-5-133,5,টায়ালিন বা স্যালাইভারি আ্যামাইলেজ,অবস্থান,লালায়
T0649,9-10-biology_secondary-5-133,5,টায়ালিন বা স্যালাইভারি আ্যামাইলেজ,কাজ,শ্বেতসারকে মলটোজে পরিণত করা
T0650,9-10-biology_secondary-5-134,5,খাদ্যদ্রব্য,প্রকার,অন্ননালি
T0651,9-10-biology_secondary-5-134,5,খাদ্যদ্রব্য,অবস্থান,খাদ্যদ্রব্য পেরিস্টালসিস প্রক্রিয়ায়
T0652,9-10-biology_secondary-5-134,5,পৌস্টিক নালিগাত্র,কারণ,খাদ্যদ্রব্য পাকস্থলীতে প্রবেশ
T0653,9-10-biology_secondary-5-134,5,খাদ্যদ্রব্য,কাজ,পাকস্থলীতে প্রবেশ
T0654,9-10-biology_secondary-5-134,5,গ্যাস্ট্রিকগ্রন্থি,কারণ,গ্যাস্ট্রিক রস ক্ষরিত হয়
T0655,9-10-biology_secondary-5-134,5,গ্যাস্ট্রিক রস,অবস্থান,অন্তঃপ্রাচীরে
T0656,9-10-biology_secondary-5-135,5,হাইড্রোক্লোরিক এসিড,কাজ,অনিষ্টকারী ব্যাকটেরিয়া মরাতে এবং পেপসিনোজেনকে পেপসিনে পরিণত করাতে এবং পাকস্থলীতে সুষ্ঠু পেপসিনের কাজের জন্য অল্লীয় পরিবেশ সৃষ্টি করাতে
T0657,9-10-biology_secondary-5-137,5,পাকস্থলী,কাজ,খাদ্যদ্রব্য নিঃসৃত করা
T0658,9-10-biology_secondary-5-137,5,পাকস্থলী,প্রকার,অবরত সংকোচন ও প্রসারণ
T0659,9-10-biology_secondary-5-137,5,খাদ্যমণ্ড,অবস্থান,স্ষুদ্রান্দ্রে
T0660,9-10-biology_secondary-5-138,5,ক্ষারীয় পাচকরস,অবস্থান,অগ্ম্যাশয়
T0661,9-10-biology_secondary-5-138,5,পাচকরস,কাজ,খাদ্যমণ্ডে অন্পনভাব প্রশমিত করা
T0662,9-10-biology_secondary-5-138,5,এনজাইম,কাজ,"খাদ্য, পুষ্টি এবং পরিপাক দিয়ে শর্করা এবং আমিষ পরিপাকের কাজ চলতে থাকা"
T0663,9-10-biology_secondary-5-138,5,এনজাইম,কাজ,স্নেহপদার্থের পরিপাক শুরু করা
T0664,9-10-biology_secondary-5-139,5,পিত্তরস,অবস্থান,যকৃৎ
T0665,9-10-biology_secondary-5-139,5,পিত্তরস,কাজ,পিত্ত-লবণ মেনহপদার্থের ক্ষুদ্র কণাগুলোকে পানির সাথে মিশতে সাহায্যে করা
T0666,9-10-biology_secondary-5-139,5,লাইপেজ,কাজ,পিত্ত-লবণের সংস্পর্শে ম্নেহপদার্থকে সাবানের ফেনার মতো স্ষুদ্র ক্ষুদ্র দানায় পরিণত হতে সাহায্য
T0667,9-10-biology_secondary-5-139,5,লাইপেজ,কারণ,মেনহপদার্থকে সাবানের ফেনার মতো স্ষুদ্র ক্ষুদ্র দানায় পরিণত হতে সাহায্য
T0668,9-10-biology_secondary-5-14,5,ফসফরাস,অংশ,জীবকোষের ঢাব
T0669,9-10-biology_secondary-5-14,5,ফসফরাস,অংশ,ঢা 7
T0670,9-10-biology_secondary-5-14,5,ফসফরাস,কাজ,গাঠনিক উপাদান
T0671,9-10-biology_secondary-5-14,5,আয়রন,অংশ,সাইটোক্রোমের সাংগঠনিক উপাদান
T0672,9-10-biology_secondary-5-14,5,আয়রন,কাজ,বায়বীয় শ্বসন উপর নির্ভরশীল
T0673,9-10-biology_secondary-5-14,5,আয়রন,কারণ,ক্লোরোফিল সৃষ্টিতে ভূমিকা অপরিসীম
T0674,9-10-biology_secondary-5-140,5,আন্তরিক রস,অংশ,"আল্লিক আ্যামাইলেজ, লাইপেজ, মলটেজ, ল্যাকটেজ, সুক্রেজ ইত্যাদি এনজাইম"
T0675,9-10-biology_secondary-5-140,5,অগ্যাশয় রস,অংশ,"আ্যামাইলেজ, লাইপেজ, ট্রিপসিন"
T0676,9-10-biology_secondary-5-141,5,ভিলাই,অবস্থান,ভাঁজে ভাঁজে
T0677,9-10-biology_secondary-5-141,5,ভিলাই,কাজ,ইলিয়ামের প্রাচীরগাত্রের আয়তন বৃদ্ধি করা এবং পরিপাককার্য চলাকর্তৃত্ব দেওয়া
T0678,9-10-biology_secondary-5-143,5,লসিকা,কাজ,খাদ্য উপাদান সরবরাহ করে কোষে পৌঁছে দেয় এবং দূষিত পদার্থ সংগ্রহ করে রন্তস্রোতে ফিরে আসে
T0679,9-10-biology_secondary-5-143,5,পাকমণ্ডের অবশিষ্টাংশ,অবস্থান,কোলনে
T0680,9-10-biology_secondary-5-144,5,খাদ্যের অসার অংশ,অবস্থান,কোলনে পাকমণ্ডে
T0681,9-10-biology_secondary-5-144,5,খাদ্যের অসার অংশের সাথে থাকা পানি,অবস্থান,কোলনে পাকমণ্ডে
T0682,9-10-biology_secondary-5-144,5,খাদ্যের অসার অংশের সাথে থাকা আমিষ,অবস্থান,কোলনে পাকমণ্ডে
T0683,9-10-biology_secondary-5-144,5,খাদ্যের অসার অংশের সাথে থাকা লিপিড,অবস্থান,কোলনে পাকমণ্ডে
T0684,9-10-biology_secondary-5-144,5,খাদ্যের অসার অংশের সাথে থাকা লবণ,অবস্থান,কোলনে পাকমণ্ডে
T0685,9-10-biology_secondary-5-144,5,খাদ্যের অসার অংশের সাথে থাকা উদ্বৃত্ত এনজাইম,অবস্থান,কোলনে পাকমণ্ডে
T0686,9-10-biology_secondary-5-144,5,মল,অবস্থান,মলাশয়ে জমা
T0687,9-10-biology_secondary-5-144,5,মল,অবস্থান,পায়ুপথ দিয়ে বের হয়ে আসে
T0688,9-10-biology_secondary-5-145,5,আত্তীকরণ,কাজ,শোষিত খাদ্যবস্তুর পরিণত বা রূপান্তর
T0689,9-10-biology_secondary-5-145,5,প্রোটোপ্লাজম,কাজ,সরল খাদ্য জটিল উপাদানে পরিণত হওয়া
T0690,9-10-biology_secondary-5-145,5,প্রোটোপ্লাজম,কারণ,নিঃসৃত এনজাইমের সহযোগিতায়
T0691,9-10-biology_secondary-5-145,5,রক্ত,কারণ,সরল খাদ্য জটিল উপাদানে পরিণত হওয়ার সাহায্য
T0692,9-10-biology_secondary-5-145,5,প্রোটোপ্লাজম,কারণ,"আমিষ, স্নেহ এবং শর্করা তৈরি করার সাহায্য"
T0693,9-10-biology_secondary-5-145,5,প্রোটোপ্লাজম,কারণ,কোষের ক্ষয়পূরণ ও গঠনে সহায়তা
T0694,9-10-biology_secondary-5-146,5,আল্লিক,কারণ,বদহজম
T0695,9-10-biology_secondary-5-146,5,বদহজম,কারণ,পাকস্থলীতে সংক্রমণ
T0696,9-10-biology_secondary-5-146,5,বদহজম,কারণ,বিষণ্নতা
T0697,9-10-biology_secondary-5-146,5,বদহজম,কারণ,অগ্ম্যাশয় রোগ
T0698,9-10-biology_secondary-5-146,5,বদহজম,কারণ,থাইরয়েডের সমস্যা
T0699,9-10-biology_secondary-5-147,5,অজীর্ণতা,লক্ষণ,পেটের উপরের দিকে ব্যথা
T0700,9-10-biology_secondary-5-147,5,অজীর্ণতা,লক্ষণ,পেট ফাঁপা
T0701,9-10-biology_secondary-5-147,5,অজীর্ণতা,লক্ষণ,পেট ভরা মনে হওয়া
T0702,9-10-biology_secondary-5-147,5,অজীর্ণতা,লক্ষণ,বুক জ্বালা করা
T0703,9-10-biology_secondary-5-147,5,অজীর্ণতা,লক্ষণ,বমি বমি ভাব বা বমি হওয়া
T0704,9-10-biology_secondary-5-147,5,অজীর্ণতা,লক্ষণ,বুক ব্যথা
T0705,9-10-biology_secondary-5-147,5,অজীর্ণতা,লক্ষণ,টক টেকুর উঠা
T0706,9-10-biology_secondary-5-147,5,পেপটিক আলসার,কারণ,পাকস্থলী বা অস্ত্রের আলসারের
T0707,9-10-biology_secondary-5-149,5,গষধ,কারণ,হার্ট আ্যাটাকও হতে পারে
T0708,9-10-biology_secondary-5-150,5,আমাশয় রোগ,লক্ষণ,ঘন ঘন মলত্যাগ
T0709,9-10-biology_secondary-5-150,5,আমাশয় রোগ,লক্ষণ,মলের সাথে গ্লেষ্মা বের হওয়া
T0710,9-10-biology_secondary-5-150,5,আমাশয় রোগ,লক্ষণ,পেটে ব্যথা
T0711,9-10-biology_secondary-5-150,5,আমাশয় রোগ,লক্ষণ,গ্লেষ্মাযুক্ত মলের সাথে রক্ত যাওয়া
T0712,9-10-biology_secondary-5-150,5,আমাশয় রোগ,লক্ষণ,দুগ্ধজাত দ্রব্য হজম না হওয়া
T0713,9-10-biology_secondary-5-150,5,আমাশয় রোগ,কারণ,মারাত্মক কিছু ঘটতে পারে
T0714,9-10-biology_secondary-5-152,5,কোষ্ঠকাঠিন্য,কারণ,পায়খানার বেগ চেপে রাখলে
T0715,9-10-biology_secondary-5-152,5,কোষ্ঠকাঠিন্য,কারণ,বৃহদন্ছ্রে অপাচ্য খাদ্যাংশ থেকে অতিমাত্রায় পানি শোষিত হলে
T0716,9-10-biology_secondary-5-152,5,কোষ্ঠকাঠিন্য,কারণ,পৌন্টিক নালির মধ্য দিয়ে খাদ্যের অপাচ্য অংশ ধীরে ধীরে গমনে মল থেকে বেশি পানি শোষিত হলে
T0717,9-10-biology_secondary-5-152,5,কোষ্ঠকাঠিন্য,কারণ,পরিশ্রম না করলে
T0718,9-10-biology_secondary-5-152,5,কোষ্ঠকাঠিন্য,কারণ,আন্দ্রিক গোলযোগে
T0719,9-10-biology_secondary-5-152,5,কোষ্ঠকাঠিন্য,কারণ,কোলনের মাংসপেশি স্বাভাবিকের তুলনায় ধীরে ধীরে সংকুচিত হলে
T0720,9-10-biology_secondary-5-152,5,কোষ্ঠকাঠিন্য,কারণ,রাফেজ বা আঁশযুক্ত খাবার না খেলে
T0721,9-10-biology_secondary-5-153,5,কোষ্ঠকাঠিন্য,কারণ,মল ত্যাগ কষ্টদায়ক হয়
T0722,9-10-biology_secondary-5-153,5,কোষ্ঠকাঠিন্য,লক্ষণ,পেটে অস্বস্তিকর অবস্থা
T0723,9-10-biology_secondary-5-153,5,কোষ্ঠকাঠিন্য,লক্ষণ,পেট ব্যথা
T0724,9-10-biology_secondary-5-153,5,কোষ্ঠকাঠিন্য,লক্ষণ,নানা
T0725,9-10-biology_secondary-5-153,5,কোষ্ঠকাঠিন্য,কারণ,পরিপাক নালির টিউমার
T0726,9-10-biology_secondary-5-153,5,কোষ্ঠকাঠিন্য,কাজ,চিকিৎসকের শরণাপন্ন হওয়া
T0727,9-10-biology_secondary-5-156,5,অদ্লের আধিক্য,অবস্থান,পাকস্থলীতে
T0728,9-10-biology_secondary-5-156,5,অদ্লের আধিক্য,কারণ,পাকস্থলী বা অন্ত ক্ষতের সৃষ্টি
T0729,9-10-biology_secondary-5-156,5,রবিন ওয়ারেন,কারণ,চিকিৎসাবিজ্ঞানে নোবেল পুরস্কার লাভ
T0730,9-10-biology_secondary-5-156,5,ব্যারি মার্শাল,কারণ,চিকিৎসাবিজ্ঞানে নোবেল পুরস্কার লাভ
T0731,9-10-biology_secondary-5-156,5,খাদ্যে অনিয়ম,কারণ,পেপটিক আলসার
T0732,9-10-biology_secondary-5-156,5,ভাজাপোড়া খাবার খাওয়া,কারণ,পেপটিক আলসার
T0733,9-10-biology_secondary-5-156,5,বিষঞ্জতা,কারণ,পেপটিক আলসার
T0734,9-10-biology_secondary-5-156,5,উৎকণ্ঠা,কারণ,পেপটিক আলসার
T0735,9-10-biology_secondary-5-156,5,নামের একটি ব্যাকটেরিয়া,কারণ,পেপটিক আলসার
T0736,9-10-biology_secondary-5-156,5,হাইড্রোক্লোরিক আ্যাসিড,পরিমাণ,৮0 1.5-3.5
T0737,9-10-biology_secondary-5-157,5,পেপটিক আলসার রোগ,লক্ষণ,"পেটের ঠিক মাঝ বরাবর, নাভির একটু উপরে একঘেয়ে ব্যথা অনুভূত হয়"
T0738,9-10-biology_secondary-5-157,5,পেপটিক আলসার রোগ,লক্ষণ,খালি পেটে বা অতিরিক্ত তেলজাতীয় খাদ্য খেলে ব্যথা বাড়ে
T0739,9-10-biology_secondary-5-157,5,পেপটিক আলসার রোগ,লক্ষণ,বমি এবং মলের সাথে রক্তু নির্গত হয়
T0740,9-10-biology_secondary-5-159,5,আ্যাপেনডিক্স,অবস্থান,পেটের ডান দিকের নিচে বৃহদন্দ্রের সিকামের সাথে যুক্ত
T0741,9-10-biology_secondary-5-159,5,আ্যাপেনডিক্সের সংক্রমণ,কারণ,আ্যাপেনডিসাইটিস
T0742,9-10-biology_secondary-5-159,5,আ্যাপেনডিসাইটিস,লক্ষণ,নাভির চারদিকে ব্যথা অনুভব হয়
T0743,9-10-biology_secondary-5-159,5,আ্যাপেনডিসাইটিস,লক্ষণ,ব্যথা শুরু হওয়ার কয়েক ঘণ্টার মধ্যে তলপেটের ডান দিকে সরে যায়
T0744,9-10-biology_secondary-5-159,5,আ্যাপেনডিসাইটিস,লক্ষণ,স্ষুধামন্দা
T0745,9-10-biology_secondary-5-159,5,আ্যাপেনডিসাইটিস,লক্ষণ,বমি
T0746,9-10-biology_secondary-5-159,5,আ্যাপেনডিসাইটিস,লক্ষণ,কোষ্ঠকাঠিন্য
T0747,9-10-biology_secondary-5-161,5,কৃমি,কারণ,পেটে ব্যথা
T0748,9-10-biology_secondary-5-161,5,কৃমি,কারণ,দুর্বলবোধ
T0749,9-10-biology_secondary-5-161,5,কৃমি,কারণ,বদহজম
T0750,9-10-biology_secondary-5-161,5,কৃমি,কারণ,পেটে অস্বস্তিবোধ
T0751,9-10-biology_secondary-5-161,5,কৃমি,কারণ,বমি বমি ভাব
T0752,9-10-biology_secondary-5-161,5,কৃমি,কারণ,অনিদ্রা
T0753,9-10-biology_secondary-5-161,5,কৃমি,কারণ,খাওয়ায় অরুচি
T0754,9-10-biology_secondary-5-161,5,কৃমি,কারণ,রোগীর চেহারা ফ্যাকাশে হওয়া
T0755,9-10-biology_secondary-5-161,5,কৃমি,কারণ,রন্তাল্পতা দেখা দেওয়া
T0756,9-10-biology_secondary-5-161,5,কৃমি,কারণ,হাত-পা ফুলে যাওয়া
T0757,9-10-biology_secondary-5-161,5,কৃমি,কারণ,পেট বড় হয়ে ফুলে উঠা
T0758,9-10-biology_secondary-5-163,5,কৃমি,কারণ,খাদ্য কৃমি বিস্তারে সহায়তা করে
T0759,9-10-biology_secondary-5-163,5,কাঁচা ফলমূল,কাজ,ধুয়ে খাওয়ার অভ্যাস গড়ে তোলা
T0760,9-10-biology_secondary-5-163,5,খাবার,কারণ,হাত ভালোভাবে ধোয়া
T0761,9-10-biology_secondary-5-163,5,স্বাস্থ্যসম্মত,কারণ,পায়খানা ব্যবহার করা
T0762,9-10-biology_secondary-5-163,5,খালি পায়ে,কারণ,না হাঁটা
T0763,9-10-biology_secondary-5-163,5,অল্প সিদ্ধ,কারণ,শাকসবজি বা মাংস না খাওয়া
T0764,9-10-biology_secondary-5-169,5,স্যালাইন,অবস্থান,পাতলা পায়খানা বন্ধ না হওয়া পর্যন্ত
T0765,9-10-biology_secondary-5-169,5,স্যালাইন,কারণ,রোগীকে স্যালাইন খাওয়াতে হবে
T0766,9-10-biology_secondary-5-169,5,শিশু রোগী,কারণ,বুকের দুধ খাওয়াতে হবে
T0767,9-10-biology_secondary-5-169,5,রোগী,কারণ,নিয়মিত অন্যান্য খাবারও খেতে হবে
T0768,9-10-biology_secondary-5-169,5,ডায়রিয়া,কারণ,সেরে যাওয়ার পরও অন্তত এক সপ্তাহ রোগীকে বাড়তি খাবার দিতে হবে
T0769,9-10-biology_secondary-5-17,5,অভাবজনিত লক্ষণ,কারণ,উদ্ভিদের কোনো পুষ্টি উপাদানের অভাব
T0770,9-10-biology_secondary-5-179,5,কোলেস্টেরল,প্রকার,বর্ণনা করতে পারব
T0771,9-10-biology_secondary-5-179,5,রক্তে অস্বাভাবিকতা,কারণ,ব্যাখ্যা করতে পারব
T0772,9-10-biology_secondary-5-179,5,হৃৎপিণ্ড সম্পর্কিত রোগ,লক্ষণ,বিশ্লেষণ করতে পারব
T0773,9-10-biology_secondary-5-179,5,হৃৎপিণ্ড সম্পর্কিত রোগ,কারণ,বিশ্লেষণ করতে পারব
T0774,9-10-biology_secondary-5-179,5,হৃৎপিণ্ড সম্পর্কিত রোগ,প্রতিরোধ,বিশ্লেষণ করতে পারব
T0775,9-10-biology_secondary-5-18,5,ক্লোরোফিল অভাবের,লক্ষণ,পাতার সবুজ রং হালকা হতে হালকা হয় এবং হলুদ হয়ে যায়
T0776,9-10-biology_secondary-5-18,5,ক্লোরোফিল অভাবের,লক্ষণ,অন্যান্য বর্ণকণা বা পিগমেন্ট মিলিতভাবে হলুদ দেখায়
T0777,9-10-biology_secondary-5-18,5,ক্লোরোফিল অভাবের,লক্ষণ,ক্লোরোসিস
T0778,9-10-biology_secondary-5-18,5,ক্লোরোসিসে,কারণ,কোষের বৃদ্ধি এবং বিভাজন হ্রাস পায়
T0779,9-10-biology_secondary-5-18,5,ক্লোরোসিসে,কারণ,উদ্ভিদের বৃদ্ধি কমে যায়
T0780,9-10-biology_secondary-5-181,5,পানি,পরিমাণ,শতকরা 90 ভাগ
T0781,9-10-biology_secondary-5-181,5,পানি,কারণ,ফ্লুইড অফ লাইফ বলা হয়ে থাকে
T0782,9-10-biology_secondary-5-181,5,পানির পরিমাণ,কারণ,প্রোটোপ্লাজম সংকুচিত হয়ে অকার্যকর পর্যন্ত হতে পারে
T0783,9-10-biology_secondary-5-181,5,পানির অভাব,কারণ,উদ্ভিদের বিপাকীয় বিক্রিয়া বন্ধ হয়ে যাবে
T0784,9-10-biology_secondary-5-185,5,কলয়েড জাতীয় শুকনা বা আধা শুকনা পদার্থ,কাজ,তরল পদার্থ শুষে নেয়
T0785,9-10-biology_secondary-5-185,5,সেলুলোজ,প্রকার,হাইড্রোফিলিক পদার্থ
T0786,9-10-biology_secondary-5-185,5,স্টার্চ,প্রকার,হাইড্রোফিলিক পদার্থ
T0787,9-10-biology_secondary-5-185,5,জিলাটিন,প্রকার,হাইড্রোফিলিক পদার্থ
T0788,9-10-biology_secondary-5-185,5,কাঠের খণ্ডটি,কারণ,ইমবাইবিশন প্রক্রিয়ায় পানি শোষণ করে স্ফীত হয়ে ওঠে
T0789,9-10-biology_secondary-5-188,5,মেসোফিল টিস্যু,কারণ,পাতার পানির ঘাটতি
T0790,9-10-biology_secondary-5-188,5,মেসোফিল টিস্যু,কাজ,পানি টেনে নেয়
T0791,9-10-biology_secondary-5-19,5,ফসফরাসের অভাব,লক্ষণ,পাতা বেগুনি হয়ে যায়
T0792,9-10-biology_secondary-5-19,5,ফসফরাসের অভাব,লক্ষণ,মৃত অঞ্চল সৃষ্টি হয়
T0793,9-10-biology_secondary-5-19,5,ফসফরাসের অভাব,লক্ষণ,"পাতা, ফুল ও ফল ঝরে যেতে পারে"
T0794,9-10-biology_secondary-5-19,5,ফসফরাসের অভাব,লক্ষণ,উদ্ভিদের বৃদ্ধি বন্ধ হয়ে যায়
T0795,9-10-biology_secondary-5-19,5,ফসফরাসের অভাব,লক্ষণ,উদ্ভিদ খর্বাকার হয়
T0796,9-10-biology_secondary-5-190,5,অভিপ্রবণ,কারণ,দ্রাবকের ব্যাপন
T0797,9-10-biology_secondary-5-20,5,পটাশিয়ামের অভাব,লক্ষণ,পাতার শীর্ষ এবং কিনারা হলুদ হয় এবং মৃত অঞ্চল সৃষ্টি হয়
T0798,9-10-biology_secondary-5-20,5,পটাশিয়ামের অভাব,লক্ষণ,পাতার শিরার মধ্যবর্তী স্থানে ক্লোরোসিস হয়ে হলুদবর্ণ ধারণ করে
T0799,9-10-biology_secondary-5-20,5,পটাশিয়ামের অভাব,লক্ষণ,পাতার কিনারায় পুড়ে যাওয়া সদৃশ বাদামি রং দেখা যায় এবং পাতা কুঁকড়ে আসে
T0800,9-10-biology_secondary-5-20,5,পটাশিয়ামের অভাব,লক্ষণ,উদ্ভিদের বৃদ্ধি কম হয়
T0801,9-10-biology_secondary-5-20,5,পটাশিয়ামের অভাব,লক্ষণ,শীর্ষ ও পার্শ্ব মুকুল মরে যায়
T0802,9-10-biology_secondary-5-20,5,পটাশিয়ামের অভাব,লক্ষণ,"খাদ্য, পুষ্টি এবং পরিপাক"
T0803,9-10-biology_secondary-5-21,5,উদ্ভিদের বর্ধনশীল শীর্ষ অঞ্চল,লক্ষণ,মরে যায়
T0804,9-10-biology_secondary-5-21,5,পাতার কিনারা বরাবর অঞ্চলগুলো,লক্ষণ,মরে যায়
T0805,9-10-biology_secondary-5-21,5,পাতা,লক্ষণ,কুঁকড়ে যায়
T0806,9-10-biology_secondary-5-21,5,ফুল ফোটার সময় উদ্ভিদের কাণ্ড,লক্ষণ,শুকিয়ে যায়
T0807,9-10-biology_secondary-5-21,5,উদ্ভিদ,লক্ষণ,হঠাৎ নেতিয়ে পড়ে
T0808,9-10-biology_secondary-5-22,5,ম্যাগনেসিয়ামের অভাব,লক্ষণ,সবুজ রং হালকা হয়ে যায় এবং সালোকসংশ্লেষণের হার কমে যায়
T0809,9-10-biology_secondary-5-22,5,ম্যাগনেসিয়ামের অভাব,লক্ষণ,তুলনামূলকভাবে ক্লোরোসিস হয় মধ্যবতী স্থানে
T0810,9-10-biology_secondary-5-22,5,লৌহের অভাব,লক্ষণ,পাতার রং হালকা হয়ে যায়
T0811,9-10-biology_secondary-5-22,5,লৌহের অভাব,লক্ষণ,পাতার সরু শিরার মধ্যবতী স্থানে প্রথম হালকা হয় এবং ক্লোরোসিস হয়
T0812,9-10-biology_secondary-5-22,5,লৌহের অভাব,লক্ষণ,সম্পূর্ণ পাতা বিবর্ণ হয়ে যায়
T0813,9-10-biology_secondary-5-22,5,লৌহের অভাব,লক্ষণ,কাণ্ড দুর্বল এবং ছোট হয়
T0814,9-10-biology_secondary-5-23,5,সালফার,কারণ,পাতা হালকা সবুজ হওয়া
T0815,9-10-biology_secondary-5-23,5,সালফার,কারণ,পাতায় লাল ও বেগুনি দাগ দেখা যাওয়া
T0816,9-10-biology_secondary-5-23,5,সালফারের অভাব,কারণ,কচি পাতায় বেশি ক্লোরোসিস হওয়া
T0817,9-10-biology_secondary-5-23,5,সালফারের অভাব,কারণ,বয়োবৃদ্ধ পাতায় কম ক্লোরোসিস হওয়া
T0818,9-10-biology_secondary-5-23,5,সালফারের অভাব,কারণ,"মূল, কাণ্ড এবং পাতার শীর্ষ ছোট হওয়া"
T0819,9-10-biology_secondary-5-23,5,সালফারের অভাব,কারণ,গাছ খর্বাকৃতির হওয়া
T0820,9-10-biology_secondary-5-24,5,বোরন,অবস্থান,কোষপ্রাচীরের কাঠামোর মধ্যে
T0821,9-10-biology_secondary-5-24,5,বোরন,কারণ,পর্যাপ্ত দৃঢ়তা না পেয়ে এবং বিপাকে গোলযোগ হওয়া
T0822,9-10-biology_secondary-5-25,5,খাদ্য,কাজ,দেহে তাপ এবং শত্তি তৈরি
T0823,9-10-biology_secondary-5-25,5,খাদ্য,কাজ,জীবকোষে জারিত হয়ে
T0824,9-10-biology_secondary-5-25,5,খাদ্য,কাজ,শত্তি প্রয়োজন
T0825,9-10-biology_secondary-5-26,5,খাদ্য উপাদান,সংজ্ঞা,রাসায়নিক বস্তু
T0826,9-10-biology_secondary-5-26,5,খাদ্য উপাদান,কারণ,পুষ্টি
T0827,9-10-biology_secondary-5-26,5,খাদ্যের উপাদান,কাজ,খাদ্য হিসেবে শ্রেণিভুক্ত করা
T0828,9-10-biology_secondary-5-26,5,খাদ্যবস্তু,অংশ,তিন ভাগ
T0829,9-10-biology_secondary-5-27,5,আমিষ,কাজ,দেহের বৃদ্ধিসাধন এবং ক্ষয়পূরণ
T0830,9-10-biology_secondary-5-27,5,শর্করা,কাজ,দেহে শক্তি উৎপাদন
T0831,9-10-biology_secondary-5-27,5,স্নেহ ও চর্বিজাতীয় খাদ্য,কাজ,দেহে তাপ এবং শত্তি উৎপাদন
T0832,9-10-biology_secondary-5-28,5,পানি,কাজ,দেহে পানি এবং তাপের সমতা রক্ষা করে
T0833,9-10-biology_secondary-5-28,5,পানি,কাজ,কোষের কার্যাদি নিয়ন্ত্রণ করে
T0834,9-10-biology_secondary-5-28,5,পানি,কাজ,রন কোষ ও তার অঙ্গাণুগুলোকে ধারণ করে
T0835,9-10-biology_secondary-5-29,5,রাফেজ,কাজ,পানি শোষণ
T0836,9-10-biology_secondary-5-29,5,রাফেজ,কাজ,মলের পরিমাণ বৃদ্ধি
T0837,9-10-biology_secondary-5-29,5,রাফেজ,কাজ,বৃহদন থেকে মল নিষ্কাশনে সাহায্য
T0838,9-10-biology_secondary-5-30,5,আমিষ,পরিমাণ,শতকরা 16 ভাগ নাইট্রোজেন
T0839,9-10-biology_secondary-5-30,5,আমিষ,কারণ,গুরুত্ব শর্করা ও স্নেহ পদার্থ থেকে আলাদা করার
T0840,9-10-biology_secondary-5-30,5,আমিষ,কারণ,শরীরে নাইট্রোজেন সরবরাহ করার
T0841,9-10-biology_secondary-5-33,5,শর্করা,কাজ,শরীরে কাজ করার শত্তি যোগায়
T0842,9-10-biology_secondary-5-34,5,শর্করা,প্রকার,এক শর্করা
T0843,9-10-biology_secondary-5-34,5,শর্করা,প্রকার,দ্বি-শর্করা
T0844,9-10-biology_secondary-5-34,5,শর্করা,প্রকার,শর্করা
T0845,9-10-biology_secondary-5-36,5,চর্বি,কাজ,তাপ উৎপাদন
T0846,9-10-biology_secondary-5-36,5,চর্বি,অবস্থান,পাকস্থলীতে
T0847,9-10-biology_secondary-5-36,5,চর্বি,অবস্থান,ত্বকের নিচে
T0848,9-10-biology_secondary-5-36,5,চর্বি,অবস্থান,যকৃৎ
T0849,9-10-biology_secondary-5-36,5,চর্বি,অবস্থান,মস্তিষ্ক
T0850,9-10-biology_secondary-5-36,5,চর্বি,অবস্থান,মাংস পেশি
T0851,9-10-biology_secondary-5-36,5,চর্বি,কাজ,উপবাসের সময় কাজে লাগা
T0852,9-10-biology_secondary-5-36,5,খাবার তেল বা ঘি,কাজ,খাবার সুস্বাদু করা
T0853,9-10-biology_secondary-5-36,5,খাবার তেল বা ঘি,কাজ,খাবার পুষন্টিমান বেড়ানো
T0854,9-10-biology_secondary-5-40,5,চর্বিতে দ্রবণীয় ভিটামিন,প্রকার,ভিটামিন /
T0855,9-10-biology_secondary-5-40,5,চর্বিতে দ্রবণীয় ভিটামিন,প্রকার,ভিটামিন &
T0856,9-10-biology_secondary-5-40,5,চর্বিতে দ্রবণীয় ভিটামিন,প্রকার,ভিটামিন 7
T0857,9-10-biology_secondary-5-41,5,ভিটামিন চ,প্রতিরোধ,ভিটামিন ঢ এবং 1
T0858,9-10-biology_secondary-5-43,5,খনিজ লবণ,অবস্থান,দেহ গঠন ও দেহের অভ্যন্তরীণ কাজ নিয়ন্দ্রণ
T0859,9-10-biology_secondary-5-43,5,খনিজ লবণ,কাজ,"হাড়, দাঁত, পেশি, এনজাইম এবং হরমোন গঠন"
T0860,9-10-biology_secondary-5-43,5,খনিজ লবণ,কারণ,"স্নায়ুর উদ্দীপনা, পেশি সংকোচন, দেহকোষে পানির সাম্যতা বজায় রাখা, অল্প ও ক্ষারের সমতাবিধান"
T0861,9-10-biology_secondary-5-45,5,দেহের গঠন,অবস্থান,দেহকোষের গঠন এবং প্রতিপালন
T0862,9-10-biology_secondary-5-45,5,পূর্ণবয়স্ক মানুষের দৈহিক ওজন,পরিমাণ,পানির 50%-65%
T0863,9-10-biology_secondary-5-48,5,সেলুলোজ,কাজ,উদ্ভিদের কাঠামো তৈরি
T0864,9-10-biology_secondary-5-48,5,লিগনিন,কাজ,উদ্ভিদের কাঠামো তৈরি
T0865,9-10-biology_secondary-5-48,5,হাড়,কাজ,মানবদেহের কাঠামো তৈরি
T0866,9-10-biology_secondary-5-48,5,রাফেজ,কাজ,বৃহদন্তর থেকে মল নিষ্কাশনে সাহায্য
T0867,9-10-biology_secondary-5-48,5,রাফেজযুক্ত খাবার,কারণ,খাদ্যনালির ক্যাঙ্গারের আশঙ্কা হ্রাস
T0868,9-10-biology_secondary-5-48,5,আঁশযুক্ত খাবার,কারণ,স্থূলতা হ্রাস
T0869,9-10-biology_secondary-5-48,5,আঁশযুক্ত খাবার,কারণ,ক্ষুধাপ্রবণতা হ্রাস
T0870,9-10-biology_secondary-5-48,5,আঁশযুক্ত খাবার,কারণ,চর্বি জমার প্রবণতা হ্রাস
T0871,9-10-biology_secondary-5-50,5,শর্করা,অবস্থান,সবচেয়ে নিচে
T0872,9-10-biology_secondary-5-50,5,চর্বিজাতীয় খাদ্য,অবস্থান,সবচেয়ে উপরে
T0873,9-10-biology_secondary-5-51,5,খাবার তালিকা,অবস্থান,৫.৪ নং চিত্রে পিরামিডের আকারে
T0874,9-10-biology_secondary-5-51,5,খাদ্য পিরামিড,অবস্থান,আমাদের প্রতিদিনের খাবারে
T0875,9-10-biology_secondary-5-55,5,খাদ্যের তালিকা,অবস্থান,অন্তর্ভুন্ত
T0876,9-10-biology_secondary-5-55,5,খাদ্যের তালিকা,কাজ,সুষম খাদ্যের পরিকল্পনা
T0877,9-10-biology_secondary-5-6,5,অত্যাবশ্যকীয় উপাদান,কাজ,"বৃদ্ধি, শারীরবৃত্তীয় কাজ, প্রজনন"
T0878,9-10-biology_secondary-5-6,5,অত্যাবশ্যকীয় উপাদান,লক্ষণ,লক্ষণ
T0879,9-10-biology_secondary-5-62,5,গলগণ্ড,কারণ,আয়োডিনের অভাব
T0880,9-10-biology_secondary-5-62,5,গলগণ্ড,কারণ,খাবারে আয়োডিনের অভাব
T0881,9-10-biology_secondary-5-62,5,গলগণ্ড,কারণ,সমুদ্র থেকে দূরে উত্তরবঙ্গ এবং পার্বত্য এলাকার মাটিতে আয়োডিন কম
T0882,9-10-biology_secondary-5-64,5,জেরোফথ্যালমিয়ার চোখের সংবেদী রড কোষ,কারণ,ক্ষতিগ্রস্ত হয়
T0883,9-10-biology_secondary-5-66,5,ভিটামিন ॥ সমৃদ্ধ খাদ্য,প্রতিরোধ,রোগ
T0884,9-10-biology_secondary-5-67,5,রোগ,কারণ,ভিটামিন 7 এর অভাব
T0885,9-10-biology_secondary-5-71,5,রক্তশূন্যতা,অবস্থান,দেহের এমন একটি অবস্থা
T0886,9-10-biology_secondary-5-71,5,লৌহ,কারণ,রক্তস্বল্পতা দেখা যায়
T0887,9-10-biology_secondary-5-71,5,ফলিক আ্যাসিড,কারণ,রক্তস্বল্পতা দেখা যায়
T0888,9-10-biology_secondary-5-71,5,ভিটামিন বি-12,কারণ,রক্তস্বল্পতা দেখা যায়
T0889,9-10-biology_secondary-5-71,5,রক্তস্বল্পতা,কারণ,পুষ্টি উপাদানের ঘাটতি না হয়েও হতে পারে
T0890,9-10-biology_secondary-5-71,5,লৌহের ঘাটতি,কারণ,রক্তস্বল্পতা বেশি হতে পারে
T0891,9-10-biology_secondary-5-71,5,শিশুদের,অবস্থান,রক্তস্বল্পতা বেশি হয়
T0892,9-10-biology_secondary-5-71,5,প্রজননের উপযুক্ত বয়সী নারীদের,অবস্থান,15-45 বছর
T0893,9-10-biology_secondary-5-71,5,গর্ভবতীদের,অবস্থান,রক্তস্বল্পতা বেশি হয়
T0894,9-10-biology_secondary-5-72,5,লৌহের অভাব,অবস্থান,অন্তরে
T0895,9-10-biology_secondary-5-72,5,লৌহের অভাব,কারণ,রক্তশূন্যতা
T0896,9-10-biology_secondary-5-72,5,রক্তশূন্যতা,লক্ষণ,দুর্বলতা অনুভব করা
T0897,9-10-biology_secondary-5-72,5,রক্তশূন্যতা,লক্ষণ,মাথাব্যথা
T0898,9-10-biology_secondary-5-72,5,রক্তশূন্যতা,লক্ষণ,মনমরা
T0899,9-10-biology_secondary-5-76,5,মাংসপেশি,কাজ,চলনে সাহায্য
T0900,9-10-biology_secondary-5-78,5,খাদ্য শক্তি পরিমাপের একক,পরিমাণ,৫.৪.১
T0901,9-10-biology_secondary-5-80,5,খাদ্য ক্যালরি,পরিমাণ,১ কিলোক্যালরি
T0902,9-10-biology_secondary-5-85,5,দৈনিক প্রয়োজন,পরিমাণ,২০০০ কিলোক্যালরি
T0903,9-10-biology_secondary-5-86,5,বিএমআর ও বিএমআই,কাজ,শরীরের সুস্থতা এবং স্থূলতার নির্ণয়
T0904,9-10-biology_secondary-5-87,5,নারীর বিএমআর,পরিমাণ,655 + (9.6 * 94) + (1.8 * 165) - (4.7 * 33)
T0905,9-10-biology_secondary-5-87,5,ছেলেদের বিএমআর,পরিমাণ,66 + (13.7 * 94) + (5 * 165) - (6.8 * 33)
T0906,9-10-biology_secondary-5-9,5,মাইক্রোনিউট্রিয়েন্ট,প্রকার,7 টি
T0907,9-10-biology_secondary-5-9,5,মাইক্রোনিউট্রিয়েন্ট,কারণ,দস্তা বা জিংক (710)
T0908,9-10-biology_secondary-5-9,5,মাইক্রোনিউট্রিয়েন্ট,কারণ,ম্যাংগানিজ (410)
T0909,9-10-biology_secondary-5-9,5,মাইক্রোনিউট্রিয়েন্ট,কারণ,মোলিবডেনাম (040)
T0910,9-10-biology_secondary-5-9,5,মাইক্রোনিউট্রিয়েন্ট,কারণ,বোরন (8)
T0911,9-10-biology_secondary-5-9,5,মাইক্রোনিউট্রিয়েন্ট,কারণ,তামা বা কপার (দস)
T0912,9-10-biology_secondary-5-9,5,মাইক্রোনিউট্রিয়েন্ট,কারণ,ক্লোরিন (0)
T0913,9-10-biology_secondary-5-9,5,মাইক্রোনিউট্রিয়েন্ট,কারণ,লৌহ (৮6)
T0914,9-10-biology_secondary-5-90,5,বিএমআর,অবস্থান,শরীরের 60 থেকে 75 ভাগ
T0915,9-10-biology_secondary-5-90,5,বিএমআর,কাজ,শক্তির উৎপাদন নিয়ন্ত্রণ
T0916,9-10-biology_secondary-5-90,5,খাদ্য,পরিমাণ,মাত্র 10-20 শতাংশ
T0917,9-10-biology_secondary-5-90,5,শারীরিক শ্রম,পরিমাণ,20 থেকে 30 শতাংশ
T0918,9-10-biology_secondary-5-91,5,বিএমআই,সংজ্ঞা,দেহের ওজন (কেজি)/ দেহের উচ্চতা (মিটার)
T0919,9-10-biology_secondary-5-91,5,বিএমআই,পরিমাণ,18.5-24.9
T0920,9-10-biology_secondary-5-91,5,বিএমআই,পরিমাণ,18.5-এর নিচে
T0921,9-10-biology_secondary-5-92,5,25-29.9 শরীরের ওজন,কাজ,অতিরিক্ত ওজন কমানো প্রয়োজন
T0922,9-10-biology_secondary-5-92,5,30-34.9 শরীরের ওজন,কাজ,বেছে খাদ্যগ্রহণ ও ব্যায়াম করা প্রয়োজন
T0923,9-10-biology_secondary-5-92,5,35-39.9 শরীরের ওজন,কাজ,পরিমিত খাদ্যগ্রহণ ও ব্যায়াম করা প্রয়োজন
T0924,9-10-biology_secondary-5-92,5,40 এর উপরে শরীরের ওজন,কাজ,মৃত্যুঝুকির আশঙ্কা ও ডাক্তারের পরামর্শের প্রয়োজন
T0925,9-10-biology_secondary-5-95,5,ইন্টারনেট আসন্তি,কারণ,খুবই কম হাঁটাচলা কিংবা দৌড়া দৌড়ি করা
T0926,9-10-biology_secondary-5-96,5,শরীরচর্চা,অংশ,জীববিজ্ঞান
T0927,9-10-biology_secondary-5-97,5,খাদ্য সংরক্ষণ,কাজ,খাদ্যের পচন রোধ করে
T0928,9-10-biology_secondary-5-97,5,খাদ্য সংরক্ষণ,কাজ,খাদ্যের গুণাগুণ রাসায়নিক পদার্থের ব্যবহার দ্বারা গ্রহণযোগ্যতা বজায় রাখে
T0929,9-10-biology_secondary-5-97,5,খাদ্য সংরক্ষণ,কারণ,পচনসৃষ্টিকারী ব্যাকটেরিয়া ও ছত্রাকের সংক্রমণ বন্ধ করা
T0930,9-10-biology_secondary-5-97,5,খাদ্য সংরক্ষণ,কারণ,খাদ্যের চর্বিজাতীয় অংশের জারণ বন্ধ করা
T0931,9-10-biology_secondary-6-102,6,স্বাভাবিক সিস্টোলিক চাপ,পরিমাণ,১২০ মিলিমিটার পারদের নিচে
T0932,9-10-biology_secondary-6-102,6,স্বাভাবিক ডায়াস্টোলিক চাপ,পরিমাণ,৮০ মিলিমিটার পারদের নিচে
T0933,9-10-biology_secondary-6-103,6,উচ্চ রক্তচাপ,কারণ,বাবা বা মায়ের উচ্চ রক্তচাপ
T0934,9-10-biology_secondary-6-103,6,উচ্চ রক্তচাপ,কারণ,স্নায়বিক চাপে বেশি ভোগ ও ধূমপানের অভ্যাস
T0935,9-10-biology_secondary-6-103,6,উচ্চ রক্তচাপ,কারণ,দেহের ওজন বেশি বেড়ে গেলে লবণ এবং চর্বিযুক্ত খাদ্য বেশি খেলা
T0936,9-10-biology_secondary-6-103,6,উচ্চ রক্তচাপ,কারণ,পরিবারের সদস্যদের ডায়াবেটিস বা কোলেস্টেরলের পূর্ব ইতিহাস
T0937,9-10-biology_secondary-6-103,6,উচ্চ রক্তচাপ,কারণ,খিঁচুনি রোগের কারণে মায়ের রক্তচাপ বৃদ্ধি
T0938,9-10-biology_secondary-6-107,6,উচ্চ রক্তচাপের প্রতিকার,কারণ,টাটকা ফল এবং শাক-সবজি খাওয়ার অভ্যাস করা
T0939,9-10-biology_secondary-6-107,6,উচ্চ রক্তচাপের প্রতিকার,কারণ,দেহের ওজন নিয়ন্ত্রণে রেখে শারীরিক পরিশ্রম করা বা ব্যায়াম করা
T0940,9-10-biology_secondary-6-107,6,উচ্চ রক্তচাপের প্রতিকার,কারণ,ধূমপান ত্যাগ করা
T0941,9-10-biology_secondary-6-108,6,রক্তচাপের মাত্রা,কারণ,"কর্মতৎপরতা, স্বাস্থ্য, বয়স এবং রোগের কারণ"
T0942,9-10-biology_secondary-6-109,6,কোলেস্টেরল হাইড্রোকার্বন কোলেস্টেইন,অংশ,কোলেস্টেরল লিপোপ্রোটিন
T0943,9-10-biology_secondary-6-109,6,লিপোপ্রোটিন,অবস্থান,রক্তে
T0944,9-10-biology_secondary-6-109,6,রক্তে,পরিমাণ,৩ ধরনের লিপোপ্রোটিন
T0945,9-10-biology_secondary-6-109,6,কোলেস্টেরল,কারণ,হৃদরোগের ঝুঁকি বাড়ায়
T0946,9-10-biology_secondary-6-11,6,অভিন্রবণ,কাজ,উদ্ভিদ মাটি থেকে মূল দিয়ে পানি শোষণ
T0947,9-10-biology_secondary-6-11,6,মূলরোম,কাজ,পানি শোষণ
T0948,9-10-biology_secondary-6-11,6,উদ্ভিদ,কাজ,মাটি থেকে খনিজ পুষ্টি শোষণ
T0949,9-10-biology_secondary-6-11,6,কোষরস,সংজ্ঞা,কোষের ভিতরকার পানি এবং পানিতে দ্রবীভূত খনিজ লবণ
T0950,9-10-biology_secondary-6-111,6,অধিক মাত্রার কোলেস্টেরল,অবস্থান,খাদ্যে
T0951,9-10-biology_secondary-6-112,6,হৃৎপিণ্ডের করোনারি ধমনিগাত্রে,কারণ,ধমনিতে স্বাভাবিক র্তুপ্রবাহে বিঘ্ন ঘটে
T0952,9-10-biology_secondary-6-112,6,হৃৎপিণ্ড,কাজ,অক্সিজেন এবং খাদ্যসার সরবরাহ
T0953,9-10-biology_secondary-6-112,6,হৃৎপিণ্ড,অবস্থান,হৃৎপিণ্ডে
T0954,9-10-biology_secondary-6-112,6,বুকে,লক্ষণ,ব্যথা অনুভূত হয়
T0955,9-10-biology_secondary-6-112,6,ধমনির গায়ে,কারণ,ধমনির র্তপ্রবাহ বাধাগ্রস্ত হয়
T0956,9-10-biology_secondary-6-114,6,কোলেস্টেরল কোষপ্রাচীর,কাজ,তৈরি এবং রক্ষার
T0957,9-10-biology_secondary-6-114,6,কোলেস্টেরল,কাজ,হরমোন এনড্রোজেন ও ইস্ট্রোজেন তৈরিতে সাহায্য
T0958,9-10-biology_secondary-6-114,6,কোলেস্টেরল,কাজ,পিত্ত তৈরি
T0959,9-10-biology_secondary-6-118,6,লোহিত রক্তকোষ,কাজ,সরবরাহের কাজ
T0960,9-10-biology_secondary-6-118,6,লিউকেমিয়া,কারণ,অস্বাভাবিক শ্বেত রক্তকোষের বৃদ্ধি
T0961,9-10-biology_secondary-6-118,6,রোগী,লক্ষণ,দুর্বল বোধ
T0962,9-10-biology_secondary-6-118,6,রোগী,লক্ষণ,ফ্যাকাশে হওয়া
T0963,9-10-biology_secondary-6-118,6,রোগী,লক্ষণ,শ্বাসকষ্ট
T0964,9-10-biology_secondary-6-118,6,দেহ,লক্ষণ,অস্বাভাবিক রক্তক্ষরণ
T0965,9-10-biology_secondary-6-118,6,দেহ,লক্ষণ,লাল বর্ণের দাগ
T0966,9-10-biology_secondary-6-118,6,পায়ের গিঁটে,লক্ষণ,ব্যথা
T0967,9-10-biology_secondary-6-118,6,লিউকেমিয়ায় আক্রান্ত ব্যক্তি,লক্ষণ,বিভিন্ন রোগজীবাণু দ্বারা আক্রান্ত হন
T0968,9-10-biology_secondary-6-118,6,রক্ত,লক্ষণ,দীর্ঘমেয়াদি জ্বর
T0969,9-10-biology_secondary-6-118,6,লসিকা গ্রন্থি,লক্ষণ,ফুলে যেতে পারে
T0970,9-10-biology_secondary-6-121,6,হার্ট আ্যাটাক,কারণ,চর্বি জমে রক্ত চলাচলে ব্যাঘাত সৃষ্টি
T0971,9-10-biology_secondary-6-121,6,হার্ট আ্যাটাক,কারণ,প্রাণঘাতী রোগ
T0972,9-10-biology_secondary-6-121,6,হৃৎপিণ্ড,কাজ,রক্তের মাধ্যমে অক্সিজেন এবং খাবারের সারবস্তু পৌঁছান
T0973,9-10-biology_secondary-6-121,6,হৃৎপিণ্ড,অংশ,তিনটি প্রধান রক্তনালি
T0974,9-10-biology_secondary-6-122,6,রোগ,কারণ,দেহের ওজন বেড়ে যাওয়া
T0975,9-10-biology_secondary-6-122,6,রোগ,কারণ,রক্তে গ্লুকোজের মাত্রা অনিয়ন্ত্রিত থাকা
T0976,9-10-biology_secondary-6-122,6,রোগ,কারণ,অস্বাস্থ্যকর খাদ্যাভ্যাস
T0977,9-10-biology_secondary-6-122,6,রোগ,কারণ,অলস জীবনযাপন
T0978,9-10-biology_secondary-6-122,6,রোগ,কারণ,শারীরিক পরিশ্রম না করা
T0979,9-10-biology_secondary-6-122,6,রোগ,কারণ,"হতাশা, দুশ্চিন্তাগ্রস্ত ও বিমর্ষ থাকা"
T0980,9-10-biology_secondary-6-125,6,স্ট্রেপটোকক্কাস,লক্ষণ,"জ্বর, টনসিলের প্রদাহ অথবা মধ্যকর্ণের সংককামক রোগ"
T0981,9-10-biology_secondary-6-125,6,হৃৎপিণ্ড,অবস্থান,হৃৎপেশি এবং হৃৎপিণ্ডের কপাটিকা বা ভালভ
T0982,9-10-biology_secondary-6-125,6,হৃৎপিণ্ড,কারণ,হৃৎপিণ্ড যদি এ রোগে পূর্ণভাবে আক্রান্ত নাও হয়
T0983,9-10-biology_secondary-6-125,6,হৃৎপিণ্ড,কারণ,হৃৎপেশি এবং হৃৎপিণ্ডের কপাটিকা বা ভালভ অনেক সময় ক্ষতিগ্রস্ত হয়
T0984,9-10-biology_secondary-6-128,6,হৃৎপিণ্ড,কাজ,মানুষের বাঁচা-মরায়
T0985,9-10-biology_secondary-6-128,6,হৃৎপিণ্ড,অবস্থান,ভূমিষ্ঠ
T0986,9-10-biology_secondary-6-128,6,হৃৎপিণ্ড,কাজ,সঠিক জীবনধারা এবং খাদ্য নির্বাচন
T0987,9-10-biology_secondary-6-128,6,তেল বা চর্বিজাতীয় খাদ্য,কারণ,হৃৎপিণ্ডের কার্যক্কমকে ব্যাহত করা
T0988,9-10-biology_secondary-6-128,6,রক্তের কোলেস্টেরল,প্রতিরোধ,হৃৎপিণ্ডের রন্তনালিতে প্রতিবন্ধকতা সৃষ্টি করা
T0989,9-10-biology_secondary-6-129,6,মাদক সেবন,কারণ,হৃৎপিণ্ডের ক্রিয়া ও হৃৎস্পন্দন সাধারণ মান থেকে বৃদ্ধি পায়
T0990,9-10-biology_secondary-6-129,6,মাদকসেবী,কারণ,তার হৃৎপিণ্ডের অনেক ক্ষতি হয়
T0991,9-10-biology_secondary-6-129,6,সিগারেটের তামাক,কারণ,হৃৎপেশির ক্ষতি করে
T0992,9-10-biology_secondary-6-129,6,সঠিক খাদ্য নির্বাচন,কারণ,হৃৎপিন্ডকে সুস্থ রাখা যায়
T0993,9-10-biology_secondary-6-129,6,মেদ সৃষ্টিকারী খাদ্য,কারণ,হৃৎপিন্ডকে সুস্থ রাখা যায়
T0994,9-10-biology_secondary-6-129,6,সুষম খাদ্য গ্রহণ,কারণ,হৃৎপিন্ডকে সুস্থ রাখা যায়
T0995,9-10-biology_secondary-6-129,6,প্রতিদিন পরিমিত ব্যায়াম,কারণ,সুস্থ জীবন লাভ করা যায়
T0996,9-10-biology_secondary-6-129,6,হাঁটা-চলার মাধ্যমে,কারণ,সুস্থ জীবন লাভ করা যায়
T0997,9-10-biology_secondary-6-134,6,জীবের,কাজ,গ্যাসীয় বিনিময়
T0998,9-10-biology_secondary-6-16,6,উদ্ভিদের কোষ,কাজ,শত্তির যোগান দেয়
T0999,9-10-biology_secondary-6-16,6,ফল,অংশ,খাদ্য জমা থাকে
T1000,9-10-biology_secondary-6-16,6,বীজ,অংশ,খাদ্য জমা থাকে
T1001,9-10-biology_secondary-6-16,6,কাণ্ড,অংশ,খাদ্য জমা থাকে
T1002,9-10-biology_secondary-6-16,6,মূল,অংশ,খাদ্য জমা থাকে
T1003,9-10-biology_secondary-6-16,6,পাতা,অংশ,খাদ্য জমা থাকে
T1004,9-10-biology_secondary-6-18,6,ফ্লোয়েম,কাজ,খাদ্য চলাচলে দ্রুত ও কার্যকর পরিবহণব্যবস্থা থাকার দরকার
T1005,9-10-biology_secondary-6-18,6,সিভনল,কারণ,পাতলা প্রাচীরযুক্ত কেন্দ্রিকাবিহীন কোষ
T1006,9-10-biology_secondary-6-18,6,সিভনল,কারণ,দুটো কোষের মধ্যবর্তী অনুপ্রস্থ প্রাচীর
T1007,9-10-biology_secondary-6-18,6,সিভনল,কারণ,খাদ্যদ্রব্য সহজেই এক কোষ থেকে অন্য কোষে চলাচল করতে পারে
T1008,9-10-biology_secondary-6-18,6,সিভনল,কারণ,চালুনির মতো আকার ধারণ করে
T1009,9-10-biology_secondary-6-18,6,সিভনল,কারণ,খাদ্য চলাচলে বিঘ্ন ঘটে
T1010,9-10-biology_secondary-6-2,6,উদ্ভিদ,কাজ,মাটির কৈশিক পানি শোষণ
T1011,9-10-biology_secondary-6-20,6,উদ্ভিদ,প্রকার,মূল দিয়ে তার প্রয়োজনীয় পানি শোষণ করে
T1012,9-10-biology_secondary-6-20,6,শোষিত পানির অংশ,কাজ,উদ্ভিদের বিভিন্ন জৈবিক কার্যাবলির জন্য ব্যয় হয়
T1013,9-10-biology_secondary-6-20,6,অবশিষ্ট পানি,অবস্থান,উদ্ভিদের বায়বীয় অংশ
T1014,9-10-biology_secondary-6-20,6,অবশিষ্ট পানি,কাজ,বাধ্পাকারে বাইরে বের হয়ে যায়
T1015,9-10-biology_secondary-6-20,6,স্থলজ উদ্ভিদ,কাজ,স্থলজ উদ্ভিদ যে শারীরতন্ত্বীয় প্রক্রিয়ায় তার বায়বীয় অঙ্গের মাধ্যমে বাধ্পাকারে পানি বের করে দেয়
T1016,9-10-biology_secondary-6-20,6,স্থলজ উদ্ভিদ,কারণ,প্রস্বেদন বা বাঞ্পমোচন প্রক্রিয়া
T1017,9-10-biology_secondary-6-20,6,স্থলজ উদ্ভিদ,অংশ,পত্ররন্ধীয় প্রস্বেদন
T1018,9-10-biology_secondary-6-20,6,স্থলজ উদ্ভিদ,অংশ,কিউটিকুলার প্রস্বেদন
T1019,9-10-biology_secondary-6-20,6,স্থলজ উদ্ভিদ,অংশ,লেন্টিকুলার প্রস্বেদন
T1020,9-10-biology_secondary-6-21,6,পত্ররন্ধ,প্রকার,রম্ধ
T1021,9-10-biology_secondary-6-21,6,পত্ররন্ধ,অবস্থান,"পত্ররনম্বীয় প্রস্বেদন, কচিকান্ডে, ফুলের বৃতি ও পাপড়ি"
T1022,9-10-biology_secondary-6-23,6,লেন্টিসেল,কাজ,কোষগুলো আলাদাভাবে সজ্জিত থাকে
T1023,9-10-biology_secondary-6-23,6,লেন্টিসেল,কারণ,লেন্টিকুলার প্রস্বেদন
T1024,9-10-biology_secondary-6-26,6,বায়ু,অবস্থান,অসম্পৃষ্ট
T1025,9-10-biology_secondary-6-26,6,বায়ু,অবস্থান,সম্পৃক্ত
T1026,9-10-biology_secondary-6-27,6,আলো,লক্ষণ,পত্ররস্ব খুলে যান
T1027,9-10-biology_secondary-6-27,6,আলো,লক্ষণ,প্রস্বেদনের হার বৃদ্ধি পায়
T1028,9-10-biology_secondary-6-27,6,আলো,কাজ,আকারেও হাস-বৃদ্ধি ঘটায়
T1029,9-10-biology_secondary-6-27,6,আলো,লক্ষণ,প্রস্বেদনের হারও ওঠা-নামা করে
T1030,9-10-biology_secondary-6-28,6,বায়ুপ্রবাহ,কারণ,প্রস্বেদনের হারের তারতম্য
T1031,9-10-biology_secondary-6-28,6,বাষ্দীয়ভবন,কারণ,বাধ্দীয়ভবন ক্রিয়া হাস
T1032,9-10-biology_secondary-6-28,6,বাষ্দীয়ভবন,কারণ,প্রস্বেদনের হার কমে যায়
T1033,9-10-biology_secondary-6-32,6,সেলোফেন ব্যাগ,অবস্থান,ভেতরে
T1034,9-10-biology_secondary-6-32,6,পানির কণা,অবস্থান,পাতা থেকেই বেরিয়েছে
T1035,9-10-biology_secondary-6-32,6,উদ্ভিদ,কাজ,পানি বাষ্পাকারে দেহের বাইরে বের করে দেয়
T1036,9-10-biology_secondary-6-35,6,শীত মৌসুমে,কারণ,উদ্ভিদের পাতা ঝরিয়ে দেয়
T1037,9-10-biology_secondary-6-36,6,প্রস্বেদন,কারণ,অত্যাবশ্যকীয় কার্যক্কম উদ্ভিদের জন্য
T1038,9-10-biology_secondary-6-38,6,রক্ত,অবস্থান,রন্তনালির মধ্য
T1039,9-10-biology_secondary-6-38,6,রক্ত,কাজ,দেহের সর্বত্র প্রবাহিত হওয়া
T1040,9-10-biology_secondary-6-38,6,রক্ত,কাজ,কোষে অক্সিজেন ও খাদ্য উপাদান সরবরাহ করায় দেহের সব কোষ সজীব এবং সক্রিয় থাকায়
T1041,9-10-biology_secondary-6-38,6,রক্ত সংবহনতজ্ত্র,কাজ,রক্ত প্রতিনিয়ত দেহের বিভিন্ন অঙ্গ ও অংশে চলাচল করায়
T1042,9-10-biology_secondary-6-38,6,রক্ত,কাজ,"খাদ্য, অক্সিজেন এবং রক্তের বর্জ্য পদার্থ দেহের এক স্থান থেকে অন্য স্থানে পরিবাহিত করায়"
T1043,9-10-biology_secondary-6-39,6,বদ্ধ সংবহনতন্দ্র,কাজ,রক্তু সরাসরি দেহের বিভিন্ন অঙ্গে গিয়ে পৌঁছে
T1044,9-10-biology_secondary-6-4,6,চোষক শত্তি,অবস্থান,মূলরোমে
T1045,9-10-biology_secondary-6-4,6,চোষক শত্তি,কাজ,কোষ থেকে কোষান্তরে অভিস্বণ
T1046,9-10-biology_secondary-6-4,6,চোষক শত্তি,কাজ,মূলের কর্টেক্সে প্রবেশ
T1047,9-10-biology_secondary-6-4,6,পানি,অবস্থান,মূলরোমে
T1048,9-10-biology_secondary-6-41,6,পরিবহণতন্ত্র,অংশ,রক্তু সংবহনতন্ত্র
T1049,9-10-biology_secondary-6-41,6,রক্তু সংবহনতন্ত্র,অংশ,হৃৎপিণ্ড
T1050,9-10-biology_secondary-6-41,6,রক্তু সংবহনতন্ত্র,অংশ,ধমনি
T1051,9-10-biology_secondary-6-41,6,রক্তু সংবহনতন্ত্র,অংশ,শিরা
T1052,9-10-biology_secondary-6-41,6,রক্তু সংবহনতন্ত্র,অংশ,কৈশিকনালি
T1053,9-10-biology_secondary-6-41,6,পরিবহণতন্ত্র,অংশ,লসিকাতন্ত্র
T1054,9-10-biology_secondary-6-41,6,লসিকাতন্ত্র,অংশ,লসিকা
T1055,9-10-biology_secondary-6-41,6,লসিকাতন্ত্র,অংশ,লসিকানালি
T1056,9-10-biology_secondary-6-41,6,লসিকাতন্ত্র,অংশ,ল্যাকটিয়েলনালি
T1057,9-10-biology_secondary-6-42,6,রক্ত,কারণ,রং লাল দেখায়
T1058,9-10-biology_secondary-6-42,6,রক্ত,অবস্থান,"হৃৎপিণ্ড, শিরা, উপশিরা, ধমনি, শখা, ধমনি এবং কৈশিকনালি পথে"
T1059,9-10-biology_secondary-6-43,6,রক্ত,প্রকার,তরল যোজক টিস্যু
T1060,9-10-biology_secondary-6-43,6,রক্ত,অংশ,রক্তরস
T1061,9-10-biology_secondary-6-43,6,রক্ত,অংশ,lohita raktakosha
T1062,9-10-biology_secondary-6-43,6,রক্ত,অংশ,shweta raktakosha
T1063,9-10-biology_secondary-6-43,6,রক্ত,অংশ,anuchakrarika raktakosa
T1064,9-10-biology_secondary-6-44,6,রক্তরস,পরিমাণ,শতকরা প্রায় 55 ভাগ
T1065,9-10-biology_secondary-6-44,6,রক্তরসের উপাদান,প্রকার,পানি
T1066,9-10-biology_secondary-6-44,6,রক্তরসের উপাদান,প্রকার,প্রোটিন
T1067,9-10-biology_secondary-6-44,6,রক্তরসের উপাদান,প্রকার,জৈবযৌগ
T1068,9-10-biology_secondary-6-44,6,রক্তরসের উপাদান,প্রকার,অজৈব লবণ
T1069,9-10-biology_secondary-6-46,6,রক্তকোষ,প্রকার,তিন
T1070,9-10-biology_secondary-6-46,6,রক্তকোষ,প্রকার,লোহিত রক্তকোষ
T1071,9-10-biology_secondary-6-46,6,রক্তকোষ,প্রকার,শ্বেত রক্তকোষ
T1072,9-10-biology_secondary-6-46,6,রক্তকোষ,প্রকার,অণুচক্রিকা
T1073,9-10-biology_secondary-6-48,6,লোহিত রক্তকোষ,কাজ,শ্বাসকার্যে অক্সিজেন পরিবহণ
T1074,9-10-biology_secondary-6-48,6,লোহিত রক্তকোষ,অবস্থান,লাল অস্থিমজ্জায়
T1075,9-10-biology_secondary-6-5,6,উদ্ভিদের পাতা,অবস্থান,ফর্মা-১৭
T1076,9-10-biology_secondary-6-5,6,প্রক্রিয়া,কাজ,অভিস্রবণ ও প্রসশ্বেদন
T1077,9-10-biology_secondary-6-5,6,খনিজ লবণ,কাজ,শোষণ
T1078,9-10-biology_secondary-6-50,6,হিমোগ্লোবিন,কারণ,রক্ত লাল দেখায়
T1079,9-10-biology_secondary-6-50,6,হিমোগ্লোবিন না থাকলে,লক্ষণ,রক্তস্বল্পতা বা রক্তশূন্যতা
T1080,9-10-biology_secondary-6-53,6,শ্বেত রন্তকোষ,কারণ,দেহ বাইরের জীবাণু দ্বারা আক্রান্ত হলে দ্রুত শ্বেত রক্তকোষের বৃদ্ধি ঘটে
T1081,9-10-biology_secondary-6-53,6,মানবদেহে,পরিমাণ,প্রতি ঘনমিলিমিটার রক্তে 4-10 হাজার শ্বেত রক্তকোষ
T1082,9-10-biology_secondary-6-53,6,অসুস্থ মানবদেহে,কারণ,এর সংখ্যা বেড়ে যায়
T1083,9-10-biology_secondary-6-53,6,স্তন্যপায়ীদের রন্তকোষণগুলোর,অংশ,শুধু শ্বেত রক্তকোষে ঢা4& থাকে
T1084,9-10-biology_secondary-6-54,6,শ্বেত রক্তকোষ,প্রকার,আ্যাগ্রানূলোসাইট
T1085,9-10-biology_secondary-6-54,6,লিফ্ফোসাইট,অংশ,আ্যাগ্রানূলোসাইট
T1086,9-10-biology_secondary-6-55,6,মনোসাইট,কাজ,দেহে প্রবেশ করা রোগজীবাণু ধ্বংস করা এবং প্রতিরোধ ক্ষমতা বৃদ্ধি করা
T1087,9-10-biology_secondary-6-55,6,লিম্ফোসাইট,কাজ,ত্যযান্টিবডি গঠন
T1088,9-10-biology_secondary-6-55,6,ফ্যাগোসাইটোসিস,কারণ,রোগজীবাণুকে ধ্বংস করা
T1089,9-10-biology_secondary-6-56,6,গ্রানূলোসাইট,প্রকার,তিন প্রকার
T1090,9-10-biology_secondary-6-56,6,গ্রানূলোসাইট,লক্ষণ,সাইটোগ্লাজম সূক্ষ্ম দানাযুক্ত
T1091,9-10-biology_secondary-6-56,6,গ্রানূলোসাইট,কাজ,নিউট্রোফিল ফ্যাগোসাইটোসিস প্রক্রিয়ায় জীবাণু ভক্ষণ করে
T1092,9-10-biology_secondary-6-56,6,ইওসিনোফিল,কাজ,হিস্টামিন নামক রাসায়নিক পদার্থ নিঃসৃত করে দেহে এলার্জি প্রতিরোধ করে
T1093,9-10-biology_secondary-6-56,6,বেসোফিল,কাজ,হেপারিন নিঃসৃত করে রক্তকে রন্তবাহিকার ভিতরে জমাট বাঁধতে বাধা দেয়
T1094,9-10-biology_secondary-6-57,6,অণুচক্কিকা,অংশ,"গোলাকার, ডিম্বাকার অথবা রড আকারের"
T1095,9-10-biology_secondary-6-57,6,অণুচক্কিকা,অবস্থান,"কোষ অঙ্গাণু- মাইটোকন্ট্রিয়া, গলজি বস্তু"
T1096,9-10-biology_secondary-6-57,6,অণুচক্কিকা,অংশ,অস্থি মজ্জার বৃহদাকার কোষের ছিন্ন অংশ
T1097,9-10-biology_secondary-6-58,6,অণুচক্কিকার,কাজ,রক্ত তঞ্চন করা বা জমাট বাঁধানোতে
T1098,9-10-biology_secondary-6-59,6,অণুচক্রিকা,কাজ,অনিয়মিত আকার ধারণ এবং থোষ্বোপ্লাসটিন তৈরি করা
T1099,9-10-biology_secondary-6-59,6,থোষ্বোপ্লাসটিন,কাজ,প্রোথোমশ্বিনকে ধোঘিনে পরিণত করা
T1100,9-10-biology_secondary-6-59,6,ধোম্বিন,কাজ,রক্তরসের প্রোটিন-ফাইব্রিনোজেনকে ফাইব্রিন জালে পরিণত করে রক্তকে জমাট বাধায় কিংবা রক্তের তঞ্চন ঘটায়
T1101,9-10-biology_secondary-6-59,6,ফাইব্রিন,কারণ,অদ্রবণীয় প্রোটিন
T1102,9-10-biology_secondary-6-59,6,ফাইব্রিন,কাজ,রক্তক্ষরণ বন্ধ করে এবং রক্ত তঞ্চন বাধায়
T1103,9-10-biology_secondary-6-6,6,উদ্ভিদ,কাজ,কিছু পরিমাণ খনিজ লবণ শোষণ
T1104,9-10-biology_secondary-6-6,6,খনিজ লবণ,প্রকার,আয়ন
T1105,9-10-biology_secondary-6-6,6,খনিজ লবণ,কারণ,নিষ্ক্রিয় শোষণ ও সক্রিয় শোষণ
T1106,9-10-biology_secondary-6-61,6,রক্ত,কাজ,অক্সিজেন পরিবহণ
T1107,9-10-biology_secondary-6-61,6,রক্ত,কাজ,কার্বন ডাই-অস্সীইড অপসারণ
T1108,9-10-biology_secondary-6-61,6,রক্ত,কাজ,খাদ্যসার পরিবহণ
T1109,9-10-biology_secondary-6-62,6,দহনক্রিয়া,কাজ,বিভিন্ন অঙ্গে বিভিন্ন মাত্রার তাপ সৃষ্টি এবং তা রক্তের মাধ্যমে দেহের সর্বত্র ছড়িয়ে পড়া
T1110,9-10-biology_secondary-6-62,6,রক্ত,কাজ,"দেহের জন্য ক্ষতিকর বর্জ্য পদার্থ বহন এবং বিভিন্ন অঙ্গের মাধ্যমে সেসব ইউরিয়া, ইউরিক এসিড ও কার্বন ডাই-অক্সাইড হিসেবে নিষ্কাশন করা"
T1111,9-10-biology_secondary-6-63,6,হরমোন,কাজ,বিভিন্ন অঙ্গে সঞ্চালিত হয়
T1112,9-10-biology_secondary-6-63,6,হরমোন,কারণ,বিভিন্ন জৈবিক কাজে গুরুত্বপূর্ণ ভূমিকা পালন করে
T1113,9-10-biology_secondary-6-64,6,শ্বেত রকন্তকোষ,প্রতিরোধ,জীবাণুর আক্রমণ
T1114,9-10-biology_secondary-6-64,6,রক্ত,প্রতিরোধ,রোগ প্রতিরোধ ক্ষমতা বৃদ্ধি
T1115,9-10-biology_secondary-6-64,6,অণুচক্রিকা,প্রতিরোধ,রক্ত জমাট বাঁধা
T1116,9-10-biology_secondary-6-65,6,রক্তরসে,পরিমাণ,৪ ও ৮ দুধরনের আ্যান্টিবডি
T1117,9-10-biology_secondary-6-65,6,লোহিত রক্ত কণিকায়,পরিমাণ,"৪, এবং ৮ নামক দুই ধরনের আ্যান্টিজেন"
T1118,9-10-biology_secondary-6-65,6,মানুষের রক্ত,অবস্থান,চারটি গ্রুপে
T1119,9-10-biology_secondary-6-65,6,মানুষের রক্ত,কাজ,র্লা্ড গ্রুপ বলে ভাগ করা
T1120,9-10-biology_secondary-6-71,6,রেসাস (80) ফ্যাক্টর,কারণ,গ্রহীতা বা রোগী আরও অসুস্থ হয়ে পড়তে পারেন
T1121,9-10-biology_secondary-6-71,6,রেসাস (8) ফ্যাক্টর,অবস্থান,না মিলিয়ে গ্রহীতাকে রক্ত পরিসঞ্চালন করলে
T1122,9-10-biology_secondary-6-71,6,রক্তের গ্রুপগুলো,পরিমাণ,"/%+, এ&-, 8+ 8-, &8+, &8-, 0+ এবং 0-"
T1123,9-10-biology_secondary-6-71,6,সি ইত্যাদি) সংক্রমণের শিকার,কারণ,সেটি নিশ্চিত করতে দাতার রক্তের স্ক্রিনিং পরীক্ষা
T1124,9-10-biology_secondary-6-76,6,অন্যকে রক্তদান,কাজ,একটি মহৎ কাজ
T1125,9-10-biology_secondary-6-76,6,সুস্থ মানুষের দেহ,পরিমাণ,৪৫০ মিলি রক্তু
T1126,9-10-biology_secondary-6-76,6,সুস্থ মানুষের দেহ,পরিমাণ,প্রতি সেকেন্ডে 20 লক্ষ লোহিত রক্তকোষ
T1127,9-10-biology_secondary-6-78,6,হৃৎপিণ্ড,অবস্থান,বক্ষ গহ্বরের বাম দিকে দুই ফুসফুসের মাঝখানে ত্রিকোণাকার ফাঁপা অঙ্গ
T1128,9-10-biology_secondary-6-78,6,হৃৎপিণ্ড,কাজ,হৃৎপেশি দিয়ে গঠিত
T1129,9-10-biology_secondary-6-78,6,হৃৎপিণ্ড,অংশ,হৃৎপেশি
T1130,9-10-biology_secondary-6-78,6,হৃৎপিণ্ড,অংশ,পাতলা পর্দা দিয়ে আবৃত
T1131,9-10-biology_secondary-6-78,6,হৃৎপিণ্ড-প্রাচীর,অংশ,তিনটি স্তর
T1132,9-10-biology_secondary-6-79,6,বহিঃম্তর,অবস্থান,গঠিত
T1133,9-10-biology_secondary-6-79,6,বহিঃম্তর,অবস্থান,চর্বি থাকে
T1134,9-10-biology_secondary-6-79,6,বহিঃম্তর,অবস্থান,আবরণী টিস্যু দিয়ে আবৃত
T1135,9-10-biology_secondary-6-79,6,মধ্যস্তর,অবস্থান,বহিঃস্তর এবং অন্তঃস্তরের মাঝখানে
T1136,9-10-biology_secondary-6-79,6,মধ্যস্তর,কাজ,দৃঢ় অনৈচ্ছিক পেশি দিয়ে গঠিত
T1137,9-10-biology_secondary-6-80,6,অন্তঃম্তর,অংশ,সবচেয়ে ভিতরের স্তর
T1138,9-10-biology_secondary-6-80,6,অন্তঃম্তর,কারণ,হৃৎপিণ্ডের প্রকোষ্ঠগুলো অন্তঃস্তর দিয়ে আবৃত এই স্তরটি হৃৎপিণ্ডের কপাটিকাগুলোকেও আবৃত করে রাখে
T1139,9-10-biology_secondary-6-80,6,হৃৎপিণ্ডের ভিতরের স্তর,কারণ,ফাঁপা এবং বাম অলিন্দ বলে এবং নিচের প্রকোষ্ঠ দুটিকে ডান এবং বাম নিলয় বলে
T1140,9-10-biology_secondary-6-80,6,অলিন্দ,কারণ,তুলনামূলকভাবে পাতলা
T1141,9-10-biology_secondary-6-80,6,নিলয়,কারণ,পুরু
T1142,9-10-biology_secondary-6-80,6,অলিন্দ,কারণ,আন্তঃঅলিন্দ পর্দা দিয়ে পরস্পর পৃথক
T1143,9-10-biology_secondary-6-80,6,নিলয়,কারণ,আন্তঃনিলয় পর্দা দিয়ে পরস্পর পৃথক
T1144,9-10-biology_secondary-6-83,6,হৃৎপিণ্ড,কাজ,সারা দেহে রক্ত সঞ্চালন
T1145,9-10-biology_secondary-6-83,6,হৃৎপিণ্ড,কারণ,সংকোচন এবং প্রসারণ
T1146,9-10-biology_secondary-6-83,6,হৃৎপিণ্ডের সংকোচন,কাজ,সিস্টোল
T1147,9-10-biology_secondary-6-83,6,হৃৎপিণ্ডের প্রসারণ,কাজ,ডায়াস্টোল
T1148,9-10-biology_secondary-6-83,6,হৃৎপিণ্ডের সিস্টোল-ডায়াস্টোল,কাজ,হৃৎস্পন্দন
T1149,9-10-biology_secondary-6-85,6,নিলয়,অবস্থান,পেশি প্রসারিত
T1150,9-10-biology_secondary-6-85,6,ট্রাইকাসপিড,কারণ,ডান অলিন্দ-নিলয়ের ছিদ্রপথ ভালভ খুলে যাওয়া
T1151,9-10-biology_secondary-6-85,6,রক্ত,কাজ,ডান অলিন্দ থেকে ডান নিলয়ে প্রবেশ
T1152,9-10-biology_secondary-6-85,6,বাইকাসপিড,কারণ,বাম অলিন্দ এবং বাম নিলয়ের ছিদ্রপথ ভালভ খুলে যাওয়া
T1153,9-10-biology_secondary-6-85,6,রক্ত,কাজ,বাম অলিন্দ থেকে বাম নিলয়ে প্রবেশ
T1154,9-10-biology_secondary-6-85,6,ছিদ্র,কারণ,কপাটিকা দিয়ে বন্ধ হয়ে যাওয়া
T1155,9-10-biology_secondary-6-87,6,হৃৎপিণ্ড,কাজ,রক্ত সঞ্চালন
T1156,9-10-biology_secondary-6-87,6,ভ্বৎপিণ্ড,অংশ,রক্ত সঞ্চালন তন্ত্রের প্রধান অঙ্গ
T1157,9-10-biology_secondary-6-87,6,হৃৎপিণ্ডের প্রকোষ্ঠগুলো,অবস্থান,সম্পূর্ণ বিভক্ত
T1158,9-10-biology_secondary-6-88,6,রক্তনালি,কাজ,রক্ত প্রবাহিত বা সঞ্চালিত করা
T1159,9-10-biology_secondary-6-88,6,রক্তবাহিকা,প্রকার,রক্তনালি
T1160,9-10-biology_secondary-6-88,6,রক্তবাহিকা,কাজ,হৃৎপিণ্ড থেকে দেহের বিভিন্ন অংশে রক্ত বাহিত করা এবং দেহের বিভিন্ন অংশ থেকে পুনরায় হৃৎপিণ্ডে ফিরে আসাকরোনা
T1161,9-10-biology_secondary-6-88,6,রক্তবাহিকা,কারণ,"গঠন, আকৃতি এবং কাজের ভিত্তিতে"
T1162,9-10-biology_secondary-6-88,6,রক্তবাহিকা,প্রকার,"ধমনি, শিরা এবং কৈশিক জালিকা"
T1163,9-10-biology_secondary-6-89,6,ধমনি,কারণ,সাধারণত উচ্চমাত্রায় অক্সিজেনসমৃদ্ধ রক্ত হৃৎপিণ্ড থেকে সারাদেহে বাহিত হয়
T1164,9-10-biology_secondary-6-89,6,ধমনি,প্রকার,ফুসফুসীয় ধমনি
T1165,9-10-biology_secondary-6-89,6,ধমনি,কারণ,হৃৎপিন্ড থেকে উচ্চমাত্রায় কার্বন ডাই-অক্সাইডযুক্ত রক্ত ফুসফুসে পৌঁছে দেয়
T1166,9-10-biology_secondary-6-9,6,জাইলেম ভেসেল বা ফ্লোয়েমের সিভনল,কারণ,বন্ধ হয়ে গেলে উদ্ভিদের মৃত্যু অবধারিত
T1167,9-10-biology_secondary-6-90,6,টিউনিকা এক্সটার্না,অংশ,তন্তুময় যোজক টিস্যু
T1168,9-10-biology_secondary-6-90,6,টিউনিকা মিডিয়া,অংশ,বৃত্তাকার অনৈচ্ছিক পেশি
T1169,9-10-biology_secondary-6-90,6,টিউনিকা ইন্টারনা,অংশ,সরল আবরণী টিস্যু
T1170,9-10-biology_secondary-6-91,6,ধমনি,কারণ,ধমনিগাত্র সংকোচিত বা প্রসারিত হয়
T1171,9-10-biology_secondary-6-91,6,ধমনির ভিতর,কারণ,"ধমনিগাত্রের সংকোচন, প্রসারণ এবং স্থিতিস্থাপকতা"
T1172,9-10-biology_secondary-6-91,6,নাড়িস্পন্দন,কারণ,"ধমনির ভিতর রক্তপ্রবাহ, ধমনিগাত্রের সংকোচন, প্রসারণ এবং স্থিতিস্থাপকতা"
T1173,9-10-biology_secondary-6-93,6,শিরা,অবস্থান,"সূক্ষ্র শিরা, উপশিরা, অতঃপর শিরা এবং মহাশিরায়"
T1174,9-10-biology_secondary-6-93,6,শিরা,কাজ,হৃৎপিণ্ডে ফিরে আসে
T1175,9-10-biology_secondary-6-93,6,ফুসফুসীয় শিরা,কাজ,অক্সিজেন সমৃদ্ধ রক্ত ফুসফুস থেকে হৃৎপিণ্ডে পৌঁছে দেয়
T1176,9-10-biology_secondary-6-95,6,কৈশিক জালিকা,অবস্থান,চুলের মতো অতি সৃক্ষন রক্তনালি
T1177,9-10-biology_secondary-6-95,6,কৈশিক জালিকা,কাজ,ধমনি শাখা-প্রশাখায় বিভক্তু হয়ে ক্রমে ক্রমে সূক্মতর কৈশিক নালিতে পরিণত হয়
T1178,9-10-biology_secondary-6-95,6,কৈশিক জালিকা,কাজ,প্রত্যেকটি কোষকে পরিবেষ্টন করে রাখে
T1179,9-10-biology_secondary-6-95,6,কৈশিক জালিকা,কারণ,ধমনি শাখা-প্রশাখায় বিভক্তু হয়
T1180,9-10-biology_secondary-6-95,6,কৈশিক জালিকা,লক্ষণ,পাতলা প্রাচীর
T1181,9-10-biology_secondary-6-99,6,হাতের কক্জিতে রেট,পরিমাণ,60-100
T1182,9-10-biology_secondary-6-99,6,হাতের কক্জিতে হালকা,কাজ,চাপ দিয়ে ধরে পালস রেট বের করা
T1183,9-10-biology_secondary-6-99,6,বিপি যন্ত্র,কাজ,রক্তচাপ মাপা
T1184,9-10-biology_secondary-6-99,6,বিপি যন্ত্র,অংশ,ডায়াস্টোলিক ও সিস্টোলিক চাপ দেখে রক্তচাপ নির্ণয়
T1185,9-10-biology_secondary-7-10,7,শ্বসনতন্ত্র,অংশ,নাসারস্ব ও নাসাপথ
T1186,9-10-biology_secondary-7-10,7,শ্বসনতন্ত্র,অংশ,গলনালি বা গলবিল
T1187,9-10-biology_secondary-7-10,7,শ্বসনতন্ত্র,অংশ,স্বরযন্দ্র
T1188,9-10-biology_secondary-7-10,7,শ্বসনতন্ত্র,অংশ,শ্বাসনালি বা ট্রাকিয়া
T1189,9-10-biology_secondary-7-10,7,শ্বসনতন্ত্র,অংশ,বায়ুনালি বা ব্রংকাস
T1190,9-10-biology_secondary-7-10,7,শ্বসনতন্ত্র,অংশ,ফুসফুস
T1191,9-10-biology_secondary-7-10,7,শ্বসনতন্ত্র,অংশ,মধ্যচ্ছদা
T1192,9-10-biology_secondary-7-11,7,নাসিকা,অবস্থান,মুখগহ্বরের উপরে
T1193,9-10-biology_secondary-7-11,7,নাসিকা,কাজ,গন্ধ পাওয়া
T1194,9-10-biology_secondary-7-11,7,নাসিকা,কাজ,বাতাসকে ফুসফুসের গ্রহণের উপযোগী করা
T1195,9-10-biology_secondary-7-12,7,নাসাপথ,অবস্থান,লোমাবৃত এবং গ্লেষ্মা প্রস্তুতকারী একটি পাতলা পর্দা দিয়ে আবৃত
T1196,9-10-biology_secondary-7-12,7,নাসাপথ,অংশ,সামনের অংশ
T1197,9-10-biology_secondary-7-12,7,নাসাপথ,অংশ,পিছনের অংশ
T1198,9-10-biology_secondary-7-12,7,নাসাপথ,কাজ,"ধূলিকণা, রোগজীবাণু এবং আবর্জনা থাকলে তা আটকে যায়"
T1199,9-10-biology_secondary-7-12,7,নাসাপথ,কাজ,বায়ু ফুসফুসে প্রবেশ করার পূর্বে কিছু পরিমাণে নির্মল হয়ে যায়
T1200,9-10-biology_secondary-7-12,7,নাসাপথ,কাজ,শ্বসনের জন্য গৃহীত বায়ু নাসাপথ দিয়ে যাওয়ার সময় কিছুটা উষ্ণ এবং আর্দ্র হয়
T1201,9-10-biology_secondary-7-13,7,গলবিল,অবস্থান,মুখ হাঁ করলে মুখগহ্বরের পিছনে
T1202,9-10-biology_secondary-7-13,7,গলবিল,অবস্থান,নাসাপথের পিছনের অংশ থেকে স্বরযন্ত্রের উপরিভাগ পর্যন্ত বিস্তৃত
T1203,9-10-biology_secondary-7-13,7,গলবিল,অংশ,ছোট জিহ্বার মতো অংশ
T1204,9-10-biology_secondary-7-14,7,নাসাপথের পশ্চাৎপথ,কাজ,খাদ্য এবং পানীয় গলাধঃকরণের সময় বন্ধ করা
T1205,9-10-biology_secondary-7-15,7,গলবিল,অবস্থান,গলার নিচে এবং শ্বাসনালির উপরে
T1206,9-10-biology_secondary-7-15,7,পেশি,অংশ,স্বরযন্ত্রের দুই ধারে
T1207,9-10-biology_secondary-7-15,7,ঘোমটা,কারণ,পেশি
T1208,9-10-biology_secondary-7-15,7,ঘোমটা,কাজ,জিহ্বা ঢাকনা
T1209,9-10-biology_secondary-7-15,7,ঘোমটা,পরিমাণ,০০১০
T1210,9-10-biology_secondary-7-15,7,উপজিহ্বা,কারণ,ঘোমটা
T1211,9-10-biology_secondary-7-15,7,জিহ্বা,অংশ,স্বরযন্ত্রের উপরে
T1212,9-10-biology_secondary-7-15,7,ঢাকনা,কারণ,জিহ্বা
T1213,9-10-biology_secondary-7-15,7,বাতাস,কাজ,শ্বাস-প্রশ্বাস নেওয়ার সময় খোলা থাকে
T1214,9-10-biology_secondary-7-15,7,বাতাস,পরিমাণ,ফুসফুসে চিত্র ৭.০৩: নাসাপথ ও গলবিল
T1215,9-10-biology_secondary-7-16,7,ফাঁপা নল,অবস্থান,খাদ্যনালির সামনে
T1216,9-10-biology_secondary-7-16,7,ফাঁপা নল,অংশ,কিছু দূর নালিটি
T1217,9-10-biology_secondary-7-16,7,ফাঁপা নল,অংশ,দুটি বায়ুনল
T1218,9-10-biology_secondary-7-16,7,ফাঁপা নল,কারণ,অসম্পূর্ণ বলায়াকার তরুণাস্থি ও পেশি
T1219,9-10-biology_secondary-7-16,7,ফাঁপা নল,কারণ,ঝিল্লি দিয়ে আবৃত
T1220,9-10-biology_secondary-7-16,7,ফাঁপা নল,কারণ,সূক্ষ্ম লোমযুক্ত কোষ থাকে
T1221,9-10-biology_secondary-7-16,7,ফাঁপা নল,কারণ,বায়ু আসা-যাওয়া করে
T1222,9-10-biology_secondary-7-16,7,ফাঁপা নল,কারণ,সূক্ষ্ম লোমগুলো অপ্রয়োজনীয় বস্তুকণা গ্লেষ্মার সাথে বাইরে বের করে
T1223,9-10-biology_secondary-7-17,7,শ্বাসনালি স্বরযন্ত্রের নিম্নাংশ,অবস্থান,ফুসফুসের নিকটবর্তী স্থানে
T1224,9-10-biology_secondary-7-17,7,শ্বাসনালি স্বরযন্ত্রের নিম্নাংশ,কাজ,ডান এবং বাম দিকে দুটি শাখায় বিভক্ত হওয়া
T1225,9-10-biology_secondary-7-17,7,শাখাগুলো,অবস্থান,ফুসফুসে
T1226,9-10-biology_secondary-7-17,7,শাখাগুলো,কাজ,ব্রংকাই নামে পরিচিত হওয়া
T1227,9-10-biology_secondary-7-17,7,ব্রংকাই,অবস্থান,ফুসফুসে
T1228,9-10-biology_secondary-7-17,7,ব্রংকাই,কাজ,অসংখ্য শাখা-প্রশাখায় বিভক্ত হওয়া
T1229,9-10-biology_secondary-7-17,7,অণুক্লোম শাখা,অবস্থান,শ্বাসনালির
T1230,9-10-biology_secondary-7-18,7,ফুসফুস,অবস্থান,বক্ষগহ্বরের ভিতর
T1231,9-10-biology_secondary-7-18,7,ফুসফুস,কারণ,"স্পঞ্জের মতো নরম, কোমল ও হালকা লালচে রঙের"
T1232,9-10-biology_secondary-7-18,7,ফুসফুস,অংশ,ডান ফুসফুস তিন খণ্ডে এবং বাম হৃৎপিণ্ড বকে ফুসফুলে
T1233,9-10-biology_secondary-7-19,7,ফুসফুস,অংশ,দুই খণ্ড
T1234,9-10-biology_secondary-7-19,7,ফুসফুস,অংশ,দুই ভাঁজ
T1235,9-10-biology_secondary-7-19,7,ফুসফুস,অবস্থান,বক্ষগাত্র
T1236,9-10-biology_secondary-7-19,7,ফুসফুস,কাজ,বায়ু সরাসরি বায়ুথলিতে যাতায়াত করতে পারে
T1237,9-10-biology_secondary-7-19,7,বায়ুথলি,কারণ,বায়ু প্রবেশ করলে এগুলো বেলুনের মতো ফুলে ওঠে এবং পরে আপনা-আপনি সংকুচিত হয়
T1238,9-10-biology_secondary-7-19,7,বায়ুথলি,অবস্থান,ফুসফুসে
T1239,9-10-biology_secondary-7-20,7,মধ্যচ্ছদা,কারণ,বক্ষগহ্বরের আয়তন বৃদ্ধি পায়
T1240,9-10-biology_secondary-7-20,7,মধ্যচ্ছদা,কারণ,উপরের দিকে উঠে
T1241,9-10-biology_secondary-7-20,7,মধ্যচ্ছদা,অবস্থান,বক্ষগহ্বরে
T1242,9-10-biology_secondary-7-20,7,মধ্যচ্ছদা,কাজ,প্রশ্বাস গ্রহণে গুরুত্বপূর্ণ ভূমিকা পালন করে
T1243,9-10-biology_secondary-7-22,7,শ্বাস-প্রশ্বাসের অঙ্গগুলো,অবস্থান,"গলবিলের দিকে খোলা, অন্য সবদিকে বন্ধ"
T1244,9-10-biology_secondary-7-22,7,বক্ষগহ্বরের ভিতর এবং বাইরের চাপের সমতা,কারণ,প্রশ্বাস বায়ু ফুসফুসের ভিতর সহজে প্রবেশ করতে পারে
T1245,9-10-biology_secondary-7-22,7,মধ্যচ্ছদা,কারণ,পেশি সংকোচনের পরপরই প্রসারিত হয়
T1246,9-10-biology_secondary-7-22,7,মধ্যচ্ছদা,অবস্থান,উপরের দিকে উঠে যায়
T1247,9-10-biology_secondary-7-23,7,গ্যাসীয় বিনিময়,কাজ,অক্সিজেন ও কার্বন ডাই-অক্সাইড বিনিময়কে বুঝানো
T1248,9-10-biology_secondary-7-25,7,হিমোগ্লোবিন + অক্সিজেন,অবস্থান,হিমোগ্লোবিন (অস্থায়ী যৌগ)
T1249,9-10-biology_secondary-7-25,7,অক্সিহিমোগ্লোবিন,কাজ,মুক্ত অক্সিজেন + হিমোগ্লোবিন
T1250,9-10-biology_secondary-7-27,7,কাজ,কাজ,নিঃশ্বাসের সাথে নির্গত গ্যাসের প্রকৃতি নির্ণয়
T1251,9-10-biology_secondary-7-3,7,উদ্ভিদ,অবস্থান,পাতার স্টোমাটা ও পরিণত কাণ্ডের বাকলে অবস্থিত লেন্টিসেলে
T1252,9-10-biology_secondary-7-32,7,ফুসফুস,কারণ,ভাইরাস এবং ব্যাকটেরিয়ার আক্রমণ
T1253,9-10-biology_secondary-7-32,7,ফুসফুস,কারণ,বায়ুদূষণ
T1254,9-10-biology_secondary-7-32,7,ফুসফুস,কারণ,ভাসমান কণা
T1255,9-10-biology_secondary-7-32,7,ফুসফুস,কারণ,রাসায়নিক
T1256,9-10-biology_secondary-7-32,7,ফুসফুস,লক্ষণ,অজ্ঞতা
T1257,9-10-biology_secondary-7-32,7,ফুসফুস,লক্ষণ,অসাবধানতা
T1258,9-10-biology_secondary-7-32,7,ফুসফুস,কারণ,সংক্রমণ
T1259,9-10-biology_secondary-7-32,7,ফুসফুসের রোগ,কারণ,জটিল রোগ
T1260,9-10-biology_secondary-7-32,7,ফুসফুসের রোগ,কারণ,সাবধানতা
T1261,9-10-biology_secondary-7-35,7,খাবার,কারণ,এলার্জি হয়
T1262,9-10-biology_secondary-7-35,7,বায়ু,কারণ,হাঁপানি হতে পারে
T1263,9-10-biology_secondary-7-35,7,ধোঁয়া,কারণ,হাঁপানি হতে পারে
T1264,9-10-biology_secondary-7-35,7,ধুলাবালি,কারণ,হাঁপানি হতে পারে
T1265,9-10-biology_secondary-7-35,7,ফুলের রেণু,কারণ,হাঁপানি হতে পারে
T1266,9-10-biology_secondary-7-35,7,চিংড়ি,কারণ,এলার্জি হয়
T1267,9-10-biology_secondary-7-35,7,গরুর মাংস,কারণ,এলার্জি হয়
T1268,9-10-biology_secondary-7-35,7,ইলিশ মাছ,কারণ,এলার্জি হয়
T1269,9-10-biology_secondary-7-35,7,বছরের বিশেষ খতু,কারণ,রোগ বেড়ে যেতে পারে
T1270,9-10-biology_secondary-7-35,7,খতু পরিবর্তন,কারণ,রোগ বেড়ে যেতে পারে
T1271,9-10-biology_secondary-7-35,7,শিশু,কারণ,সর্দি কাশি থেকে হাঁপানি হওয়ার আশঙ্কা থাকে
T1272,9-10-biology_secondary-7-35,7,হাঁপানি,লক্ষণ,হঠাৎ শ্বাসকষ্ট বেড়ে যায়
T1273,9-10-biology_secondary-7-36,7,অবস্থা,লক্ষণ,শ্বাসকন্টে দম বন্ধ হওয়া
T1274,9-10-biology_secondary-7-36,7,অবস্থা,লক্ষণ,ঠোঁট নীল হয়ে যাওয়া
T1275,9-10-biology_secondary-7-36,7,অবস্থা,লক্ষণ,গলার শিরা ফুলে যাওয়া
T1276,9-10-biology_secondary-7-36,7,বায়ুথলিত,কারণ,বাধাগ্রস্ত হওয়া
T1277,9-10-biology_secondary-7-36,7,রোগী,কাজ,বেশি কষ্ট পাওয়া
T1278,9-10-biology_secondary-7-36,7,কাশি,লক্ষণ,সাদা কফ বের হওয়া
T1279,9-10-biology_secondary-7-36,7,রোগী,অবস্থান,দুর্বল হওয়া
T1280,9-10-biology_secondary-7-37,7,ওঁষধ সেবন,কারণ,রোগী কিছুটা আরাম বোধ করে
T1281,9-10-biology_secondary-7-37,7,খাদ্য,প্রতিরোধ,শ্বাসকষ্ট বেড়ে যায়
T1282,9-10-biology_secondary-7-37,7,আলো-বাতাসপূর্ণ গৃহে বসবাস,কারণ,স্বাস্থ্যকর পরিবেশে বাস করা
T1283,9-10-biology_secondary-7-38,7,বায়ুদূষণ,কারণ,শ্বাসকষ্ট
T1284,9-10-biology_secondary-7-38,7,হাঁপানি রোগী,কারণ,শ্বাসকষ্ট
T1285,9-10-biology_secondary-7-38,7,ওঁষধ,কাজ,শ্বাসকষ্ট লাঘবার জন্য সাথে ব্যবহার করা
T1286,9-10-biology_secondary-7-38,7,গ্যাসীয় বিনিময়,পরিমাণ,১৭১
T1287,9-10-biology_secondary-7-4,7,উদ্ভিদের গ্যাসীয় বিনিময়,কারণ,রাতের বেলা সালোকসংশ্লেষণ প্রক্রিয়ার আলোক পর্যায় বন্ধ থাকে
T1288,9-10-biology_secondary-7-4,7,দিবারাত্রি,কারণ,24 ঘণ্টা শ্বসনপ্রক্রিয়া সংঘটিত হয়
T1289,9-10-biology_secondary-7-4,7,শ্বসনপ্রক্রিয়া,কারণ,কার্বন ডাই-অক্সাইড গ্যাসের উৎপাদন চলতে থাকে
T1290,9-10-biology_secondary-7-4,7,বড় গাছের নিচে,কারণ,রাত্রিবেলা ঘুমালে শ্বাসকষ্ট দেখা দিতে পারে
T1291,9-10-biology_secondary-7-40,7,ব্রংকাইটিস,কারণ,ধূমপান
T1292,9-10-biology_secondary-7-40,7,ব্রংকাইটিস,কারণ,অস্বাস্থ্যকর পরিবেশ
T1293,9-10-biology_secondary-7-40,7,ব্রংকাইটিস,কারণ,দূষণ
T1294,9-10-biology_secondary-7-40,7,ব্রংকাইটিস,কারণ,শিশু
T1295,9-10-biology_secondary-7-40,7,ব্রংকাইটিস,কারণ,বয়স্ক ব্যক্তি
T1296,9-10-biology_secondary-7-43,7,চিকিৎসা,প্রকার,ডাক্তারের পরমার্শ অনুযায়ী রোগীর চিকিৎসা করানো
T1297,9-10-biology_secondary-7-44,7,নিউমোনিয়া,কারণ,অত্যধিক ঠান্ডা লাগলে
T1298,9-10-biology_secondary-7-44,7,নিউমোনিয়া,কারণ,হাম ও ব্রংকাইটিস রোগের পর ঠান্ডা লেগে
T1299,9-10-biology_secondary-7-44,7,নিউমোনিয়া,কারণ,শিশু এবং বয়স্কদের জন্য একটি মারাত্মক রোগ
T1300,9-10-biology_secondary-7-45,7,নিউমোকক্কাস,কারণ,রোগ
T1301,9-10-biology_secondary-7-45,7,ব্যাকটেরিয়া,কারণ,রোগ
T1302,9-10-biology_secondary-7-45,7,ভাইরাস,কারণ,রোগ
T1303,9-10-biology_secondary-7-45,7,ছত্রাক,কারণ,রোগ
T1304,9-10-biology_secondary-7-45,7,খেয়ে খাদ্যনালির রস,কারণ,রোগ
T1305,9-10-biology_secondary-7-45,7,চূড়ান্ত পর্যায়ে,লক্ষণ,বুকের মধ্যে ঘড়ঘড় আওয়াজ
T1306,9-10-biology_secondary-7-45,7,চূড়ান্ত পর্যায়ে,লক্ষণ,মারাত্মক শ্বাসকষ্ট
T1307,9-10-biology_secondary-7-47,7,যক্ষ্মা,লক্ষণ,উল্লেখ্য
T1308,9-10-biology_secondary-7-47,7,যক্ষ্মা,কারণ,লোক অধিক পরিশ্রম করে
T1309,9-10-biology_secondary-7-47,7,যক্ষ্মা,কারণ,দুর্বল
T1310,9-10-biology_secondary-7-47,7,যক্ষ্মা,কারণ,স্যাঁতসেতে বা অস্বাস্থ্যকর পরিবেশে বাস
T1311,9-10-biology_secondary-7-47,7,যক্ষ্মা,কারণ,অপুষ্টিতে ভোগে
T1312,9-10-biology_secondary-7-47,7,যক্ষ্মা,কারণ,যস্মা রোগীর সাথে বসবাস
T1313,9-10-biology_secondary-7-48,7,রোগ,কারণ,17০০৮৭০0711 8৮6%7001055 ব্যাকটেরিয়া
T1314,9-10-biology_secondary-7-48,7,রোগ,কারণ,17৮০০৮৫০1৮1 ব্যাকটেরিয়া
T1315,9-10-biology_secondary-7-5,7,উদ্ভিদের পাতা,কাজ,গ্যাসীয় বিনিময়
T1316,9-10-biology_secondary-7-5,7,উদ্ভিদ,কাজ,মূল মাটি থেকে পানি শোষণ
T1317,9-10-biology_secondary-7-50,7,সাধারণত,সংজ্ঞা,তিন সপ্তাহের বেশি সময় কাশি থাকে
T1318,9-10-biology_secondary-7-50,7,কাশি,লক্ষণ,খুসখুসে হয়
T1319,9-10-biology_secondary-7-50,7,কাশি,লক্ষণ,কখনো কখনো রক্ত যায়
T1320,9-10-biology_secondary-7-50,7,রাতে,সংজ্ঞা,ঘাম হয়
T1321,9-10-biology_secondary-7-50,7,বিকেলের দিকে,সংজ্ঞা,জ্বর আসে
T1322,9-10-biology_secondary-7-50,7,বুকে পিঠে,সংজ্ঞা,ব্যথা হয়
T1323,9-10-biology_secondary-7-50,7,অজীর্ণ,সংজ্ঞা,পীড়া দেখা দেয়
T1324,9-10-biology_secondary-7-50,7,পেটের পীড়া,সংজ্ঞা,দেখা দেয়
T1325,9-10-biology_secondary-7-50,7,ডাক্তারের পরামর্শ,প্রতিরোধ,চিকিৎসা করা
T1326,9-10-biology_secondary-7-53,7,ফুসফুসের ক্যাঙ্গার,কারণ,পুরুষের ক্যাঙ্গারজনিত মৃত্যুর প্রধান কারণ
T1327,9-10-biology_secondary-7-53,7,ফুসফুস,প্রকার,ক্যাঙ্গারে রূপান্তরিত ক্ষত
T1328,9-10-biology_secondary-7-54,7,ফুসফুস ক্যান্সার,কারণ,ধুমপান
T1329,9-10-biology_secondary-7-54,7,ফুসফুস ক্যান্সার,কারণ,বায়ু ও পরিবেশদূষণ
T1330,9-10-biology_secondary-7-54,7,ফুসফুস ক্যান্সার,কারণ,"বস্তুর সংস্পর্শ (যেমন: এ্যাসবেস্টাস, আর্সেনিক, ক্রোমিয়াম, নিকেল, কঠিন ধাতুর গুঁড়া)"
T1331,9-10-biology_secondary-7-55,7,লক্ষণ,প্রকার,দীর্ঘদিন ধরে খুসখুসে কাশি ও বুকে ব্যথা
T1332,9-10-biology_secondary-7-55,7,লক্ষণ,প্রকার,ভরগ্নস্বর
T1333,9-10-biology_secondary-7-55,7,লক্ষণ,প্রকার,ওজন হাস
T1334,9-10-biology_secondary-7-55,7,লক্ষণ,প্রকার,স্কুধামান্দ্য
T1335,9-10-biology_secondary-7-55,7,লক্ষণ,প্রকার,হাঁপানি
T1336,9-10-biology_secondary-7-55,7,লক্ষণ,প্রকার,ঘনঘন জ্বর
T1337,9-10-biology_secondary-7-55,7,লক্ষণ,প্রকার,বারবার ব্রংকাইটিস বা নিউমোনিয়ায় সংক্রমিত হওয়া
T1338,9-10-biology_secondary-7-64,7,জীব,কাজ,সুচারুরূপে সম্পাদিত হয়
T1339,9-10-biology_secondary-7-64,7,গনুঁকোজ,লক্ষণ,কার্বন ডাই-অক্সাইড উৎপন্ন হয়
T1340,9-10-biology_secondary-7-64,7,রপ্ত কার্বন ডাই-অক্সাইড,কাজ,ফুসফুসে নিয়ে যায়
T1341,9-10-biology_secondary-7-64,7,ফুসফুস,কাজ,দেহের বাইরে নির্গত হয়
T1342,9-10-biology_secondary-7-64,7,বৃল্ধ বা কিডনি,কাজ,নাইট্রোজেনঘটিত বর্জ্য ও অতিরিক্ত অল্প শরীর থেকে বের করে দেয়
T1343,9-10-biology_secondary-7-7,7,রক্ত,কাজ,উপাদানগুলোকে ফুসফুসে নিয়ে যাওয়া
T1344,9-10-biology_secondary-7-7,7,ফুসফুস,কাজ,অক্সিজেন শোষিত এবং কার্বন ডাই-অক্সাইড ছেড়ে দাওয়া
T1345,9-10-biology_secondary-7-7,7,শ্বাসকার্য,কাজ,অক্সিজেন গ্রহণ এবং কার্বন ডাই-অক্সাইড নিষ্কাশন
T1346,9-10-biology_secondary-7-7,7,শ্বসন,কাজ,খাদ্যবস্তুকে বায়ুর অক্সিজেনের সাথে জারিত করে মজুত শক্তিকে রূপান্তর এবং কার্বন ডাই-অক্সাইড নিষ্কাশন
T1347,9-10-biology_secondary-7-9,7,দেহ,অবস্থান,চেতন এবং অচেতন
T1348,9-10-biology_secondary-7-9,7,দেহ,কাজ,অক্সিজেন গ্রহণ এবং কার্বন ডাই-অক্সাইডের নির্গমন
T1349,9-10-biology_secondary-7-9,7,প্রাণী,কাজ,প্রতিনিয়ত দেহরক্ষার নানাবিধ প্রক্রিয়া চলায়
T1350,9-10-biology_secondary-8-10,8,বৃক্ধের ইউরিনিফেরাস,অংশ,ক্ষরণকারী অংশ
T1351,9-10-biology_secondary-8-10,8,বৃক্ধের ইউরিনিফেরাস,কাজ,করার একক
T1352,9-10-biology_secondary-8-10,8,প্রতিটি বৃক্ধে,পরিমাণ,10-12 লক্ষ নেষ্রন
T1353,9-10-biology_secondary-8-10,8,প্রতিটি নেফ্রন,অংশ,রেনাল করপাসল
T1354,9-10-biology_secondary-8-10,8,প্রতিটি নেফ্রন,অংশ,রেনাল টিউব্যুল
T1355,9-10-biology_secondary-8-10,8,প্রতিটি রেনাল করপাসল,অংশ,গ্লোমেরুলাস
T1356,9-10-biology_secondary-8-10,8,প্রতিটি রেনাল করপাসল,অংশ,বোম্যান্স ক্যাপসুল
T1357,9-10-biology_secondary-8-10,8,বোম্যান্স ক্যাপসুল,অবস্থান,গ্লোমেরুলাসকে বেষ্টন করে
T1358,9-10-biology_secondary-8-11,8,বোম্যাঈস ক্যাপসুল,অংশ,পেয়ালার মতো প্রসারিত অংশ
T1359,9-10-biology_secondary-8-11,8,গ্লোমেরুলাস,প্রকার,একগুচ্ছ কৈশিক
T1360,9-10-biology_secondary-8-12,8,জালিকা,অংশ,রেনাল ধমনি
T1361,9-10-biology_secondary-8-12,8,জালিকা,কাজ,আ্যাফারেন্ট আর্টারিওল তৈরি করা
T1362,9-10-biology_secondary-8-12,8,আ্যাফারেন্ট আর্টারিওল,অংশ,ক্যাপসুল
T1363,9-10-biology_secondary-8-12,8,আ্যাফারেন্ট আর্টারিওল,কাজ,কৈশিকনালি তৈরি করা
T1364,9-10-biology_secondary-8-12,8,কৈশিকনালি,অংশ,জালিকা
T1365,9-10-biology_secondary-8-12,8,কৈশিকনালি,কাজ,ইফারেন্ট আর্টারিওল তৈরি করা
T1366,9-10-biology_secondary-8-12,8,ইফারেন্ট আর্টারিওল,অবস্থান,ক্যাপসুল থেকে বেরিয়ে আসে
T1367,9-10-biology_secondary-8-13,8,গ্লোমেরুলাস,কাজ,রক্ত থেকে পরিসুত তরল উৎপন্ন করা
T1368,9-10-biology_secondary-8-13,8,আল্ট্রাফিলট্রেট,অবস্থান,রেনাল টিউব্যুলের মধ্য
T1369,9-10-biology_secondary-8-13,8,আল্ট্রাফিলট্রেট,কাজ,শোষণ এবং নিঃসরণ প্রক্রিয়ার মধ্য দিয়ে প্রবাহিত হওয়া
T1370,9-10-biology_secondary-8-13,8,মূত্র,অবস্থান,মূত্রথলিতে জমা হওয়া
T1371,9-10-biology_secondary-8-14,8,রেনাল টিউব্যুল,অংশ,গোড়াদেশীয় বা নিকটবতী প্যাঁচানো নালিকা
T1372,9-10-biology_secondary-8-14,8,রেনাল টিউব্যুল,অংশ,হেনলি-র লুপ
T1373,9-10-biology_secondary-8-14,8,রেনাল টিউব্যুল,অংশ,প্রান্তীয় প্যাঁচানো নালিকা
T1374,9-10-biology_secondary-8-16,8,বৃক্ধ,কাজ,মূত্র উৎপন্ন করা
T1375,9-10-biology_secondary-8-16,8,বৃক্ধ,অবস্থান,পেলভিসে
T1376,9-10-biology_secondary-8-16,8,মূত্র,অবস্থান,মূত্রথলিতে
T1377,9-10-biology_secondary-8-16,8,মূত্রথলি,অবস্থান,মূত্রথলিতে
T1378,9-10-biology_secondary-8-16,8,মূত্র,কাজ,ত্যাগের ইচ্ছা জাগাতে
T1379,9-10-biology_secondary-8-16,8,মূত্র,অবস্থান,মূত্রথলির নিচের দিকে অবস্থিত ছিদ্রপথে
T1380,9-10-biology_secondary-8-17,8,রক্তচাপ,কাজ,"পানি, অল্প এবং ক্ষারের ভারসাম্য রক্ষা করে"
T1381,9-10-biology_secondary-8-18,8,বিশুদ্ধ দ্রাবক,অবস্থান,দ্রবণের মধ্যে
T1382,9-10-biology_secondary-8-18,8,জীবদেহ,কাজ,পানি এবং লবণের পরিমাণ ও ঘনত্ব নিয়ন্ত্রিত করা
T1383,9-10-biology_secondary-8-18,8,জীবদেহ,লক্ষণ,অভিপ্রবণ চাপ প্রায় অপরিবর্তিত
T1384,9-10-biology_secondary-8-19,8,বৃল্ধ নেফ্নের মাধ্যমে,কাজ,পুনঃশোষণ প্রক্রিয়ায় দেহে পানির সমতা বজায় রাখা
T1385,9-10-biology_secondary-8-19,8,গ্লোমেরুলাসে,কাজ,"রেচন বর্জ্য, পানি এবং অন্যান্য তরল পদার্থ পরিস্তুত হতে দেখা যায়"
T1386,9-10-biology_secondary-8-19,8,বৃল্ধ অকার্যকর হয়ে গেলে,কারণ,দেহে পানি জমতে থাকা
T1387,9-10-biology_secondary-8-19,8,চোখ-মুখসহ সারা শরীর,কারণ,ফুলে যেতে পারা
T1388,9-10-biology_secondary-8-19,8,চোখ-মুখসহ সারা শরীর,লক্ষণ,উচ্চ রন্তচাপ সৃষ্টি হতে পারা
T1389,9-10-biology_secondary-8-21,8,কিডনির রোগ,লক্ষণ,শরীর ফুলে যাওয়া
T1390,9-10-biology_secondary-8-21,8,কিডনির রোগ,লক্ষণ,প্রস্রাবে অতিরিক্ত প্রোটিন যাওয়া
T1391,9-10-biology_secondary-8-21,8,কিডনির রোগ,লক্ষণ,রক্ত মিশ্রিত প্রস্রাব হওয়া
T1392,9-10-biology_secondary-8-21,8,কিডনির রোগ,লক্ষণ,প্রস্রাবে জ্বালাপোড়া করা
T1393,9-10-biology_secondary-8-21,8,কিডনির রোগ,লক্ষণ,ঘন ঘন প্রস্রাব হওয়া
T1394,9-10-biology_secondary-8-21,8,কিডনির রোগ,লক্ষণ,ক্ষেত্রবিশেষে প্রস্রাব বন্ধ হয়ে যাওয়া
T1395,9-10-biology_secondary-8-22,8,বৃক্ধের পাথর,অবস্থান,প্রস্রাব নালিতে
T1396,9-10-biology_secondary-8-22,8,বৃক্ধের পাথর,কাজ,প্রস্রাবে বাধা দেয়
T1397,9-10-biology_secondary-8-22,8,বৃক্ধের পাথর,লক্ষণ,কোমরের পিছনে ব্যথা
T1398,9-10-biology_secondary-8-22,8,বৃক্ধের পাথর,লক্ষণ,রক্ত বের হয়
T1399,9-10-biology_secondary-8-22,8,বৃক্ধের পাথর,লক্ষণ,কাঁপুনি দিয়ে জ্বর আসে
T1400,9-10-biology_secondary-8-23,8,কিডনি,কারণ,"নেফ্রাইটিস, ডায়াবেটিস, উচ্চ রক্তচাপ, কিডনিতে পাথর ইত্যাদি"
T1401,9-10-biology_secondary-8-23,8,কিডনি,কারণ,আকস্মিক কিডনি অকেজো বা বিকল হওয়া
T1402,9-10-biology_secondary-8-24,8,কিডনি বিকলতা,লক্ষণ,মূত্রের পরিমাণ কমে যাবে
T1403,9-10-biology_secondary-8-24,8,কিডনি বিকলতা,লক্ষণ,রক্তে ক্রিয়েটিনিন বৃদ্ধি পাবে
T1404,9-10-biology_secondary-8-25,8,ডায়ালাইসিস,অবস্থান,ডায়ালাইসিস মেশিনের
T1405,9-10-biology_secondary-8-25,8,ডায়ালাইসিস টিউব,অবস্থান,ডায়ালাইসিস মেশিনের
T1406,9-10-biology_secondary-8-26,8,ডায়ালাইসিস মেশিন,কাজ,নাইট্রোজেনঘটিত ক্ষতিকর বর্জ্য পদার্থ নাইট্রোজেনঘটিত ক্ষতিকর বর্জ্য পদার্থ বাইরে নিষ্কাশিত করা
T1407,9-10-biology_secondary-8-27,8,কিডনি সংযোজন,কাজ,কিডনি বিকল ব্যক্তির দেহে প্রতিস্থাপন
T1408,9-10-biology_secondary-8-27,8,কিডনি সংযোজন,প্রকার,নিকট আত্মীয়ের কিডনি অথবা মৃত ব্যক্তির কিডনি
T1409,9-10-biology_secondary-8-28,8,কিডনি,অবস্থান,সংযোজনের মাধ্যমে সুস্থ জীবন যাপন করছে
T1410,9-10-biology_secondary-8-28,8,কিডনি,কাজ,জীবনধারণ
T1411,9-10-biology_secondary-8-29,8,অস্বাস্থ্যকর জীবনযাপন,কারণ,মূত্রনালির সংক্রমণ
T1412,9-10-biology_secondary-8-29,8,মূত্রনালির সংক্রমণ,লক্ষণ,মূত্রনালি জ্বালাপোড়া
T1413,9-10-biology_secondary-8-29,8,চিকিৎসা,কাজ,আরোগ্য লাভ
T1414,9-10-biology_secondary-8-4,8,রেচন,কাজ,দেহের বর্জ্য পদার্থগুলো বের করে দেওয়া
T1415,9-10-biology_secondary-8-4,8,রেচন,কারণ,দেহের বর্জ্য পদার্থগুলো জমতে থাকলে অসুখ দেখা দেয়
T1416,9-10-biology_secondary-8-4,8,রেচনতন্দ্রা,কাজ,দেহের বিষাক্ত পদার্থ নিষ্কাশিত করা
T1417,9-10-biology_secondary-8-4,8,রেচন,অংশ,কিডনি অথবা বৃক্ধ
T1418,9-10-biology_secondary-8-4,8,বৃক্ধ,অংশ,নেফষ্রন
T1419,9-10-biology_secondary-8-6,8,মূত্রের রং,লক্ষণ,হালকা হলুদ
T1420,9-10-biology_secondary-8-7,8,বৃক্ধ,অবস্থান,"মানবদেহের উদরগহ্বরের পেছনের অংশে, মেরুদণ্ডের দুদিকে বক্ষপিঞ্জরের নিচে পিঠ-সংলগ্ন"
T1421,9-10-biology_secondary-8-8,8,বৃল্ক,অবস্থান,এক ধরনের তন্তুময় আবরণ দিয়ে বেস্টিত
T1422,9-10-biology_secondary-8-8,8,ক্যাপসুল-সংলগ্ন অংশ,কারণ,কর্টেক্স
T1423,9-10-biology_secondary-8-8,8,ক্যাপসুল-সংলগ্ন অংশ,কারণ,মেডুলা
T1424,9-10-biology_secondary-8-8,8,মেডুলা,কাজ,যোজক কলা এবং রন্তবাহী নালি দিয়ে গঠিত
T1425,9-10-biology_secondary-8-8,8,মেডুলা,পরিমাণ,৮-১২টি রেনাল পিরামিড
T1426,9-10-biology_secondary-8-9,8,ইউরিনিফেরাস নালিকা,অংশ,নেফ্রন
T1427,9-10-biology_secondary-8-9,8,ইউরিনিফেরাস নালিকা,অংশ,সংগ্রাহক বা সংগ্রাহী নালিকা
T1428,9-10-biology_secondary-8-9,8,নেফ্রন,কাজ,মূত্র তৈরি করা
T1429,9-10-biology_secondary-8-9,8,সংগ্রাহক বা সংগ্রাহী নালিকা,কাজ,মূত্র বহন করা
T1430,9-10-biology_secondary-9-1,9,মানবকঙ্কাল,কাজ,বর্ণনা
T1431,9-10-biology_secondary-9-1,9,কঙ্কাল,কাজ,দৃঢ়তা প্রদান এবং চলন
T1432,9-10-biology_secondary-9-1,9,অস্থি,কাজ,ব্যাখ্যা
T1433,9-10-biology_secondary-9-1,9,অস্থিসন্ধি,কাজ,ব্যাখ্যা
T1434,9-10-biology_secondary-9-1,9,পেশি,কাজ,ব্যাখ্যা
T1435,9-10-biology_secondary-9-1,9,টেনডন,কাজ,ব্যাখ্যা
T1436,9-10-biology_secondary-9-1,9,লিগামেন্ট,কাজ,ব্যাখ্যা
T1437,9-10-biology_secondary-9-1,9,অস্টিওপোরোসিস,কারণ,কারণ
T1438,9-10-biology_secondary-9-1,9,অস্টিওপোরোসিস,লক্ষণ,লক্ষণ
T1439,9-10-biology_secondary-9-1,9,আর্থাইটিস,কারণ,কারণ
T1440,9-10-biology_secondary-9-1,9,আর্থাইটিস,লক্ষণ,লক্ষণ
T1441,9-10-biology_secondary-9-10,9,অস্থি,কারণ,হাড় ক্ষয়ের দিকে বেশি ঝুঁকে পড়ে
T1442,9-10-biology_secondary-9-12,9,তরুণাস্থি,অবস্থান,অপেক্ষাকৃত নরম এবং স্থিতিস্থাপক
T1443,9-10-biology_secondary-9-12,9,তরুণাস্থি কোষ,কারণ,কন্ত্রিন দিয়ে গঠিত
T1444,9-10-biology_secondary-9-12,9,তরুণাস্থি কোষের প্রোটোগ্লাজম,অবস্থান,খুব স্বচ্ছ
T1445,9-10-biology_secondary-9-12,9,তরুণাস্থি কোষের নিউক্লিয়াস,অবস্থান,গোলাকার
T1446,9-10-biology_secondary-9-12,9,তরুণাস্থি,কারণ,কন্ডত্রিনের মাঝে গহ্বর
T1447,9-10-biology_secondary-9-12,9,তরুণাস্থি,কারণ,কন্ডত্রোসাইট নামক কোষ
T1448,9-10-biology_secondary-9-12,9,তরুণাস্থি,অবস্থান,তন্তুময় যোজক কলা নির্মিত আবরণী দিয়ে পরিবেষ্টিত
T1449,9-10-biology_secondary-9-12,9,তরুণাস্থি,প্রকার,কয়েক রকম
T1450,9-10-biology_secondary-9-12,9,তরুণাস্থি,অবস্থান,অস্থির সংযোগস্থলে
T1451,9-10-biology_secondary-9-13,9,অস্থিসন্ধি,কাজ,দুই বা ততোধিক অস্থির সংযোগস্থলকে অস্থিসন্ধি বলে
T1452,9-10-biology_secondary-9-13,9,অস্থিসন্ধি,কারণ,অস্থিগুলো একরকম স্থিতিস্থাপক রজ্জুর মতো বন্ধনী দিয়ে দৃঢ়ভাবে আটকানো থাকে
T1453,9-10-biology_secondary-9-13,9,অস্থিসন্ধি,লক্ষণ,সম্ধিস্থল বিভিন্ন অঙ্গপ্রত্যঙ্গ সঞ্চালনে সাহায্য করে
T1454,9-10-biology_secondary-9-14,9,অস্থিসন্ধি,প্রকার,অনড়
T1455,9-10-biology_secondary-9-14,9,অস্থিসন্ধি,প্রকার,সহজে সঞ্চালন করা যায়
T1456,9-10-biology_secondary-9-14,9,অস্থিসন্ধি,কাজ,সরল সাইনোভিয়াল অস্থিসন্ধি গঠন
T1457,9-10-biology_secondary-9-14,9,অস্থিসন্ধি,কাজ,জটিল সাইনোভিয়াল অস্থিসন্ধি গঠন
T1458,9-10-biology_secondary-9-15,9,সাইনোভিয়াল অস্থিসন্ধি,অংশ,এব�ং অস্থিসন্ধিকে দৃঢ়ভাবে চিত্র ৯.০২: সাইনোভিয়াল সন্ধি আটকে রাখার জন্য অস্থিবন্ধনী বা লিগামেন্ট বেষ্টিত একটি মজবুত আবরণী বা ক্যাপসুল
T1459,9-10-biology_secondary-9-15,9,সাইনোভিয়াল অস্থিসন্ধি,লক্ষণ,অস্থিতে অস্থিতে ঘর্ষণ এবং তজ্জনিত ক্ষয় হাস পায় ও অস্থিসম্ধি নড়াচড়া করাতে কম শত্তি ব্যয় হয়
T1460,9-10-biology_secondary-9-16,9,ঈষৎ সচল অস্থিসন্ধি,কাজ,"দেহকে সামনে, পিছনে এবং পাশে বাঁকাতে পারি"
T1461,9-10-biology_secondary-9-17,9,বল ও কোটরসম্ধি,অবস্থান,সম্ধিস্থলে
T1462,9-10-biology_secondary-9-17,9,সম্ধিস্থলে,কাজ,একটি অস্থির মাথার মতো গোল অংশ অন্য কন্দা সম্দি
T1463,9-10-biology_secondary-9-19,9,কজা,কাজ,কঙ্কালের চিত্র অঙ্কন করে বিভিন্ন অংশ চিহ্নিত করো
T1464,9-10-biology_secondary-9-20,9,পেশিতন্দ্র,কাজ,অঙ্গ-প্রত্যঙ্গ সঞ্চালন
T1465,9-10-biology_secondary-9-20,9,পেশিতন্দ্র,কাজ,চলাফেরায় সহায়তা
T1466,9-10-biology_secondary-9-20,9,পেশিতন্দ্র,কাজ,অঙ্গবিন্যাস রক্ষা
T1467,9-10-biology_secondary-9-20,9,পেশিতন্দ্র,কাজ,ভারসাম্য রক্ষা
T1468,9-10-biology_secondary-9-20,9,পেশিতন্দ্র,কাজ,কঙ্কালতন্ত্রের সাথে যৌথভাবে দেহের নির্দিষ্ট আকার গঠন
T1469,9-10-biology_secondary-9-21,9,হৃৎপিণ্ড,কাজ,হুৎপেশির স্পন্দন এবং রক্তু সঞ্চালন
T1470,9-10-biology_secondary-9-21,9,পেশি,কাজ,খাদ্যবস্তুর চলন প্রভৃতি স্বয়ংক্রিয় কাজে ভূমিকা পালন
T1471,9-10-biology_secondary-9-21,9,অস্থি ও পেশি,কাজ,চলনে অস্থি ও পেশির ভূমিকা
T1472,9-10-biology_secondary-9-22,9,পেশি,কাজ,অস্থিকে আটকে রাখা
T1473,9-10-biology_secondary-9-22,9,পেশি,কাজ,সংলগ্ন অস্থির নড়াচড়া সম্ভব করা
T1474,9-10-biology_secondary-9-24,9,বাইসেপস পেশি,কাজ,কনুই বাঁকা করতে সাহায্য
T1475,9-10-biology_secondary-9-24,9,ট্রাইসেপস পেশি,কাজ,কনুই সোজা করতে সাহায্য
T1476,9-10-biology_secondary-9-24,9,ইচ্ছাধীন স্নায়ু,কারণ,পেশির সংকুচন ও শিথিলতায় ঘটানো কার্যক্রম
T1477,9-10-biology_secondary-9-26,9,টেনডন,অবস্থান,গায়ের সাথে সংযুক্ত
T1478,9-10-biology_secondary-9-26,9,টেনডন,কারণ,মাংসপেশির প্রান্তভাগ দড়ি বা রজ্জ্র মতো শত্ত হয়ে অস্থির
T1479,9-10-biology_secondary-9-26,9,টিস্যু,কারণ,"টেনডন ঘন, শ্বেত তন্দুময়"
T1480,9-10-biology_secondary-9-26,9,টেনডন,কাজ,গুচ্ছাকারে এবং পরস্পর সমান্তরালভাবে বিন্যস্ত থাকে
T1481,9-10-biology_secondary-9-26,9,টিস্যুগুচ্ছ,কারণ,অনেকগুলো তন্তু একত্রে আঁটি বা বান্ডিল তৈরি করে
T1482,9-10-biology_secondary-9-26,9,আঁটিগুচ্ছ,কারণ,অনেকগুলো তন্তু একত্রে আঁটি বা বান্ডিল তৈরি করে
T1483,9-10-biology_secondary-9-26,9,আঁটিগুচ্ছ,কারণ,আঁটিগুলো একত্রে দলবদ্ধ হয়ে আঁটিগুচ্ছ তৈরি করে
T1484,9-10-biology_secondary-9-26,9,আঁটিগুচ্ছ,কারণ,আঁটিগুচ্ছগুলো আবার তন্তুময় টিস্যুগুচ্ছ বা আ্যারিওলার টিস্যু দিয়ে বেষ্টিত হয়ে আরো বড় আঁটিতে শ্রেণিবদ্ধ হয়
T1485,9-10-biology_secondary-9-28,9,টেনডন,অবস্থান,পেশিতন্তুর সারকোলেমায়
T1486,9-10-biology_secondary-9-28,9,টেনডনের আঁটিগুচ্ছ,কারণ,"টেনডনের আবরক টিস্যু, পেশি বান্ডিল বা আঁটির আবরক টিস্যুর সাথে অবিচ্ছিন্ন যোগাযোগ তৈরি করার"
T1487,9-10-biology_secondary-9-28,9,টেনডন,কাজ,পেশি এবং টেনডনের সংযোগস্থলে শক্তিশালী করার
T1488,9-10-biology_secondary-9-28,9,টেনডন,কারণ,পেশি বা অস্থির তুলনায় ভেঙে বা ছিড়ে যাওয়ার সম্ভাবনা অনেক কম
T1489,9-10-biology_secondary-9-28,9,পেশিবন্ধনী,কারণ,পেশিপ্রান্তে রজ্জুর মতো শত্ত হয়ে অস্থির সাথে সংযুক্ত থাকে
T1490,9-10-biology_secondary-9-28,9,পেশি,কারণ,"পেশি অস্থির সাথে আবদ্ধ হয়ে দেহকাঠামো গঠনে, দৃঢ়তা দানে, অস্থিবন্ধনী গঠনে সাহায্য করে"
T1491,9-10-biology_secondary-9-28,9,পেশি,কারণ,চাপটানের বিরুদ্ধে যাত্রিক প্রতিরোধ গড়ে তোলে
T1492,9-10-biology_secondary-9-29,9,লিগামেন্ট,অবস্থান,শ্বেততন্তু
T1493,9-10-biology_secondary-9-29,9,লিগামেন্ট,কারণ,"সরু, শাখা-প্রশাখা বিশিষ্ট জালাকারে বিন্যস্ত কতগুলো তন্তুও ছড়ানো থাকে"
T1494,9-10-biology_secondary-9-3,9,কঙ্কাল,অংশ,অস্থি
T1495,9-10-biology_secondary-9-3,9,শিশুর কঙ্কাল,অংশ,অস্থি
T1496,9-10-biology_secondary-9-3,9,কঙ্কাল,কাজ,মানবদেহকে নির্দিষ্ট আকার দেয়
T1497,9-10-biology_secondary-9-30,9,ইলাস্টিন,কাজ,পাল্লাকে দরজার কাঠামোর সাথে আটকে রাখা
T1498,9-10-biology_secondary-9-30,9,ইলাস্টিন,কাজ,হাড়কে আটকে রাখা
T1499,9-10-biology_secondary-9-30,9,অঞঙ্গ,কাজ,সবদিকে সোজা বা বাঁকা হয়ে নড়াচড়া করতে পারা
T1500,9-10-biology_secondary-9-31,9,অস্টিওপোরোসিস,কারণ,ক্যালসিয়ামের অভাব
T1501,9-10-biology_secondary-9-33,9,খনিজ লবণ,কারণ,রোগটি হয়
T1502,9-10-biology_secondary-9-33,9,নারী,অবস্থান,মেনোপজ হওয়ার পর
T1503,9-10-biology_secondary-9-33,9,অস্থি,লক্ষণ,"ভঙ্গুর হয়ে যায়, ঘনত্ব কমতে থাকে"
T1504,9-10-biology_secondary-9-33,9,পিঠের পিছন দিক,লক্ষণ,ব্যথা অনুভব হয়
T1505,9-10-biology_secondary-9-33,9,অস্থি,লক্ষণ,ব্যথা অনুভব হয়
T1506,9-10-biology_secondary-9-34,9,রোগ,প্রতিরোধ,হঠাৎ করেই সামান্য আঘাতে কোমর বা দেহের অন্যান্য কোনো প্রতিকার
T1507,9-10-biology_secondary-9-35,9,কমলার রস,প্রতিরোধ,খাওয়া
T1508,9-10-biology_secondary-9-35,9,সবুজ শাকসবজি,প্রতিরোধ,খাওয়া
T1509,9-10-biology_secondary-9-35,9,সয়াদ্রব্য,প্রতিরোধ,খাওয়া
T1510,9-10-biology_secondary-9-35,9,ক্যালসিয়াম-সমৃদ্ধ খাবার,প্রতিরোধ,গ্রহণ করা
T1511,9-10-biology_secondary-9-35,9,সূর্যালোক,প্রতিরোধ,সংস্পর্শে আসা
T1512,9-10-biology_secondary-9-35,9,ক্যালসিয়াম,প্রতিরোধ,গ্রহণ করা
T1513,9-10-biology_secondary-9-35,9,ভিটামিন 1,প্রতিরোধ,গ্রহণ করা
T1514,9-10-biology_secondary-9-35,9,নিয়মিত ব্যায়াম,প্রতিরোধ,করা
T1515,9-10-biology_secondary-9-35,9,সুষম খাবার,প্রতিরোধ,গ্রহণ করা
T1516,9-10-biology_secondary-9-35,9,আশযুন্ত খাবার,প্রতিরোধ,গ্রহণ করা
T1517,9-10-biology_secondary-9-37,9,রিউমাটয়েড আর্জরাইটিস,প্রকার,বাতরোগের মধ্যে
T1518,9-10-biology_secondary-9-37,9,বেলায় গিঁটে ব্যথা,লক্ষণ,রিউমেটিক ফিভার
T1519,9-10-biology_secondary-9-37,9,বেলায় গিঁটে ব্যথা,লক্ষণ,বাতজ্বর
T1520,9-10-biology_secondary-9-37,9,অস্থিসন্ধির অসুখ,প্রকার,চিকিৎসার পার্থক্য
T1521,9-10-biology_secondary-9-4,9,অস্থি,অংশ,কঙ্কাল
T1522,9-10-biology_secondary-9-4,9,অস্থি,অংশ,অস্থি দুটো
T1523,9-10-biology_secondary-9-4,9,অস্থি,অংশ,তরুণাস্থি
T1524,9-10-biology_secondary-9-4,9,অস্থি,অংশ,অস্থি সন্ধি
T1525,9-10-biology_secondary-9-4,9,অস্থি,কাজ,অস্থির চলনে সাহায্য করা
T1526,9-10-biology_secondary-9-4,9,অস্থি,অংশ,চলন
T1527,9-10-biology_secondary-9-43,9,অস্থি,সংজ্ঞা,পর্দা ক্ষতিগ্রস্ত হয়েছে
T1528,9-10-biology_secondary-9-45,9,শারীরবৃত্তীয় ক্রিয়া বিক্রিয়া,অবস্থান,অবিরামভাবে চলছে
T1529,9-10-biology_secondary-9-45,9,সমন্বয়,কাজ,অত্যন্ত গুরুত্বপূর্ণ বিষয়
T1530,9-10-biology_secondary-9-5,9,ইচ্ছামতো,অবস্থান,অঞঙ্গা
T1531,9-10-biology_secondary-9-5,9,কঙ্কালতন্ত্র,অংশ,"অস্থি এবং তরুণাস্থি, পেশি, পেশিবন্ধনী এবং অস্থিবন্ধনী"
T1532,9-10-biology_secondary-9-5,9,কঙ্কালতল্কে,অংশ,দুটি প্রধান ভাগ
T1533,9-10-biology_secondary-9-5,9,বহিঃকঙ্কাল,পরিমাণ,৮0516166010
T1534,9-10-biology_secondary-9-5,9,বহিঃকঙ্কাল,অবস্থান,কঙ্কালের এ অংশগুলো বাইরে অবস্থান করে
T1535,9-10-biology_secondary-9-6,9,কঙ্কাল,অবস্থান,শরীরের ভেতরকার
T1536,9-10-biology_secondary-9-6,9,কঙ্কাল,কাজ,দেহকাঠামো গঠন
T1537,9-10-biology_secondary-9-6,9,কঙ্কাল,কাজ,নিচের অঙ্গগুলোর সাথে উপরের অঙ্গগুলোর সংযুক্তি সাধন
T1538,9-10-biology_secondary-9-7,9,মস্তিষ্ক করোটি,অবস্থান,মেরুরজ্জু মেরুদণ্ডের ভেতরে
T1539,9-10-biology_secondary-9-7,9,মস্তিষ্ক করোটি,অবস্থান,হৃৎপিণ্ড ও ফুসফুস বক্ষগহ্বরে
T1540,9-10-biology_secondary-9-7,9,পেশিগুলো,অবস্থান,কঙ্কালের সাথে আটকে
T1541,9-10-biology_secondary-9-7,9,"হাত, পা, স্কবন্ধচক্র ও শ্রোণিচত্ব",কাজ,নড়াচড়ায় সাহায্য
T1542,9-10-biology_secondary-9-7,9,পেশিতন্দ্র,কাজ,নড়াচড়ায় সাহায্য
T1543,9-10-biology_secondary-9-8,9,অস্থিমজ্জা,অংশ,লোহিত রক্তকণিকা উৎপাদন
T1544,9-10-biology_secondary-9-8,9,অস্থি,কাজ,খনিজ লবণ অস্ঞ্চয় করে রাখা
T1545,9-10-biology_secondary-9-8,9,অস্থি,কারণ,অস্থি শত্তু এবং মজবুত থাকা
T1546,9-10-biology_secondary-9-9,9,অস্থি,অবস্থান,দেহের সবচেয়ে দৃঢ় কলা
T1547,9-10-biology_secondary-9-9,9,অস্থির মাতৃকা,অংশ,অস্থিকোষগুলো
T1548,9-10-biology_secondary-10-100,10,পারকিনসন রোগ,অবস্থান,মস্তিষ্ক
T1549,9-10-biology_secondary-10-100,10,পারকিনসন রোগ,লক্ষণ,হাতে ও পায়ের কাঁপুনি
T1550,9-10-biology_secondary-10-100,10,পারকিনসন রোগ,কাজ,আক্রান্ত রোগীর নড়াচড়া ও হাঁটাহাঁটি করতে সমস্যা হওয়া
T1551,9-10-biology_secondary-10-100,10,পারকিনসন রোগ,অবস্থান,50 বছর বয়সের পরে
T1552,9-10-biology_secondary-10-100,10,পারকিনসন রোগ,কারণ,ব্যতিক্রম হিসেবে যুবক-যুবতীদেরও হতে পারে
T1553,9-10-biology_secondary-10-100,10,পারকিনসন রোগ,লক্ষণ,রোগটি তার বংশে রয়েছে বলে ধরা হয়
T1554,9-10-biology_secondary-10-101,10,পেশির নড়াচড়া,কারণ,শরীরের পেশির নড়াচড়ায় সাহায্য করে
T1555,9-10-biology_secondary-10-101,10,ডোপামিন তৈরির কোষগুলো,অবস্থান,মস্তিষ্কে
T1556,9-10-biology_secondary-10-101,10,ডোপামিন তৈরির কোষগুলো,কাজ,ডোপামিন তৈরি
T1557,9-10-biology_secondary-10-101,10,পারকিনসন রোগাক্রান্ত রোগীর মস্তিষ্কে,কারণ,ডোপামিন তৈরির কোষগুলো ধীরে ধীরে নষ্ট হয়ে যায়
T1558,9-10-biology_secondary-10-101,10,পেশি কোষগুলো,কারণ,পারকিনসন রোগাক্রান্ত রোগীর মস্তিষ্কে
T1559,9-10-biology_secondary-10-101,10,মাংসপেশি তার কোষগুলো,কারণ,মাংসপেশি তার কার্যকারিতা হারায়
T1560,9-10-biology_secondary-10-101,10,বয়স,কারণ,পারকিনসনের কারণে রোগীর মাংসপেশি আরও অকার্যকর হয়ে উঠে
T1561,9-10-biology_secondary-10-102,10,পারকিনসন রোগ,অবস্থান,ধীরে ধীরে প্রকটরূপে
T1562,9-10-biology_secondary-10-102,10,রোগী,অবস্থান,হালকা হাত বা পা কাঁপা
T1563,9-10-biology_secondary-10-102,10,চোখের পাতা,অবস্থান,কাঁপুনি
T1564,9-10-biology_secondary-10-102,10,কোষ্ঠ,অবস্থান,কাঠিন্য
T1565,9-10-biology_secondary-10-102,10,মুখ,অবস্থান,অনড় থাকা মাংসপেশিতে টান পড়া বা ব্যথা হওয়া
T1566,9-10-biology_secondary-10-105,10,মাদকাসন্তি,কারণ,স্বাভাবিক সামাজিক ও পারিবারিক সম্পর্কের ঘাটতি
T1567,9-10-biology_secondary-10-106,10,নিকোটিন,কাজ,স্নায়ু কোষগুলোকে উদ্দীপিত করা
T1568,9-10-biology_secondary-10-106,10,নিকোটিন,কাজ,দেহে নিকোটিনের চাহিদা বেড়ানো
T1569,9-10-biology_secondary-10-106,10,নিকোটিনের চাহিদা,কাজ,জর্দা ব্যবহার বা ধূমপানের নেশা পাওয়া
T1570,9-10-biology_secondary-10-106,10,নিকোটিনের গ্রহণ,কারণ,স্নায়ুকোষের কার্যকারিতা নষ্ট হতে থাকা
T1571,9-10-biology_secondary-10-106,10,নিকোটিনের গ্রহণ,লক্ষণ,"হাত, পা কিংবা মাথা অনৈচ্ছিকভাবে কাঁপতে থাকা"
T1572,9-10-biology_secondary-10-106,10,নিকোটিনের গ্রহণ,লক্ষণ,সূক্ষ্ম কাজে ব্যর্থতাজনিত সমস্যা দেখা দেয়
T1573,9-10-biology_secondary-10-112,10,চিত্র-১ উদ্ভিদটির অগ্রভাগ,অবস্থান,এরূপ
T1574,9-10-biology_secondary-10-116,10,জীব,কারণ,তার জীবদ্দশায় নিজের প্রতিরূপ সৃষ্টির মাধ্যমে তার প্রজাতিকে বাঁচিয়ে রাখে
T1575,9-10-biology_secondary-10-116,10,জীবের প্রজনন,প্রকার,জীবদ্দশায় নিজের প্রতিরূপ সৃষ্টির মাধ্যমে তার প্রজাতিকে বাঁচিয়ে রাখে
T1576,9-10-biology_secondary-10-116,10,জীবের প্রজনন,লক্ষণ,ভিন্ন ভিন্ন হতে পারে
T1577,9-10-biology_secondary-10-12,10,ছত্রাক,কারণ,ধানগাছের অতিবৃদ্ধি
T1578,9-10-biology_secondary-10-12,10,জিবেরেলিন,অবস্থান,উদ্ভিদের পাকা বীজ
T1579,9-10-biology_secondary-10-12,10,জিবেরেলিন,অবস্থান,চারাগাছের বর্ধিয়ণ অঞ্চল
T1580,9-10-biology_secondary-10-12,10,জিবেরেলিন,অবস্থান,বীজপত্রের বর্ধিয়ণ অঞ্চল
T1581,9-10-biology_secondary-10-12,10,জিবেরেলিন,কারণ,উদ্ভিদের পর্বমধ্যগুলু দৈর্ঘ্যে বেড়ে যাওয়া
T1582,9-10-biology_secondary-10-12,10,জিবেরেলিন,কারণ,উদ্ভিদের কাণ্ডের অতিবৃদ্ধি
T1583,9-10-biology_secondary-10-13,10,সাইটোকাইনিন,কাজ,কোষ বিভাজনকে উদ্দীপিত করা
T1584,9-10-biology_secondary-10-13,10,সাইটোকাইনিন,কাজ,কোষবৃদ্ধি
T1585,9-10-biology_secondary-10-13,10,সাইটোকাইনিন,কাজ,অঙ্গের বিকাশসাধন
T1586,9-10-biology_secondary-10-13,10,সাইটোকাইনিন,কাজ,বীজ এবং অঙ্গের সুপ্তাবস্থা ভঙ্গকরণ
T1587,9-10-biology_secondary-10-13,10,সাইটোকাইনিন,কাজ,বার্ধক্য বিলম্বিতকরণ
T1588,9-10-biology_secondary-10-14,10,ইথিলিন,কাজ,ফল পাকাতে সাহায্য
T1589,9-10-biology_secondary-10-14,10,ইথিলিন,কাজ,"ফল, ফুল, বীজ, পাতা এবং মূলে দেখা যায়"
T1590,9-10-biology_secondary-10-14,10,ইথিলিন,কাজ,বীজ এবং মুকুলের সুপ্তাবস্থা ভঙ্গ
T1591,9-10-biology_secondary-10-14,10,ইথিলিন,কাজ,চারা গাছের কাণ্ডের বৃদ্ধি
T1592,9-10-biology_secondary-10-14,10,ইথিলিন,কাজ,চারা গাছকে লম্বা হতে সাহায্য
T1593,9-10-biology_secondary-10-14,10,ইথিলিন,কাজ,ফুল এবং ফল সৃষ্টির সূচনা
T1594,9-10-biology_secondary-10-14,10,ইথিলিন,কাজ,"পাতা, ফুল এবং ফলের ঝরে পড়া ত্বরাষ্বিত"
T1595,9-10-biology_secondary-10-14,10,ইথিলিন,কাজ,কৃত্রিম উপায়ে ফল পাকাতে ব্যবহার
T1596,9-10-biology_secondary-10-15,10,অক্সিন,কাজ,মূল উৎপাদনে সাহায্য করা
T1597,9-10-biology_secondary-10-15,10,ইন্ডোল আ্যাসিটিক এসিড (4&&),কারণ,ক্যাম্বিয়ামের কার্যকারিতা বৃদ্ধি
T1598,9-10-biology_secondary-10-15,10,ক্যাম্বিয়াম,কাজ,ক্যালাস নামক কোষগুচ্ছের সৃষ্টি এবং ক্ষতস্থান পূরণ
T1599,9-10-biology_secondary-10-15,10,অক্সিন,কাজ,ফলের মোচন বিলম্বিত করা
T1600,9-10-biology_secondary-10-15,10,জিবেরেলিন,কাজ,বীজহীন ফল উৎপাদনে ব্যবহার
T1601,9-10-biology_secondary-10-16,10,অক্সিন,কারণ,অন্ধকারের দিকে বেশি বৃদ্ধি বেসামরিত
T1602,9-10-biology_secondary-10-16,10,অক্সিন,কারণ,আলোকিত অংশের বৃদ্ধি ব্যাহত হয়
T1603,9-10-biology_secondary-10-16,10,অক্ষরণগুলি,কারণ,কাণ্ড আলোর দিকে বেঁকে যায়
T1604,9-10-biology_secondary-10-17,10,ভ্রণমূল,অংশ,অভিকর্ষের উদ্দীপনা
T1605,9-10-biology_secondary-10-17,10,কোষের উপাদান,অবস্থান,নিচের দিকে
T1606,9-10-biology_secondary-10-17,10,পাশ্বীয় কোষের প্রাচীর,অবস্থান,চাপে
T1607,9-10-biology_secondary-10-21,10,উদ্ভিদের ফুল ধারণ ত্বরাস্বিত করার প্রক্রিয়া,লক্ষণ,ভার্নালাইজেশন
T1608,9-10-biology_secondary-10-21,10,উদ্ভিদের পুষ্প সৃষ্টি,কারণ,উষ্ণতা
T1609,9-10-biology_secondary-10-21,10,বীজ রোপণের পূর্বে,পরিমাণ,২৭ সেলসিয়াস থেকে ৫০ সেলসিয়াস উষ্ণতা
T1610,9-10-biology_secondary-10-22,10,উদ্ভিদ,কাজ,স্বাভাবিক পুষ্প প্রস্ফুটন ঘটান
T1611,9-10-biology_secondary-10-23,10,চলন,কারণ,কোনো না কোনো প্রভাবকের
T1612,9-10-biology_secondary-10-25,10,বক্চচলন,কারণ,"কাণ্ডের স্ব আলোকমুখী চলন, মূলের অন্ধকারমুখী চলন, আকষ্ষী অবলম্বন"
T1613,9-10-biology_secondary-10-25,10,বক্চচলন,প্রকার,"কাণ্ডের স্ব আলোকমুখী চলন, মূলের অন্ধকারমুখী চলন, আকষ্ষী অবলম্বন"
T1614,9-10-biology_secondary-10-25,10,সামগ্রিক চলন,প্রকার,নানা
T1615,9-10-biology_secondary-10-25,10,বক্রচলন,প্রকার,নানা
T1616,9-10-biology_secondary-10-26,10,ফটোট্রপিক চলন,কাজ,উদ্ভিদের আলোর প্রতি সাড়া প্রদান
T1617,9-10-biology_secondary-10-26,10,কাণ্ড,কাজ,আলোর দিকে চলন
T1618,9-10-biology_secondary-10-26,10,শাখা-প্রশাখা,কাজ,আলোর দিকে চলন
T1619,9-10-biology_secondary-10-26,10,মূল,কাজ,আলোর বিপরীত দিকে চলন
T1620,9-10-biology_secondary-10-26,10,কাণ্ডের চলন,কারণ,পজিটিভ ফটোট্রপিজম
T1621,9-10-biology_secondary-10-26,10,মূলের চলন,কারণ,নেগেটিভ ফটোট্রপিজম
T1622,9-10-biology_secondary-10-29,10,হরমোন,কাজ,শারীরবৃত্তীয় কাজ বা পদ্ধতি নিয়ন্ত্রণ
T1623,9-10-biology_secondary-10-29,10,হরমোন,কারণ,"উত্তেজক বা নিস্তেজক হিসেবে দেহের পরিস্ফুটন, বৃদ্ধি এবং বিভিন্ন টিস্যুর কার্য নিয়ন্ত্রণ"
T1624,9-10-biology_secondary-10-29,10,হরমোন,কারণ,"ব্যক্তির আচরণ, স্বভাব এবং আবেগপ্রবণতার উপর প্রভাব"
T1625,9-10-biology_secondary-10-30,10,সমন্বয়,কাজ,দূরবর্তী কোষ বা অঙ্গকে উদ্দীপিত করা
T1626,9-10-biology_secondary-10-31,10,ফেরোমন,কারণ,পিঁপড়াগুলো খাদ্য উৎসে যায় এবং খাদ্য সংগ্রহ করে বাসায় ফিরে আসে
T1627,9-10-biology_secondary-10-31,10,ফেরোমন,কারণ,পিঁপড়াদের এক সারিতে চলাচল করতে দেখা যায়
T1628,9-10-biology_secondary-10-31,10,ফেরোমন,কারণ,পতঙ্গ ফেরোমন দিয়ে তার স্প্রজাতির সঙ্গীকে খুঁজে পেতে পারে
T1629,9-10-biology_secondary-10-31,10,ফেরোমন,পরিমাণ,বাতাসে নিঃসৃত করলে 2-4 কিলোমিটার দূর থেকে তার সঙ্গীরা আকৃষ্ট হয়
T1630,9-10-biology_secondary-10-33,10,স্নায়ুতল্ত,কাজ,"দেহের কাজ পরিচালনা, নিয়ন্ত্রণ এবং সমন্বয়"
T1631,9-10-biology_secondary-10-33,10,হরমোনতন্দ্র,কাজ,"দেহের কাজ পরিচালনা, নিয়ন্ত্রণ এবং সমন্বয়"
T1632,9-10-biology_secondary-10-33,10,তন্ত্র,কাজ,"প্রাণী উত্তেজনায় সাড়া দিয়ে প্রাকৃতিক পরিবেশের সাথে সম্পর্ক রক্ষা, দেহের বিভিন্ন অঙ্গের মধ্যে সংযোগ রাখে, দেহের বিভিন্ন অঙ্গের কাজে শৃঙ্খলা আনে, শারীরবৃত্তীয় কাজ নিয়ন্ত্রণ করে, কোষের কাজের সমন্বয় সাধন"
T1633,9-10-biology_secondary-10-33,10,স্নায়ুতন্ত্র,কারণ,দেহের বিভিন্ন অঙ্গের কাজের সমন্বয় সাধনের জন্য স্নায়ুতন্ত্র অত্যন্ত গুরুত্বপূর্ণ ভূমিকা পালন করে
T1634,9-10-biology_secondary-10-35,10,য্নায়ূতন্ত্র,কাজ,দেহের বিভিন্ন অঙ্গ এবং তন্ত্রের মধ্যে সমন্বয় করে এবং দেহের বিভিন্ন অংশে উদ্দীপনা বহন করে এবং দেহের উদ্দীপনায় সাড়া দিয়ে পরিবেশের সাথে সম্পর্ক রক্ষা করে
T1635,9-10-biology_secondary-10-36,10,মস্তিষ্ক,অবস্থান,করোটিকার মধ্যে
T1636,9-10-biology_secondary-10-37,10,মস্তিষ্ক,অবস্থান,সুষুম্নাকাণ্ডের শীর্ষে কেন্দ্রীয় স্নায়ুতন্ত্রের যে স্ফীত অংশ করোটিকার মধ্যে
T1637,9-10-biology_secondary-10-37,10,মস্তিষ্ক,কাজ,য্নায়ুতন্দ্রের পরিচালক
T1638,9-10-biology_secondary-10-37,10,মস্তিষ্ক,অংশ,অগ্রমস্তিষ্ক
T1639,9-10-biology_secondary-10-37,10,মস্তিষ্ক,অংশ,মধ্যমস্তিষ্ক
T1640,9-10-biology_secondary-10-37,10,মস্তিষ্ক,অংশ,পশ্চাৎমস্তিষ্ক
T1641,9-10-biology_secondary-10-38,10,সেরিব্রাম,অংশ,অগ্রমস্তিষ্ক
T1642,9-10-biology_secondary-10-38,10,সেরিব্রাম,অংশ,গুরুমস্তিষ্ক
T1643,9-10-biology_secondary-10-38,10,সেরিব্রাম,অংশ,ডান অংশ
T1644,9-10-biology_secondary-10-38,10,সেরিব্রাম,অংশ,বাম অংশ
T1645,9-10-biology_secondary-10-38,10,সেরিব্রাম,অংশ,বিভেদক খাঁজ
T1646,9-10-biology_secondary-10-38,10,সেরিব্রাল হেমিস্ফিয়ার,অংশ,ডান হেমিস্ফিয়ার
T1647,9-10-biology_secondary-10-38,10,সেরিব্রাল হেমিস্ফিয়ার,অংশ,বাম হেমিস্ফিয়ার
T1648,9-10-biology_secondary-10-38,10,সেরিব্রাল হেমিস্ফিয়ার,অবস্থান,মধ্যে খাঁজ
T1649,9-10-biology_secondary-10-38,10,সেরিব্রাল হেমিস্ফিয়ার,অবস্থান,একগুচ্ছ নিউরন দিয়ে সংযুক্ত
T1650,9-10-biology_secondary-10-39,10,অংশ,অবস্থান,মস্তিস্কের উপরিভাগ
T1651,9-10-biology_secondary-10-39,10,অংশ,কারণ,মেনেজেস নামক পর্দা দিয়ে গঠিত
T1652,9-10-biology_secondary-10-39,10,অংশ,লক্ষণ,ধূসর রং
T1653,9-10-biology_secondary-10-39,10,সেরিব্রাম,অবস্থান,সেরিব্রাল কট্টেক্সের গভীর স্তরে
T1654,9-10-biology_secondary-10-39,10,সেরিব্রাম,কারণ,সাদা রঙের মায়েলিন আবরণে আবৃত নিউরনের আ্যাক্সন দিয়ে গঠিত
T1655,9-10-biology_secondary-10-39,10,সেরিব্রাল কট্টেক্স,অবস্থান,সাদা রঙের স্তর
T1656,9-10-biology_secondary-10-4,10,উদ্ভিদের কোষ,কাজ,বিভিন্ন শারীরবৃত্তীয় কার্যকূম একযোগে এবং প্রতিনিয়ত চলতে
T1657,9-10-biology_secondary-10-41,10,মধ্যমস্তিষ্ক,কাজ,অগ্র ও পশ্চাৎ মস্তিষকে সংযুক্ত করা
T1658,9-10-biology_secondary-10-41,10,মধ্যমস্তিষ্ক,কাজ,বিভিন্ন পেশির কাজের সমন্বয়সাধন
T1659,9-10-biology_secondary-10-41,10,মধ্যমস্তিষ্ক,কাজ,ভারসাম্য রক্ষা
T1660,9-10-biology_secondary-10-41,10,মধ্যমস্তিষ্ক,কাজ,দর্শন ও শ্রবণের ক্ষেত্রে গুরুত্বপূর্ণ ভূমিকা
T1661,9-10-biology_secondary-10-43,10,সেরিবেলাম,অবস্থান,পনসের পৃষ্ঠভাগে
T1662,9-10-biology_secondary-10-43,10,সেরিবেলাম,অংশ,ডান এবং বাম দুই অংশে
T1663,9-10-biology_secondary-10-43,10,সেরিবেলাম,লক্ষণ,বাইরের দিকে ধূসর পদার্থের আবরণ এবং ভিতরের দিকে শ্বেত পদার্থ
T1664,9-10-biology_secondary-10-43,10,সেরিবেলাম,কাজ,"পেশির টান নিয়ন্ত্রণ, চলনে সমন্বয় সাধন, দেহের ভারসাম্য রক্ষা, দৌড়ানো এবং লাফানোর কাজে জড়িত পেশিগুলোর কার্যাবলি নিয়ন্ত্রণ"
T1665,9-10-biology_secondary-10-44,10,মেডুলা অবলংগাটা,অবস্থান,মধ্যমস্তিষ্কের মাঝখানে
T1666,9-10-biology_secondary-10-44,10,মেডুলা অবলংগাটা,অংশ,মস্তিষ্কের সবচেয়ে পিছনের অংশ
T1667,9-10-biology_secondary-10-44,10,মেডুলা অবলংগাটা,অংশ,সেরিবেলাম ও মেডুলা অবলংগাটার মধ্যে সংযোগ স্থাপন
T1668,9-10-biology_secondary-10-44,10,মেডুলা অবলংগাটা,অংশ,পনস
T1669,9-10-biology_secondary-10-45,10,করোটিক ম্নায়ু,অবস্থান,মধ্যে মেডুলা অবলংগাটা
T1670,9-10-biology_secondary-10-45,10,করোটিক ম্নায়ু,কাজ,খাদ্য গলাধঃকরণ
T1671,9-10-biology_secondary-10-45,10,করোটিক ম্নায়ু,কাজ,হৃৎপিণ্ড
T1672,9-10-biology_secondary-10-45,10,করোটিক ম্নায়ু,কাজ,ফুসফুস
T1673,9-10-biology_secondary-10-45,10,করোটিক ম্নায়ু,কাজ,গলবিল
T1674,9-10-biology_secondary-10-45,10,করোটিক ম্নায়ু,কাজ,শ্রবণ
T1675,9-10-biology_secondary-10-45,10,করোটিক ম্নায়ু,কাজ,ভারসাম্য
T1676,9-10-biology_secondary-10-46,10,স্নায়ুগুলো,কারণ,সংবেদী বা মোটর বা মিশ্র প্রকৃতির
T1677,9-10-biology_secondary-10-46,10,মেরুরজ্জু,অবস্থান,করোটির পেছনে ফোরামেন ম্যাগনাম নামক ছিদ্র থেকে কটিদেশের কশেরুকার পর্যন্ত
T1678,9-10-biology_secondary-10-46,10,মেরুরজ্জু,অবস্থান,মেরুদণ্ডের কশেরুকার ভেতরে
T1679,9-10-biology_secondary-10-47,10,শ্বেত পদার্থ,অবস্থান,বাইরে
T1680,9-10-biology_secondary-10-47,10,ধূসর পদার্থ,অবস্থান,ভিতরে
T1681,9-10-biology_secondary-10-47,10,মেরুরজ্জু,অবস্থান,মস্তিষ্কের ঠিক উল্টো
T1682,9-10-biology_secondary-10-47,10,মেরুরজ্জু,কাজ,সমধ্বয়
T1683,9-10-biology_secondary-10-47,10,মেরুরজ্জু,অংশ,২১৫ থেকে 31 জোড়া মেরুরজ্জীয় য্নায়ু
T1684,9-10-biology_secondary-10-48,10,স্নায়ুটিস্যু,কাজ,সব ধরনের সংবেদন ও উদ্দীপনা গ্রহণ এবং তা পরিবহণ
T1685,9-10-biology_secondary-10-48,10,স্নায়ুটিস্যু,অংশ,বহুসংখ্যক স্নায়ুকোষ বা নিউরন
T1686,9-10-biology_secondary-10-49,10,কোষদেহ,অংশ,"গোলাকার, তারকাকার, অথবা ডিম্বাকার"
T1687,9-10-biology_secondary-10-50,10,ডেনড্রন,কারণ,কোষদেহের চারদিকে প্রলম্বিত ক্ষুদ্র অংশক
T1688,9-10-biology_secondary-10-50,10,ডেনড্রন,অংশ,ডেনড্রাইট
T1689,9-10-biology_secondary-10-50,10,ডেনড্রাইট,কাজ,অন্য নিউরন থেকে য়ায়ু তাড়না গ্রহণ
T1690,9-10-biology_secondary-10-53,10,নিউরনের আযাক্সনের টারমিনাল,অবস্থান,ফাঁকা সংযোগস্থল
T1691,9-10-biology_secondary-10-53,10,ফাঁকা সংযোগস্থল,কারণ,সিন্যাপস
T1692,9-10-biology_secondary-10-53,10,নিউরনের সম্ধিস্থল,অবস্থান,দুটি নিউরনের মধ্যে
T1693,9-10-biology_secondary-10-54,10,সিন্যাপস,অবস্থান,নিউরোহিউমার নামক তরল পদার্থে
T1694,9-10-biology_secondary-10-55,10,নিউরন,কাজ,উদ্দীপনা বহন করা
T1695,9-10-biology_secondary-10-55,10,অনুভূতিবাহী বা সংবেদী নিউরন গ্রাহক অঙ্গ,কারণ,উদ্দীপনা প্রেরণ করার
T1696,9-10-biology_secondary-10-55,10,কেন্দ্রীয় স্নায়ূতন্ত্র,কারণ,উদ্দীপনা প্রেরণ করার
T1697,9-10-biology_secondary-10-55,10,মোটর বা আজ্ঞাবাহী নিউরন,কারণ,উদ্দীপনা প্রেরণ করার
T1698,9-10-biology_secondary-10-56,10,আলো,কারণ,চোখের তারা ছোট হয়ে যায়
T1699,9-10-biology_secondary-10-56,10,আলোর উদ্দীপনাজনিত তাড়না,অবস্থান,রেটিনা থেকে মস্তিকে
T1700,9-10-biology_secondary-10-56,10,আলোর উদ্দীপনাজনিত তাড়না,কাজ,আইরিশের বৃত্তাকার বা গোলাকার পেশি সংকুচিত হয়
T1701,9-10-biology_secondary-10-58,10,আঙ্গুলের ত্বক,অবস্থান,ত্বক
T1702,9-10-biology_secondary-10-58,10,ত্বক,কাজ,সংবেদী নিউরনের ব্যথার উদ্দীপনা গ্রহণ
T1703,9-10-biology_secondary-10-58,10,উদ্দীপনা,অবস্থান,সংবেদী নিউরনের আযাক্সনের মাধ্যমে
T1704,9-10-biology_secondary-10-58,10,আযাক্সন,অবস্থান,স্নায়ুকাণ্ডের ধূসর অংশে
T1705,9-10-biology_secondary-10-59,10,সংবেদী নিউরনের আ্যাক্সন,কারণ,তড়িৎ রাসায়নিক পদ্ধতিতে উদ্দীপনা উত্পাদন
T1706,9-10-biology_secondary-10-59,10,উদ্দীপনা,অবস্থান,মধ্যবরতী বা রিলে নিউরনের মাধ্যমে মোটর বা আজ্ঞাবাহী স্নায়ু কোষের ডেনড্রাইটে প্রবেশ করে
T1707,9-10-biology_secondary-10-59,10,উদ্দীপনা,অবস্থান,আতজ্ঞাবাহী স্নায়ুর আ্যাক্সনের মাধ্যমে পেশিতে প্রবেশ করে
T1708,9-10-biology_secondary-10-61,10,প্রান্তীয় স্নায়ুতন্ত্র,অংশ,মস্তিষ্ক থেকে 12 জোড়া এবং মেরুরজ্জু বা সুষুন্নাকাণ্ড থেকে 31 জোড়া স্নায়ু
T1709,9-10-biology_secondary-10-61,10,করোটিক স্নায়ু,কাজ,"চোখ, নাক, কান, জিহ্বা, দাঁত, মুখমণ্ডল, হৃৎপিণ্ড, পাকস্থলী প্রভৃতি অঙ্গের কাজ নিয়ন্ত্রণ"
T1710,9-10-biology_secondary-10-61,10,য্নায়ুগুলো,কাজ,অঙ্গ-প্রত্যঙ চালনা এবং দেহের বাকি অংশ থেকে যাবতীয় অনুভূতি মস্তিষ্কে বয়ে নিয়ে যাওয়া
T1711,9-10-biology_secondary-10-65,10,উদ্দীপনা,পরিমাণ,প্রায় 100 মিটার
T1712,9-10-biology_secondary-10-65,10,ম্নায়ু তাড়না,কারণ,পরিবেশ থেকে সংকেত পৌঁছানো
T1713,9-10-biology_secondary-10-65,10,নিউরন,কাজ,মস্তিষ্কে উদ্দীপনা বা তাড়না শেষ পর্যন্ত পৌঁছানো
T1714,9-10-biology_secondary-10-65,10,মস্তিষ্ক,কাজ,উদ্দীপনার ফলে অঙ্গগুলোতে সঞ্চালন করানো
T1715,9-10-biology_secondary-10-65,10,পেশি,কারণ,মাংসপেশিতে সঞ্চালিত হওয়া
T1716,9-10-biology_secondary-10-65,10,অঙ্গ,কারণ,মাংসপেশিতে সঞ্চালিত হওয়া
T1717,9-10-biology_secondary-10-65,10,উত্তেজিত য়ায়ু,কারণ,অনুভূতিবাহী য়ায়ু উত্তেজিত হওয়া
T1718,9-10-biology_secondary-10-65,10,অনুভূতিবাহী য়ায়ু,কাজ,মস্তিষ্কের দিকে অগ্রসর হওয়া
T1719,9-10-biology_secondary-10-68,10,শিক্ষকের কথা,অবস্থান,শব্দ তরঙ্গ
T1720,9-10-biology_secondary-10-68,10,শব্দ তরঙ্গ,অবস্থান,ছাত্রের কানের পর্দা
T1721,9-10-biology_secondary-10-68,10,ছাত্রের পেশি,কাজ,সাড়া অঙ্গ
T1722,9-10-biology_secondary-10-68,10,ছাত্রের পেশি,কাজ,সাড়া দিয়ে হাতের পেশি লিখতে
T1723,9-10-biology_secondary-10-7,10,হরমোন,কাজ,কোষে উৎপন্ন হয় এবং উৎপত্তিস্থল থেকে বাহিত হয়ে দূরবতী স্থানের কোষ বা কোষপুঞ্জের কার্যাবলি নিয়ন্ত্রণ
T1724,9-10-biology_secondary-10-7,10,হরমোন,প্রকার,রাসায়নিক উপাদান
T1725,9-10-biology_secondary-10-7,10,ফাইটোহরমোন,কারণ,উদ্ভিদ হরমোনকে ফাইটোহরমোন বলা হয়
T1726,9-10-biology_secondary-10-70,10,মানবদেহের কয়েকটি মুখ্য নালিবিহীন গ্রন্থি,কাজ,নিঃসৃত হরমোন
T1727,9-10-biology_secondary-10-71,10,পিটুইটারি গ্রন্থি,অবস্থান,হাইপোফাইসিস মস্তিষ্কের নিচের অংশে
T1728,9-10-biology_secondary-10-71,10,পিটুইটারি গ্রন্থি,কাজ,মানবদেহের প্রধান হরমোন উৎপাদনকারী গ্রন্থি
T1729,9-10-biology_secondary-10-71,10,পিটুইটারি গ্রন্থি,কারণ,হরমোন সংখ্যায় বেশি এবং অন্যান্য গ্রন্থির উপর প্রভাব বেশি
T1730,9-10-biology_secondary-10-71,10,পিটুইটারি গ্রন্থি,অংশ,"গোনাডোট্রপিক, সোমাটোট্রপিক, থাইরয়েড উদ্দীপক হরমোন, এডরেনোকর্টিকোট্রপিক ইত্যাদি হরমোন নিঃসৃত হয়"
T1731,9-10-biology_secondary-10-72,10,থাইরয়েড গ্রন্থি,অবস্থান,গলায় ট্রাকিয়ার উপরের অংশে
T1732,9-10-biology_secondary-10-72,10,থাইরয়েড গ্রন্থি,কাজ,থাইরক্সিন নিঃসরণ
T1733,9-10-biology_secondary-10-72,10,থাইরক্সিন,কাজ,"মানবদেহে স্বাভাবিক বৃদ্ধি, বিপাকীয় কাজ নিয়ন্ত্রণ"
T1734,9-10-biology_secondary-10-72,10,থাইরয়েড গ্রন্থি,কারণ,ক্যালসিটোনিন নিঃসরণ
T1735,9-10-biology_secondary-10-72,10,ক্যালসিটোনিন,কাজ,ক্যালসিয়াম বিপাকের সাথে জড়িত
T1736,9-10-biology_secondary-10-73,10,প্যারাথাইরয়েড গ্রন্থি,অবস্থান,থাইরয়েড গ্রন্থির পিছনে
T1737,9-10-biology_secondary-10-73,10,প্যারাথাইরয়েড গ্রন্থি,কাজ,ক্যালসিয়াম এবং ফসফরাসের বিপাক নিয়ন্ত্রণ
T1738,9-10-biology_secondary-10-74,10,থাইমাস গ্রন্থি,অবস্থান,গ্রীবা অঞ্চল
T1739,9-10-biology_secondary-10-74,10,থাইমাস গ্রন্থি,কাজ,দেহের রোগ প্রতিরোধ ক্ষমতা বিকাশে সাহায্য
T1740,9-10-biology_secondary-10-74,10,থাইমাস গ্রন্থি,কারণ,শিশুকালে বিকশিত থাকে পরে বয়োবৃদ্ধির সাথে সাথে ছোট হয়ে যায়
T1741,9-10-biology_secondary-10-74,10,থাইমাস গ্রন্থি,কারণ,থেকে থাইমোসিন নিঃসরণ হয়
T1742,9-10-biology_secondary-10-74,10,থাইমোসিন,পরিমাণ,০.১%
T1743,9-10-biology_secondary-10-75,10,আ্যা�ডরেনাল গ্রন্থি,অবস্থান,কিডনির ওপরে
T1744,9-10-biology_secondary-10-75,10,আ্যাডরেনাল গ্রন্থি,কাজ,দেহের অত্যাবশ্যকীয় বিপাকীয় কার্যকলাপ নিয়ন্ত্রণ
T1745,9-10-biology_secondary-10-75,10,আ্যাডরেনাল গ্রন্থি,কারণ,মূলত কঠিন মানসিক ও শারীরিক চাপ থেকে পরিত্রাণ
T1746,9-10-biology_secondary-10-75,10,আ্যাডরেনালিন,প্রতিরোধ,৪01০1181110
T1747,9-10-biology_secondary-10-76,10,কোষ,কাজ,ইনসুলিন ও গলুকাগন নিঃসরণ
T1748,9-10-biology_secondary-10-77,10,মেয়েদের ডিম্বাশয়,অবস্থান,জনন অঙ্গ
T1749,9-10-biology_secondary-10-77,10,ছেলেদের শুক্লাশয়,অবস্থান,জনন অঙ্গ
T1750,9-10-biology_secondary-10-77,10,জনন অঙ্গ,কাজ,লক্ষণগুলো বিকশিত করা
T1751,9-10-biology_secondary-10-77,10,জনন অঙ্গ,কাজ,জননচক্র নিয়ন্ত্রণ
T1752,9-10-biology_secondary-10-77,10,জনন অঙ্গ,কাজ,যৌন আচরণ নিয়ন্ত্রণ
T1753,9-10-biology_secondary-10-77,10,জনন অঙ্গ,কারণ,পরিণত বয়সের পুরুষ-দেহে টেস্টোস্টেরন হরমোন উৎপন্ন হওয়া
T1754,9-10-biology_secondary-10-77,10,জনন অঙ্গ,কারণ,পরিণত বয়সের স্ত্রী-দেহে ইস্ট্রোজেন হরমোন উৎপন্ন হওয়া
T1755,9-10-biology_secondary-10-77,10,প্রাণরস,পরিমাণ,১০.৫
T1756,9-10-biology_secondary-10-79,10,থাইরয়েড হরমোনের ঘাটতি,কারণ,শিশুদের মানসিক বিকাশ বাধা
T1757,9-10-biology_secondary-10-79,10,থাইরয়েড হরমোনের ঘাটতি,লক্ষণ,গায়ের চামড়া খসখসে হয়
T1758,9-10-biology_secondary-10-79,10,থাইরয়েড হরমোনের ঘাটতি,লক্ষণ,মুখমণ্ডল গোলাকার
T1759,9-10-biology_secondary-10-79,10,থাইরয়েড হরমোনের ঘাটতি,লক্ষণ,চেহারায় স্বাভাবিক শিশুদের থেকে বৈসাদৃশ্য থাকে
T1760,9-10-biology_secondary-10-79,10,আয়োডিনের অভাব,কারণ,খাদ্যে আয়োডিনযুক্ত লবণ ব্যবহার
T1761,9-10-biology_secondary-10-79,10,আয়োডিনের অভাব,কারণ,শিশুদের বৃদ্ধির বিকাশ কমে যায়
T1762,9-10-biology_secondary-10-8,10,পসটুলেটেড হরমোন,প্রকার,20500198090 17011101165
T1763,9-10-biology_secondary-10-8,10,পসটুলেটেড হরমোন,কাজ,উদ্ভিদের ফুল ও জনন সংশ্লিষ্ট অঙ্গের বিকাশে সাহায্য
T1764,9-10-biology_secondary-10-8,10,ফ্লোরিজেন,প্রকার,৮1011561
T1765,9-10-biology_secondary-10-8,10,ভার্নালিন,প্রকার,ঘ91081110
T1766,9-10-biology_secondary-10-8,10,ফ্লোরিজেন,কাজ,পাতায় উৎপন্ন হয় এবং তা পত্রমূলে স্থানান্তরিত হয়ে পত্রমুকুলকে পুষ্পমুকুলে রূপান্তরিত করে
T1767,9-10-biology_secondary-10-8,10,ফ্লোরিজেন,কাজ,উদ্ভিদে ফুল ফোটাতে সাহায্য করে
T1768,9-10-biology_secondary-10-81,10,ইনসুলিন,কাজ,শর্করা পরিপাক বেড়ে যাওয়া এবং গ্লুকোজ নির্গত হওয়া
T1769,9-10-biology_secondary-10-81,10,ডায়াবেটিস,কারণ,ইনসুলিন নেই বা অপরিমিত
T1770,9-10-biology_secondary-10-81,10,টাইপ-2 ডায়াবেটিস,কারণ,আংশিকভাবে ইনসুলিন তৈরি হয়
T1771,9-10-biology_secondary-10-82,10,ইনসুলিনের ঘাটতি,কারণ,স্থায়ী ঘাটতি হয়ে যেতে পারে
T1772,9-10-biology_secondary-10-82,10,ইনসুলিনের ঘাটতি,কারণ,বিভিন্ন অসুখ বা চিকিৎসাপদ্ধতির অংশ হিসেবে সেই সব ওঁষধ বন্ধ রাখতে হতে পারে
T1773,9-10-biology_secondary-10-82,10,রোগ,কারণ,বংশগতি এবং পরিবেশের প্রভাবে হয়ে থাকে
T1774,9-10-biology_secondary-10-82,10,রোগ,লক্ষণ,সাধারণত বংশগতি এবং পরিবেশের প্রভাবে হয়ে থাকে
T1775,9-10-biology_secondary-10-83,10,রোগ,লক্ষণ,ঘন-ঘন প্রস্রাব হওয়া
T1776,9-10-biology_secondary-10-83,10,রোগ,লক্ষণ,অধিক পিপাসা লাগা
T1777,9-10-biology_secondary-10-83,10,রোগ,লক্ষণ,ক্ষুধা বেড়ে যাওয়া
T1778,9-10-biology_secondary-10-83,10,রোগ,লক্ষণ,পর্যাপ্ত খাবার খাওয়া সত্ত্বেও দেহের ওজন কমতে থাকা
T1779,9-10-biology_secondary-10-83,10,রোগ,লক্ষণ,দুর্বল বোধ করা
T1780,9-10-biology_secondary-10-83,10,রোগ,লক্ষণ,চোখে কম দেখা
T1781,9-10-biology_secondary-10-83,10,রোগ,লক্ষণ,চামড়া খসখসে ও রুক্ষ হয়ে যাওয়া
T1782,9-10-biology_secondary-10-83,10,রোগ,লক্ষণ,ক্ষতস্থান সহজে না শুকানো
T1783,9-10-biology_secondary-10-84,10,রোগ,কারণ,বয়স্কদের বাস্তব লক্ষণ প্রকাশ না করার ধারণা
T1784,9-10-biology_secondary-10-84,10,রোগ,কারণ,ছোট-বড় সব বয়সে হতে পারার ধারণা
T1785,9-10-biology_secondary-10-84,10,রোগ,কারণ,"কায়িক পরিশ্রম করেন না, দিনের বেশির ভাগ সময় বসে কাজ করেন অথবা অলস জীবন যাপন করেন ব্যক্তিদের আশঙ্কা বেশি"
T1786,9-10-biology_secondary-10-84,10,রোগ,কারণ,স্থূলকায় ব্যক্তিদের আশঙ্কা বেশি
T1787,9-10-biology_secondary-10-84,10,রোগ,কারণ,"বংশগতভাবে বাবা, মা, দাদা, দাদির রোগ থাকার আশঙ্কা বেশি"
T1788,9-10-biology_secondary-10-84,10,রোগ,কারণ,ইনসুলিন উৎপাদন কম হওয়া শিশুর আশঙ্কা বেশি
T1789,9-10-biology_secondary-10-88,10,রোগী,অবস্থান,বেশি গ্লুকোজ বা কম গ্লুকোজ রক্তে
T1790,9-10-biology_secondary-10-90,10,স্ট্রোক,অবস্থান,মস্তিষ্কে
T1791,9-10-biology_secondary-10-90,10,স্ট্রোক,কারণ,উচ্চ রক্তচাপ
T1792,9-10-biology_secondary-10-90,10,স্ট্রোক,কারণ,মস্তিষ্কের রক্তক্ষরণ
T1793,9-10-biology_secondary-10-93,10,ত্যাগের সুব্যবস্থা,কাজ,করা
T1794,9-10-biology_secondary-10-93,10,পরিষ্কার-পরিচ্ছন্ন,কাজ,রাখা
T1795,9-10-biology_secondary-10-93,10,পথ্যের ব্যবস্থা,কাজ,নিশ্চিত করা
T1796,9-10-biology_secondary-10-94,10,ধূমপান,প্রতিরোধ,পরিহার করা
T1797,9-10-biology_secondary-10-94,10,উচ্চ রক্তচাপের ব্যক্তি,প্রতিরোধ,উচ্চ রক্তচাপ নিয়ন্ত্রণে রাখা
T1798,9-10-biology_secondary-10-94,10,ডায়াবেটিসের ব্যক্তি,প্রতিরোধ,নিয়মিত ওঁষধ সেবন করা
T1799,9-10-biology_secondary-10-94,10,দুশ্চিন্তামুন্ত,প্রতিরোধ,সুন্দর এবং স্বাভাবিক জীবন যাপন করা
T1800,9-10-biology_secondary-10-95,10,প্যারালাইসিস,কারণ,মস্তিষ্কের কোনো অংশের ক্ষতি
T1801,9-10-biology_secondary-10-95,10,প্যারালাইসিস,কাজ,সংবেদন গ্রহণকারী পেশিগুলো কার্যকারিতা হারিয়ে ফেলে
T1802,9-10-biology_secondary-10-95,10,প্যারালাইসিস,লক্ষণ,শরীরের একপাশে কোনো অঙ্গ অথবা উভয় পাশের অঙ্গের কার্যকারিতা নষ্ট হয়
T1803,9-10-biology_secondary-10-96,10,প্যারালাইসিস,কারণ,স্ট্রোক
T1804,9-10-biology_secondary-10-96,10,প্যারালাইসিস,কারণ,মেরুদণ্ডের বা ঘাড়ের সুষুম্নাকাণ্ড আঘাত
T1805,9-10-biology_secondary-10-96,10,প্যারালাইসিস,কারণ,দুর্ঘটনাজনিত কারণ
T1806,9-10-biology_secondary-10-96,10,প্যারালাইসিস,কারণ,য্নায়ু রোগ
T1807,9-10-biology_secondary-10-96,10,প্যারালাইসিস,কারণ,সুযুনম্নাকাণ্ডের কিংবা কশেরুকার ক্ষয় রোগ
T1808,9-10-biology_secondary-10-99,10,এপিলেপসি,কারণ,ইত্যাদি
T1809,9-10-biology_secondary-10-99,10,এপিলেপসি,অবস্থান,যেকোনো বয়সে
T1810,9-10-biology_secondary-11-10,11,পুষ্পাক্ষ,অবস্থান,ফুলের বৃন্তশীর্ষে
T1811,9-10-biology_secondary-11-10,11,পুষ্পাক্ষ,প্রকার,গোলাকার
T1812,9-10-biology_secondary-11-11,11,বৃতি,প্রকার,হোম: ফুলের বাইরের স্তবক
T1813,9-10-biology_secondary-11-11,11,বৃতি,কাজ,"ফুলের ভেতরের অংশগুলোকে রোদ, বৃষ্টি এবং পোকার আক্রুমণ থেকে রক্ষা"
T1814,9-10-biology_secondary-11-11,11,বৃতি,কারণ,বৃত্যাংশ
T1815,9-10-biology_secondary-11-11,11,বৃতি,অবস্থান,ফুলের বাইরে
T1816,9-10-biology_secondary-11-11,11,সবুজ বৃতি,কাজ,খাদ্য প্রস্তুত কাজে অংশ নেয়
T1817,9-10-biology_secondary-11-11,11,সবুজ বৃতি,কারণ,"ফুলের ভেতরের অংশগুলোকে রোদ, বৃষ্টি এবং পোকার আক্রুমণ থেকে রক্ষা"
T1818,9-10-biology_secondary-11-11,11,রং-বেরঙের বৃতি,কারণ,পরাগায়নের মাধ্যম হিসেবে কাজ করে
T1819,9-10-biology_secondary-11-11,11,রং-বেরঙের বৃতি,কারণ,"পোকামাকড়, পশু, পাখি ইত্যাদিকে আকর্ষণ করে"
T1820,9-10-biology_secondary-11-12,11,পাপড়ি,অবস্থান,খণ্ডকে
T1821,9-10-biology_secondary-11-12,11,পাপড়ি,কারণ,রঙিন হয়
T1822,9-10-biology_secondary-11-13,11,ফুলের অংশ,কারণ,"রোদ, বৃষ্টি থেকে রক্ষা করার জন্য"
T1823,9-10-biology_secondary-11-13,11,ফুলের অংশ,লক্ষণ,উজ্জ্বল ঝলমলে রঙের দলমণ্ডল
T1824,9-10-biology_secondary-11-13,11,ফুলের অংশ,কারণ,পোকামাকড় ও পশুপাখি আকর্ষণ করার জন্য
T1825,9-10-biology_secondary-11-13,11,ফুলের অংশ,কারণ,পরাগায়নে সহায়তা করার জন্য
T1826,9-10-biology_secondary-11-13,11,ফুলের পাপড়ি,কারণ,মধু খেতে সাহায্য করার জন্য
T1827,9-10-biology_secondary-11-16,11,স্ত্রীসতবক,অবস্থান,ফুলটির কেন্দ্রে
T1828,9-10-biology_secondary-11-16,11,স্ত্রীসতবক,কাজ,গর্ভপত্র নিয়ে গঠিত হতে পারে
T1829,9-10-biology_secondary-11-16,11,স্ত্রীসতবক,প্রকার,"গর্ভাশয়, গর্ভদণ্ড, গর্ভমুণ্ড"
T1830,9-10-biology_secondary-11-16,11,গর্ভপত্র,প্রকার,"গর্ভাশয়, গর্ভদণ্ড, গর্ভমুণ্ড"
T1831,9-10-biology_secondary-11-16,11,গর্ভপত্র,কারণ,গর্ভপত্রের তিনটি অংশ
T1832,9-10-biology_secondary-11-16,11,গর্ভপত্রী,প্রকার,"যুক্তগর্ভপত্রী, বিযুক্তগর্ভপত্রী"
T1833,9-10-biology_secondary-11-19,11,পুষ্পমঞ্জরি,অবস্থান,শাখায়
T1834,9-10-biology_secondary-11-19,11,পুষ্পমঞ্জরি,কাজ,ফুলসহ সাজানো
T1835,9-10-biology_secondary-11-19,11,মঞ্জরিদণ্ড,কাজ,ফুলসহ সাজানো
T1836,9-10-biology_secondary-11-19,11,অনিয়ত পুষ্পমঞ্জরি,অবস্থান,অসীম
T1837,9-10-biology_secondary-11-19,11,নিয়ত পুষ্পমঞ্জরি,অবস্থান,থেমে গেলে
T1838,9-10-biology_secondary-11-20,11,পরাগায়ন,কাজ,ফুল এবং বীজ উৎপাদন প্রক্রিয়ার পূর্বশর্ত
T1839,9-10-biology_secondary-11-20,11,পরাগায়ন,অবস্থান,ফুলের পরাগধানী থেকে পরাগরেণুর একই ফুলে অথবা একই জাতের অন্য ফুলের গর্ভমুণ্ডে
T1840,9-10-biology_secondary-11-21,11,স্ব-পরাগায়ন,কাজ,পরাগরেণুর অপচয় কম হতে দেয়
T1841,9-10-biology_secondary-11-21,11,স্ব-পরাগায়ন,কাজ,পরাগায়নের জন্য বাহকের উপর নির্ভর না হতে দেয়
T1842,9-10-biology_secondary-11-21,11,স্ব-পরাগায়ন,কাজ,পরাগায়ন নিশ্চিত করতে দেয়
T1843,9-10-biology_secondary-11-22,11,পর-পরাগায়ন,কাজ,ফুলের মধ্যে পরাগ সংযোগ ঘটাতে
T1844,9-10-biology_secondary-11-23,11,বীজ,অবস্থান,জীবনীশক্তিসম্পন্ন
T1845,9-10-biology_secondary-11-23,11,বীজ,কাজ,নতুন চরিত্রের সৃষ্টি
T1846,9-10-biology_secondary-11-23,11,বীজ,কারণ,স্ব-পরাগায়ন ও পর-পরাগায়ন
T1847,9-10-biology_secondary-11-23,11,গাছ,অবস্থান,বৈচিত্র্যের সৃষ্টি
T1848,9-10-biology_secondary-11-23,11,পরাগায়ন,কারণ,বাহকনির্ভর প্রক্রিয়া
T1849,9-10-biology_secondary-11-24,11,পরাগায়ন,কারণ,ফুলের গঠনে কিছু পরিবর্তন
T1850,9-10-biology_secondary-11-24,11,পরাগায়ন,কাজ,অধিকাংশ ক্ষেত্রে কোনো মাধ্যমের দ্বারা হয়ে থাকে
T1851,9-10-biology_secondary-11-24,11,মাধ্যম,অংশ,"বায়ু, পানি, মাধ্যম"
T1852,9-10-biology_secondary-11-24,11,পরাগরেণু,অবস্থান,বাহকের গায়ে
T1853,9-10-biology_secondary-11-24,11,পরাগ,অবস্থান,পরবর্তী ফুলের গর্ভমুণ্ডে
T1854,9-10-biology_secondary-11-26,11,বায়ুপরাগী ফুল,লক্ষণ,হালকা এবং মধুগ্রন্থিহীন
T1855,9-10-biology_secondary-11-26,11,বায়ুপরাগী ফুল,কাজ,বাতাসে ভেসে যেতে পারে
T1856,9-10-biology_secondary-11-26,11,বায়ুপরাগী ফুল,অংশ,গর্ভমুণ্ড আঠালো এবং শাখান্বিত
T1857,9-10-biology_secondary-11-26,11,বায়ুপরাগী ফুল,লক্ষণ,রেণু সহজেই সংগ্রহ করে নিতে পারে
T1858,9-10-biology_secondary-11-26,11,পরিণত পুংপুষ্প,কাজ,বৃন্ত চিত্র ১১.০৬: প্রাণীপরাগী ফুল থেকে খুলে পানিতে ভাসতে থাকে
T1859,9-10-biology_secondary-11-26,11,পরিণত পুংপুষ্প,লক্ষণ,স্ত্রী পুষ্পের কাছে
T1860,9-10-biology_secondary-11-27,11,ফুল,প্রকার,বড় ধরনের
T1861,9-10-biology_secondary-11-27,11,ফুল,অবস্থান,পুষধ্পমঞ্জরিতে সাজানো থাকে
T1862,9-10-biology_secondary-11-27,11,ফুল,লক্ষণ,রং আকর্ষণীয়
T1863,9-10-biology_secondary-11-27,11,ফুল,লক্ষণ,গন্ধ থাকতে পারে বা নাও থাকতে পারে
T1864,9-10-biology_secondary-11-28,11,পরাগরেণু,অবস্থান,মিয়োসিস বিভাজনের মাধ্যমে চারটি অপত্য পরাগ কোষ সৃষ্টি করে
T1865,9-10-biology_secondary-11-28,11,পরাগরেণুর নিউক্লিয়াস,কাজ,বিভাজিত হয়
T1866,9-10-biology_secondary-11-28,11,বড় কোষ,অংশ,নালিকোষ
T1867,9-10-biology_secondary-11-28,11,ছোট কোষ,অংশ,জেনারেটিভ কোষ
T1868,9-10-biology_secondary-11-29,11,জেনারেটিভ কোষ,অবস্থান,পরাগরেণুতে বা পরাগনালিতে
T1869,9-10-biology_secondary-11-29,11,জেনারেটিভ কোষ,কাজ,দুটি পুংজনন কোষ উৎপন্ন করা
T1870,9-10-biology_secondary-11-3,11,জননকোষ,প্রকার,পুং জননকোষ (শুক্রাণু) এবং স্ত্রী জননকোষ (ডিম্বাণু)
T1871,9-10-biology_secondary-11-3,11,জননকোষ,অবস্থান,একই ফুলে বা একই দেহে
T1872,9-10-biology_secondary-11-3,11,উদ্ভিদ,কাজ,সহবাসী বা ভিন্নবাসী
T1873,9-10-biology_secondary-11-3,11,উদ্ভিদ,প্রকার,ভিন্নবাসী (0106005) বা সহবাসী (00010010085)
T1874,9-10-biology_secondary-11-30,11,ভ্রণপোষক কলায়,অংশ,ডিম্বকরথ্ধের কাছাকাছি একটি কোষ আকারে সামান্য বড় হয়
T1875,9-10-biology_secondary-11-30,11,এ কোষ,কাজ,চারটি হ্যাপ্নয়েড কোষ সৃষ্টি করে
T1876,9-10-biology_secondary-11-30,11,এই নিউক্লিয়াস,কাজ,দুটি নিউক্লিয়াসে পরিণত হয়
T1877,9-10-biology_secondary-11-32,11,নিউক্লিয়াস ভ্রণথলি,অংশ,ডিপ্লয়েড
T1878,9-10-biology_secondary-11-32,11,দুই মেরু,কাজ,গর্ভযন্ম
T1879,9-10-biology_secondary-11-32,11,মাঝের কোষ,কারণ,বড়
T1880,9-10-biology_secondary-11-32,11,একটি করে নিউক্লিয়াস,অবস্থান,ভ্ণথলির কেন্দ্রস্থলে
T1881,9-10-biology_secondary-11-32,11,গর্ভযন্ম,কারণ,দুই মেরুর গর্ভযন্ম
T1882,9-10-biology_secondary-11-32,11,গর্ভযন্দ্রের বিপরীত দিকের কোষ,অংশ,প্রতিপাদ কোষ
T1883,9-10-biology_secondary-11-32,11,দুই মেরু,কারণ,গর্ভযন্ম
T1884,9-10-biology_secondary-11-33,11,পরাগরেণু,অবস্থান,গর্ভপত্রের গর্ভমুণ্ডে
T1885,9-10-biology_secondary-11-33,11,পরাগরেণু,কাজ,গর্ভদণ্ড ভেদ করে
T1886,9-10-biology_secondary-11-33,11,পরাগরেণু,কাজ,তরল পদার্থ শোষণ
T1887,9-10-biology_secondary-11-33,11,পরাগরেণু,কারণ,স্ফীত হয়ে উঠে
T1888,9-10-biology_secondary-11-34,11,স্ফীত অগ্রভাগ,কাজ,ফেটে পুংজনন কোষ দুটি ভ্রণথলিতে মুক্ত হওয়া
T1889,9-10-biology_secondary-11-34,11,পুংজনন কোষ,কাজ,জাইগোট তৈরি করা
T1890,9-10-biology_secondary-11-34,11,পুংজনন কোষ,কাজ,ট্রিপ্নয়েড প্রায় একই সময়ে দুটি পুংজনন কোষের একটি ডিম্বাণু এবং অপরটি গৌণ নিউক্লিয়াসের সাথে মিলিত হওয়া
T1891,9-10-biology_secondary-11-38,11,ফল,অংশ,অঙ্গ গঠন করে
T1892,9-10-biology_secondary-11-39,11,ফল,প্রকার,প্রকৃত ফল
T1893,9-10-biology_secondary-11-39,11,ফল,প্রকার,অপ্রকৃত ফল
T1894,9-10-biology_secondary-11-39,11,ফল,প্রকার,সরল ফল
T1895,9-10-biology_secondary-11-39,11,ফল,প্রকার,গুচ্ছ ফল
T1896,9-10-biology_secondary-11-39,11,ফল,প্রকার,যৌগিক ফল
T1897,9-10-biology_secondary-11-39,11,প্রজনন,প্রকার,অযৌন প্রজনন
T1898,9-10-biology_secondary-11-39,11,প্রজনন,প্রকার,যৌন
T1899,9-10-biology_secondary-11-4,11,জাইগোট,কাজ,মাইটোটিক কোষ বিভাজনের মাধ্যমে বারবার বিভাজিত হয়ে একটি নতুন জীবদেহ সৃষ্টি করে
T1900,9-10-biology_secondary-11-40,11,অযৌন প্রজনন,প্রকার,নিম্নশ্রেণির প্রাণীতে অযৌন প্রজনন
T1901,9-10-biology_secondary-11-40,11,মুকুলোদগম,প্রকার,অযৌন প্রজনন
T1902,9-10-biology_secondary-11-40,11,বিভাজন,প্রকার,অযৌন প্রজনন
T1903,9-10-biology_secondary-11-40,11,খণ্ডায়ন,প্রকার,অযৌন প্রজনন
T1904,9-10-biology_secondary-11-40,11,যৌন প্রজনন,কাজ,প্রজনন ঘটায় ও সন্তান-সন্ততি উৎপন্ন করে
T1905,9-10-biology_secondary-11-40,11,দুইটি বিপরীত লিঙ্গের প্রাণী,কাজ,পুং ও স্ত্রীজনন কোষ বা গ্যামেট উৎপন্ন করে
T1906,9-10-biology_secondary-11-40,11,পুং ও স্ত্রীজনন কোষ বা গ্যামেট,প্রকার,যৌন প্রজনন
T1907,9-10-biology_secondary-11-41,11,নিষেক,কাজ,ডিম্বাণু এবং শুক্রাণুর মিলনকে নিষেক বলে
T1908,9-10-biology_secondary-11-41,11,ডিম্বাণু,কারণ,হ্যাপ্নয়েড
T1909,9-10-biology_secondary-11-41,11,শুক্রাণু,কারণ,হ্যাপ্নয়েড
T1910,9-10-biology_secondary-11-41,11,জাইগোট,কারণ,জাইগোট ডিপ্নয়েড
T1911,9-10-biology_secondary-11-41,11,জাইগোট,অংশ,দুই প্রস্থ ক্রোমোজোম
T1912,9-10-biology_secondary-11-43,11,বহিঃনিষেক,কাজ,পানিতে বাস করার সীমাবদ্ধ করা
T1913,9-10-biology_secondary-11-44,11,অন্তঃনিষেক,প্রকার,স্ত্রীদেহের জননাঙ্গে সংঘটিত নিষেক
T1914,9-10-biology_secondary-11-44,11,অন্তঃনিষেক,কাজ,শারীরিক মিলনের মাধ্যমে পুরুষ প্রাণী তার শুক্রাণু স্ত্রী জননাঙ্গে প্রবেশ করিয়ে এ ধরনের নিষেক ঘটায়
T1915,9-10-biology_secondary-11-44,11,অন্তঃনিষেক,অবস্থান,ডাঙায় বসবাসকারী অধিকাংশ প্রাণীর অন্যতম বৈশিষ্ট্য
T1916,9-10-biology_secondary-11-45,11,নিষেক ভ্ূণে,কাজ,ডিপ্লয়েড ক্রোমোজোম সংখ্যাকে পুনঃস্থাপিত করা
T1917,9-10-biology_secondary-11-45,11,নিষেক ভ্ূণে,কাজ,ডিম্বাণুকে পরিস্ফুটনের জন্য সক্রিয় করা
T1918,9-10-biology_secondary-11-45,11,নিষেক ভ্ূণে,কাজ,ক্রোমোজোম কর্তৃক বহনকৃত পিতা-মাতার বৈশিষ্ট্যগুলোকে একত্রিত করা
T1919,9-10-biology_secondary-11-45,11,নিষেক ভ্ূণে,কাজ,ভ্রূণের লিঙ্গ নির্ধারণ
T1920,9-10-biology_secondary-11-46,11,মানব প্রজনন,কারণ,হরমোনের ভূমিকা
T1921,9-10-biology_secondary-11-48,11,হরমোন,কাজ,নানাবিধ শারীরবৃত্তীয় কাজ নিয়ন্ত্রণ
T1922,9-10-biology_secondary-11-48,11,নির্দিষ্ট মাত্রার চেয়ে বেশি বা কম নিঃসারণ,কারণ,দেহের বিভিন্ন কাজের ব্যাঘাত ঘটে
T1923,9-10-biology_secondary-11-5,11,জীব,কাজ,বংশধর সৃষ্টি করে প্রজাতির অস্তিত্ব টিকিয়ে রাখে
T1924,9-10-biology_secondary-11-5,11,জীবের বৈশিষ্ট্য,কারণ,প্রজনন ঘটার উপায়
T1925,9-10-biology_secondary-11-5,11,নিম্নশ্রেণির জীব,কাজ,কোষ বিভাজনের মাধ্যমে জনন ঘটায়
T1926,9-10-biology_secondary-11-5,11,উচ্চশ্রেণির জীব,কাজ,জটিল প্রক্রিয়ায় যৌন জনন সংঘটিত হয়
T1927,9-10-biology_secondary-11-51,11,কৈশোর,অবস্থান,তারুণ্যের সন্ধিকাল
T1928,9-10-biology_secondary-11-51,11,ছেলেমেয়েদের,কাজ,"দৈহিক, মানসিক এবং যৌন বৈশিষ্ট্যগুলোর বিকাশ"
T1929,9-10-biology_secondary-11-51,11,হরমোন,কাজ,প্রজননতন্দ্রের অঙ্গগুলোর বৃদ্ধি এবং বিকাশ ঘটতে শুরু করাতে
T1930,9-10-biology_secondary-11-53,11,রক্তসাব,কারণ,মাসিক বা খতুস্রাব
T1931,9-10-biology_secondary-11-53,11,মেয়েরা,অবস্থান,বয়ঃসন্ধিকালের 1-2 বছর পর
T1932,9-10-biology_secondary-11-53,11,মেয়েরা,কাজ,প্রজনন ক্ষমতা লাভ
T1933,9-10-biology_secondary-11-53,11,মেয়েদের,অবস্থান,40-50 বছর বয়স পর্যন্ত
T1934,9-10-biology_secondary-11-53,11,মেয়েদের,কাজ,খতুম্রাব চক্র চলতে থাকে
T1935,9-10-biology_secondary-11-53,11,খতুন্রাব,অবস্থান,চিরদিনের জন্য বন্ধ হয়ে যায়
T1936,9-10-biology_secondary-11-53,11,মেয়েদের,কারণ,মেনোপজ (491100856) বা রজনিবৃত্তিকাল
T1937,9-10-biology_secondary-11-53,11,মেয়েদের,কারণ,গর্ভাবস্থায় রক্তস্রাব সাময়িক বন্ধ থাকে
T1938,9-10-biology_secondary-11-53,11,মেয়েদের,কাজ,সন্তান প্রসবের প্রায় দেড় মাস পর আবার স্বাভাবিক রক্তস্রাব শুরু হয়
T1939,9-10-biology_secondary-11-55,11,শুক্রাণু,অবস্থান,স্ত্রীর প্রজনন অঙ্গে
T1940,9-10-biology_secondary-11-55,11,লেজ,কাজ,শুক্রাণুকে সাঁতরিয়ে স্ত্রী প্রজনন অঙ্গে প্রবেশ করাতে সাহায্য
T1941,9-10-biology_secondary-11-55,11,শুক্রাণু,অবস্থান,স্ত্রীর ডিম্বনালিতে
T1942,9-10-biology_secondary-11-55,11,শুব্রাণু,কাজ,একটিমাত্র ডিম্বাণু নিষিক্ত করা
T1943,9-10-biology_secondary-11-55,11,শুক্রাণু,কারণ,অন্তঃনিষেক ঘটাতে
T1944,9-10-biology_secondary-11-55,11,নিষেক,লক্ষণ,শুব্রাণু দিয়ে একটিমাত্র ডিম্বাণু নিষিক্ত হয়
T1945,9-10-biology_secondary-11-55,11,জাইগোট,পরিমাণ,7%8066
T1946,9-10-biology_secondary-11-56,11,গঠন্মুখ,অবস্থান,ঘটনাবলির অবতারণার পরে জরায়ুতে
T1947,9-10-biology_secondary-11-56,11,ঘটনাবলি,কাজ,ভ্রণ গঠনের জন্য অত্যন্ত গুরুত্বপূর্ণ
T1948,9-10-biology_secondary-11-57,11,ভ্রণ,অবস্থান,জরায়ুর প্রাচীরে
T1949,9-10-biology_secondary-11-57,11,ভ্রণ,কাজ,ভ্রণ সংস্থাপন
T1950,9-10-biology_secondary-11-57,11,গর্ভাবস্থা,অবস্থান,জরায়ুর অন্তঃগাত্রে ভ্রূণের সংলগ্ন অবস্থায়
T1951,9-10-biology_secondary-11-57,11,গর্ভাবস্থা,কাজ,শিশু ভূমিষ্ট হওয়া পর্যন্ত সময়
T1952,9-10-biology_secondary-11-57,11,গর্ভাবস্থা,পরিমাণ,38-40 সপ্তাহ
T1953,9-10-biology_secondary-11-59,11,ক্রুমবর্ধমানশীল ভ্রূণ,অংশ,ডিম্বাকার
T1954,9-10-biology_secondary-11-59,11,ক্রুমবর্ধমানশীল ভ্রূণ,অংশ,রন্তনালিসমৃদ্ধ
T1955,9-10-biology_secondary-11-59,11,অমরা,অবস্থান,মাতৃগর্ভে
T1956,9-10-biology_secondary-11-59,11,অমরা,কাজ,দেহ থেকে নিষস্কান্ত হয়ে যাওয়া
T1957,9-10-biology_secondary-11-59,11,ভ্রণ,অংশ,মাতৃ জরায়ুর অন্তঃস্তরে
T1958,9-10-biology_secondary-11-60,11,অমরা,কাজ,"ভ্রণের রক্তে প্রবেশ করাতে খাদ্যের দরকার শর্করা, আমিষ, ম্নেহ, পানি এবং খনিজ লবণ অমরার মাধ্যমে"
T1959,9-10-biology_secondary-11-60,11,অমরা,কাজ,ভ্রণের রক্ত থেকে অক্সিজেন গ্রহণ এবং ভ্রণ থেকে কার্বন ডাই-অক্সাইডের বিনিময় ঘটাতে
T1960,9-10-biology_secondary-11-60,11,অমরা,কাজ,বৃক্ধের মতো কাজ করাতে
T1961,9-10-biology_secondary-11-60,11,অমরা,কাজ,ভ্রণের দেহ থেকে বর্জ্য পদার্থ অপসারিত করাতে
T1962,9-10-biology_secondary-11-60,11,অমরা,কাজ,হরমোন তৈরি করাতে
T1963,9-10-biology_secondary-11-60,11,অমরা,কারণ,ভ্রণের রক্ষণাবেক্ষণ ও তার স্বাভাবিক গঠনে সাহায্য করাতে
T1964,9-10-biology_secondary-11-61,11,নাড়িও,কারণ,ভ্রণের বিভিন্ন পদার্থের বিনিময় ঘটাতে পারে
T1965,9-10-biology_secondary-11-61,11,হরমোন,অবস্থান,মাতৃদেহের সাথে নালির ভিতর দিয়ে নিঃসৃত
T1966,9-10-biology_secondary-11-61,11,হরমোন,কাজ,"মাতৃদুগ্ৰ উৎপাদন এবং প্রত্যেক প্রজাতিতে ভ্মূণের জন্য মাতৃদেহের ভিতর সহজ, স্বাভাবিক এবং নিরাপদ পরিবর্ধনের ব্যবস্থা করা"
T1967,9-10-biology_secondary-11-61,11,ঝিল্লি বা আবরণ,অবস্থান,ভ্রূণের পুন্টি এবং গ্যাসীয় আদানপ্রদানের চারদিকে
T1968,9-10-biology_secondary-11-63,11,ভ্রণ,কাজ,বর্জ্য নিষ্কাশন ইত্যাদি কাজে সহায়তা করা
T1969,9-10-biology_secondary-11-63,11,ভ্রণ,কারণ,ক্রুমবর্ধনশীল ভ্রণকে রক্ষা করার
T1970,9-10-biology_secondary-11-63,11,ভ্রণ,কারণ,অতিগুরুত্বপূর্ণ কাজ নিয়ন্ত্রণে অংশ নেয়
T1971,9-10-biology_secondary-11-64,11,ভ্র্ণ,অবস্থান,মাতৃগর্ভে
T1972,9-10-biology_secondary-11-64,11,ভ্র্ণ,কাজ,গর্ভবতী মায়ের অগ্র পিটুইটারি ও অমরা থেকে হরমোন নিঃসরণ শুরু করাতে
T1973,9-10-biology_secondary-11-64,11,জরায়ু,কারণ,ব্যথা-বেদনার সৃষ্টি
T1974,9-10-biology_secondary-11-66,11,মানুষ,অবস্থান,3 কোটি 33 লাখ
T1975,9-10-biology_secondary-11-66,11,মাঘ ভাইরাস,কাজ,এইডস হতে আক্রান্ত করা
T1976,9-10-biology_secondary-11-67,11,এইডস রোগ,কারণ,এইডস আক্রান্ত পুরুষ বা মহিলার সাথে অনিরাপদ যৌনমিলনের মাধ্যমে এ রোগ হয়
T1977,9-10-biology_secondary-11-67,11,রক্ত,অবস্থান,রোগীর দেহে
T1978,9-10-biology_secondary-11-67,11,রক্ত,অবস্থান,সুস্থ ব্যক্তির দেহে
T1979,9-10-biology_secondary-11-7,11,বৈচিত্র্য,কারণ,প্রজাতিকে প্রতিকূল পরিবেশে টিকিয়ে রাখার জন্য অত্যন্ত সহায়ক
T1980,9-10-biology_secondary-11-7,11,তুলনামূলকভাবে সরলতর জীবগুলো,কারণ,অযুন জননের মাধ্যমে খুব কম সময়ে কম শত্তি ব্যয়ে অধিকসংখ্যক জীব জন্ম দিতে পারে
T1981,9-10-biology_secondary-11-78,11,বৈশিষ্ট্য,অবস্থান,বংশানুক্রমে
T1982,9-10-biology_secondary-12-10,12,ঢ144,অবস্থান,ক্ষারগুলু শায়িতভাবে
T1983,9-10-biology_secondary-12-10,12,ঢ144,অবস্থান,প্রধান অক্ষের সাথে লম্বভাবে
T1984,9-10-biology_secondary-12-10,12,ঢ144,অবস্থান,দণ্ড দুটি (প্রধান অক্ষ) পর পর সুগার এবং ফসফেট দিয়ে গঠিত
T1985,9-10-biology_secondary-12-10,12,ঢ144,অবস্থান,142 বেস দের ভিতরের দিকে
T1986,9-10-biology_secondary-12-10,12,ঢ144,অবস্থান,144. সূক্ষ্ম সুতার মতো
T1987,9-10-biology_secondary-12-10,12,ঢ144,অবস্থান,আদি কোষের ঢা4/& গোলাকার হয়ে থাকে
T1988,9-10-biology_secondary-12-18,12,বল পয়েন্ট,অংশ,দুই হাতে
T1989,9-10-biology_secondary-12-18,12,পূর্ণ পাক,কাজ,ডি.এন.এর চমৎকার মডেল হওয়া
T1990,9-10-biology_secondary-12-2,12,লিঙ্গ,কাজ,নির্ধারণে পুরুষের ভূমিকা ব্যাখ্যা করতে পারব
T1991,9-10-biology_secondary-12-2,12,জেনেটিক ডিসঅর্ডার,কারণ,ফলাফল বর্ণনা করতে পারব
T1992,9-10-biology_secondary-12-22,12,ছার,অবস্থান,ভাইরাসের ক্বোমোজোমে
T1993,9-10-biology_secondary-12-22,12,ছার,অংশ,ফসফেট এবং নাইট্রোজেন বেস
T1994,9-10-biology_secondary-12-22,12,ছার,অবস্থান,কিছুসংখ্যক ভাইরাসের ছা105) 14 অনুপস্থিত
T1995,9-10-biology_secondary-12-23,12,জিন,অবস্থান,জীবের ক্রোমোজোমে
T1996,9-10-biology_secondary-12-23,12,লোকাস,সংজ্ঞা,.00৮5
T1997,9-10-biology_secondary-12-24,12,জিন,কাজ,নিজের হুবহু অনুলিপি করা
T1998,9-10-biology_secondary-12-24,12,সংকেত,অবস্থান,হাব সাইটোগ্লীজমের রাইবোজোমে
T1999,9-10-biology_secondary-12-24,12,সংকেত,কাজ,সেখানে প্রোটিন তৈরি করার জন্য
T2000,9-10-biology_secondary-12-24,12,সুকেন্দ্রিক কোষ,অবস্থান,এন্ডোপ্লাজমিক রেটিকুলামে
T2001,9-10-biology_secondary-12-24,12,প্রোটিন,অবস্থান,গলজি বস্তু এবং ভেসিকলগুলোর দ্বারা পরিবর্তিত হয়
T2002,9-10-biology_secondary-12-24,12,প্রোটিন,কাজ,উপযুক্ত স্থানে বাহিত হয়
T2003,9-10-biology_secondary-12-24,12,প্রাককেন্দ্রিক কোষ,অবস্থান,গন্তব্যে পৌঁছায়
T2004,9-10-biology_secondary-12-24,12,প্রাণরাসায়নিক বিক্রিয়াগুলো,কাজ,গতি-প্রকৃতি নির্ধারণ করা
T2005,9-10-biology_secondary-12-24,12,প্রোটিনগুলো,কারণ,বৈশিষ্ট্যগুলোর আওতায় পড়া
T2006,9-10-biology_secondary-12-25,12,জীব,অংশ,ক্রোমোজোমের 144 অনুসূত্রের এক প্রান্ত থেকে অপর প্রান্ত পর্যন্ত
T2007,9-10-biology_secondary-12-28,12,মেন্ডেল,কারণ,লম্বা গাছের জিন প্রকট
T2008,9-10-biology_secondary-12-28,12,লম্বা গাছের জিন,কাজ,বীজ বুনে দেখা গেল সব গাছই লম্বা হয়েছে
T2009,9-10-biology_secondary-12-28,12,খাটো গাছের জিন,অবস্থান,লম্বা গাছের গর্ভমুণ্ডে
T2010,9-10-biology_secondary-12-28,12,লম্বা গাছের পরাগরেণু,অবস্থান,খাটো গাছের গর্ভমুণ্ডে
T2011,9-10-biology_secondary-12-28,12,খাটো গাছের পরাগরেণু,অবস্থান,লম্বা গাছের গর্ভমুণ্ডে
T2012,9-10-biology_secondary-12-3,12,জীবের বংশগতি,কাজ,১২.১
T2013,9-10-biology_secondary-12-35,12,জৈবিক নমুনা,প্রকার,"হাড়, দাঁত, চুল, রক্ত, লালা, বীর্য বা টিস্যু"
T2014,9-10-biology_secondary-12-36,12,অটোরেডিওগ্রাফ,কাজ,দৃশ্যমান ব্যান্ডের সারিগুলো নির্ণয় করা
T2015,9-10-biology_secondary-12-36,12,অটোরেডিওগ্রাফ,কারণ,অপরাধস্থান থেকে প্রাপ্ত নমুনার তুলনা করা
T2016,9-10-biology_secondary-12-36,12,ডিএনএ,কারণ,ফিঙ্গার প্রিন্টিং
T2017,9-10-biology_secondary-12-36,12,পলিমারেজ চেইন বিক্রিয়া,কারণ,ধাঁচ নির্ণয় করার পদ্ধতি বিকাশ
T2018,9-10-biology_secondary-12-38,12,সেক্স-অটোজোমগুলো,কাজ,"শারীরবৃত্তীয়, ভ্রণ এবং দেহ গঠন ইত্যাদি কার্যাদিতে অংশগ্রহণ"
T2019,9-10-biology_secondary-12-44,12,সেক্স-লিংকড অসুখ,কারণ,সেক্স ক্রোমোজোমে অবস্থিত জিনগুলোতে মিউটেশন
T2020,9-10-biology_secondary-12-44,12,মেয়ে,অবস্থান,দুটি সম ক্রোমোজোম
T2021,9-10-biology_secondary-12-44,12,মেয়ে,কাজ,বড়জোর বাহক
T2022,9-10-biology_secondary-12-44,12,পুরুষ,অবস্থান,স্‌ ক্রোমোজোম মাত্র একটি
T2023,9-10-biology_secondary-12-44,12,পুরুষ,কারণ,সেটিতে অসুখ-সৃষ্টিকারী মিউটেশন থাকলেই তাদের ভিতর অসুখের লক্ষণ প্রকাশ পায়
T2024,9-10-biology_secondary-12-46,12,কালার র্লাইন্ডনেস,অবস্থান,চোখের স্নায়ু কোষে
T2025,9-10-biology_secondary-12-46,12,কালার র্লাইন্ডনেস,কারণ,চোখে য়ায়ু কোষের রং শনাস্তকারী পিগমেন্টের অভাব
T2026,9-10-biology_secondary-12-46,12,লাল-সবুজ বর্ণান্ধতা,অবস্থান,চিত্র ১২১১০
T2027,9-10-biology_secondary-12-46,12,পুরুষ,পরিমাণ,বেলায় সাধারণত প্রতি 10 জনে 1 জনকে কালার এমনভাবে নকশা করা হয়েছে যে ব্লাইন্ড হতে দেখা যায়
T2028,9-10-biology_secondary-12-52,12,থ্যালাসেমিয়া,অবস্থান,রক্তের লোহিত রক্তকোষে
T2029,9-10-biology_secondary-12-54,12,থ্যালাসেমিয়া,কারণ,লোহিত রক্তকোষে এ দুটি প্রোটিনের জিন নষ্ট থাকার কারণে
T2030,9-10-biology_secondary-12-54,12,থ্যালাসেমিয়া,কারণ,লোহিত রক্তকোষে ত্রুটিপূর্ণ লোহিত রক্তকোষ উৎপাদিত হয়
T2031,9-10-biology_secondary-12-54,12,থ্যালাসেমিয়া,প্রকার,দুধরনের থ্যালাসেমিয়া
T2032,9-10-biology_secondary-12-54,12,থ্যালাসেমিয়া,প্রকার,আলফা (০) থ্যালাসেমিয়া
T2033,9-10-biology_secondary-12-54,12,থ্যালাসেমিয়া,প্রকার,বিটা (০) থ্যালাসেমিয়া
T2034,9-10-biology_secondary-12-54,12,আলফা থ্যালাসেমিয়া,কারণ,(০) গ্লোবিউলিন তৈরির জিন অনুপস্থিত থাকে কিংবা ত্রুটিপূর্ণ হয়
T2035,9-10-biology_secondary-12-54,12,থ্যালাসেমিয়া,অবস্থান,"দক্ষিণ-পূর্ব এশিয়া, মধ্যপ্রাচ্য, চীন ও আফ্রিকার জনগণের মাঝে"
T2036,9-10-biology_secondary-12-54,12,থ্যালাসেমিয়া,অবস্থান,ভূমধ্যসাগরীয় এলাকাবাসীদের মাঝে
T2037,9-10-biology_secondary-12-54,12,বিটা (০) থ্যালাসেমিয়া,কারণ,(০) গ্লোবিউলিন প্রোটিন উৎপাদন ব্যাহত হয়
T2038,9-10-biology_secondary-12-54,12,থ্যালাসেমিয়া,প্রকার,কুলির থ্যালাসেমিয়া
T2039,9-10-biology_secondary-12-55,12,থ্যালাসেমিয়া মেজর,প্রকার,থ্যালাসেমিয়া
T2040,9-10-biology_secondary-12-55,12,থ্যালাসেমিয়া মাইনর,প্রকার,থ্যালাসেমিয়া
T2041,9-10-biology_secondary-12-55,12,থ্যালাসেমিয়ার শিশু,কারণ,শিশুর বাবা ও মা দুজনের কাছ থেকে তার মায়ের কাছ থেকে জন্মগ্রহণ
T2042,9-10-biology_secondary-12-57,12,থ্যালাসেমিয়ার চিকিৎসা,কাজ,রক্ত প্রদান এবং ওষধ খাওয়া
T2043,9-10-biology_secondary-12-57,12,থ্যালাসেমিয়ার রোগী,কারণ,লৌহসমৃদ্ধ ফল বা ওষধ খাওয়া
T2044,9-10-biology_secondary-12-57,12,থ্যালাসেমিয়ার রোগী,কারণ,যকৃৎ নষ্ট
T2045,9-10-biology_secondary-12-57,12,থ্যালাসেমিয়ার রোগী,কারণ,অগ্ম্যাশয় নষ্ট
T2046,9-10-biology_secondary-12-57,12,থ্যালাসেমিয়ার রোগী,লক্ষণ,জন্ডিস
T2047,9-10-biology_secondary-12-57,12,থ্যালাসেমিয়ার রোগী,লক্ষণ,ডায়াবেটিস
T2048,9-10-biology_secondary-12-57,12,থ্যালাসেমিয়ার রোগী,অবস্থান,30 বছরের বেশি বেঁচে থাকার সম্ভাবনা কম
T2049,9-10-biology_secondary-12-6,12,নিউক্লিয়াস,অবস্থান,চিত্র ১২.০১
T2050,9-10-biology_secondary-12-6,12,ক্রোমোজোম,অবস্থান,নিউক্লিয়াসের ভিতরে
T2051,9-10-biology_secondary-12-60,12,জীবজগতের জীব,কারণ,জীবগুলো তাদের পূর্বপুরুষ থেকে উৎপত্তি লাভ করে
T2052,9-10-biology_secondary-12-60,12,জীবগুলো,কাজ,জৈব অভিব্যক্তির মাধ্যমে ক্রমাগত পরিবর্তিত এবং রূপান্তরিত হয়ে বর্তমান রূপ ধারণ
T2053,9-10-biology_secondary-12-60,12,জৈব অভিব্যক্তি,কারণ,একটি মন্থর এবং চলমান প্রক্রিয়া
T2054,9-10-biology_secondary-12-62,12,বর্তমানের বৈচিত্র্যময় জীবজগত,অবস্থান,জীবের বংশগতি ও জৈব অভিব্যক্তি
T2055,9-10-biology_secondary-12-63,12,ইভোলিউশন,সংজ্ঞা,প্রজন্ম থেকে প্রজন্মে নির্দিষ্ট এলাকায় এক কিংবা কাছাকাছি প্রজাতির আ্যালিল ফ্রিকোয়েন্সির পরিবর্তন
T2056,9-10-biology_secondary-12-67,12,জীবের বংশগতি,প্রকার,জৈব অভিব্যক্তি
T2057,9-10-biology_secondary-12-67,12,রাসায়নিক অভিব্যক্তি,কাজ,পৃথিবীর উৎপত্তি এবং তার ধারাবাহিকতায় জীবনের উৎপত্তির ঘটনাপ্রবাহকে বলে
T2058,9-10-biology_secondary-12-68,12,নিউক্লিওপ্রোটিন,কাজ,প্রোটোভাইরাস সৃষ্টি
T2059,9-10-biology_secondary-12-68,12,প্রোটোভাইরাস,কাজ,ভাইরাস সৃষ্টি
T2060,9-10-biology_secondary-12-7,12,ক্রোমোজোম,অবস্থান,নিউক্লিওপ্লাজমে
T2061,9-10-biology_secondary-12-7,12,ক্রোমোজোম,কাজ,মাতাপিতা থেকে জিন সন্তান সন্ততিতে বহন করে
T2062,9-10-biology_secondary-12-7,12,ক্রোমোজোম,কারণ,বংশগতির ধারা অস্কুমন রাখে
T2063,9-10-biology_secondary-12-7,12,ক্রোমোজোম,পরিমাণ,৩.৫ থেকে ৩০.০ মাইক্রন দৈর্ঘ্য এবং ০.২ থেকে ২.০ মাইক্রন প্রস্থ
T2064,9-10-biology_secondary-12-7,12,ক্রোমোজোম,পরিমাণ,২ হতে ১৬০০ সংখ্যা
T2065,9-10-biology_secondary-12-73,12,অত্যধিক হারে বংশবৃদ্ধি,কাজ,জীবের সহজাত বৈশিষ্ট্য
T2066,9-10-biology_secondary-12-75,12,সবল প্রাণী,কারণ,দুর্বল প্রাণীদের প্রতিহত করে
T2067,9-10-biology_secondary-12-76,12,প্রকরণ,কারণ,অনুকূল প্রকরণ অস্তিত্বের জন্য জীবনসংগ্রামে একটি জীবকে সাহায্য করে
T2068,9-10-biology_secondary-12-76,12,প্রকরণ,প্রকার,ঘ৭1160
T2069,9-10-biology_secondary-12-76,12,পরিবর্তন,প্রকার,010080010
T2070,9-10-biology_secondary-12-76,12,প্রাকৃতিক নির্বাচন,কাজ,ডারউইন তত্ত্বের এই প্রতিপাদ্যটি সবচেয়ে বেশি গুরুত্বপূর্ণ
T2071,9-10-biology_secondary-12-8,12,ডিএনএ,প্রকার,ডিঅক্সিরাইবো নিউক্লিক এসিড
T2072,9-10-biology_secondary-12-8,12,ডিএনএ,অবস্থান,ক্লোমোজোমের প্রধান উপাদান
T2073,9-10-biology_secondary-12-81,12,ম্যাক্রোইভোলিউশন,পরিমাণ,11301067010101
T2074,9-10-biology_secondary-12-81,12,মাইক্রোইভোলিউশন,পরিমাণ,00100601801
T2075,9-10-biology_secondary-12-82,12,বৈচিত্র্য,প্রকার,পপুলেশনের সদস্যের
T2076,9-10-biology_secondary-12-82,12,বৈচিত্র্য,লক্ষণ,কিছু নিজস্বতা
T2077,9-10-biology_secondary-12-82,12,গরু,লক্ষণ,ভিন্নতা
T2078,9-10-biology_secondary-12-82,12,কাঁঠালগাছ,লক্ষণ,ভিন্নতা
T2079,9-10-biology_secondary-12-82,12,মানুষ,লক্ষণ,ভিন্নতা
T2080,9-10-biology_secondary-12-82,12,ব্যাকটেরিয়া,লক্ষণ,ভিন্নতা
T2081,9-10-biology_secondary-12-82,12,বৈশিষ্ট্য,কাজ,বংশবৃদ্ধিতে সহায়ক ভূমিকা
T2082,9-10-biology_secondary-12-82,12,বৈশিষ্ট্য,কারণ,পরবর্তী প্রজন্মে সঞ্চারিত হয়
T2083,9-10-biology_secondary-12-9,12,নিউক্লিওটাইড,অংশ,"পাঁচ কার্বনযুক্ত শর্করা, নাইট্রোজেনঘটিত বেস বা ক্ষার, অজৈব ফসফেট"
T2084,9-10-biology_secondary-12-9,12,নিউক্লিওটাইড,অংশ,ক্রোমোজোমের স্থায়ী পদার্থ
T2085,9-10-biology_secondary-12-9,12,নিউক্লিওটাইড,অবস্থান,মার্কিন বিজ্ঞানী 80501 এবং ইংরেজ বিজ্ঞানী 0110 1953 সালে
T2086,9-10-biology_secondary-12-9,12,নিউক্লিওটাইড,কারণ,ডাবল হেলিক্স (00০0৮16 19150 বা দ্বি-সূত্রী কাঠামো)
T2087,9-10-biology_secondary-12-9,12,নিউক্লিওটাইড,কারণ,নোবেল পুরস্কার
T2088,9-10-biology_secondary-12-9,12,নাইট্রোজেন বেস,প্রকার,পিউরিন ও পাইরিমিডিন
T2089,9-10-biology_secondary-12-9,12,এডিনিন,প্রকার,পিউরিন
T2090,9-10-biology_secondary-12-9,12,গুয়ানিন,প্রকার,পিউরিন
T2091,9-10-biology_secondary-12-9,12,সাইটোসিন,প্রকার,পাইরিমিডিন
T2092,9-10-biology_secondary-12-9,12,থায়ামিন,প্রকার,পাইরিমিডিন
T2093,9-10-biology_secondary-12-9,12,নিউক্লিওটাইড,কারণ,পিউরিন এবং পাইরিমিডিনের মধ্যে হয়ে থাকে
T2094,9-10-biology_secondary-12-9,12,নিউক্লিওটাইড,পরিমাণ,পূর্ণ ঘূর্ণন 34 4 (417550010)
T2095,9-10-biology_secondary-12-9,12,নিউক্লিওটাইড,পরিমাণ,পূর্ণ ঘূর্ণনের মধ্যে 10টি
T2096,9-10-biology_secondary-12-90,12,ফসিল,কারণ,সুদূর অতীতে উদ্ভূত হয়ে খুব বেশি পরিবর্তিত না হয়েও এখনো টিকে আছে
T2097,9-10-biology_secondary-12-90,12,লিভিং ফসিল,কারণ,বহু জীবের জিন সংকেত বা জীবন রহস্য উদঘাটন করা সম্ভব হয়েছে
T2098,9-10-biology_secondary-13-1,13,বাস্তুতন্ত্রের উপাদানসমূহ,অংশ,বাস্তুত্র ব্যাখ্যা
T2099,9-10-biology_secondary-13-1,13,বাস্তুতন্ত্রের উপাদানসমূহ,অংশ,বাস্তুতন্ত্রের উপাদানসমূহের আন্তঃসম্পর্ক বিশ্লেষণ
T2100,9-10-biology_secondary-13-1,13,খাদ্যশিকল,অংশ,বাস্তুত্র ব্যাখ্যা
T2101,9-10-biology_secondary-13-1,13,খাদ্যজাল,অংশ,বাস্তুত্র ব্যাখ্যা
T2102,9-10-biology_secondary-13-1,13,শত্তির পিরামিড,অংশ,বাস্তুত্র ব্যাখ্যা
T2103,9-10-biology_secondary-13-10,13,পরিবেশের জীবজ উপাদান,প্রকার,তিন
T2104,9-10-biology_secondary-13-14,13,গৌণ খাদক,অবস্থান,গৌণ খাদক প্রাণী
T2105,9-10-biology_secondary-13-14,13,তৃতীয় শ্রেণির খাদক,অবস্থান,গৌণ খাদক প্রাণী
T2106,9-10-biology_secondary-13-14,13,"সাপ, ময়ূর, বাঘ",অবস্থান,গৌণ খাদক প্রাণী
T2107,9-10-biology_secondary-13-14,13,আবর্জনাভুক,অবস্থান,মৃত প্রাণী বা আবর্জনা
T2108,9-10-biology_secondary-13-14,13,"কাক, শকুন, শিয়াল, হায়েনা",অবস্থান,মৃত প্রাণী বা আবর্জনা
T2109,9-10-biology_secondary-13-14,13,আবর্জনাভুক,কারণ,মৃতদেহ বা আবর্জনা খেয়ে পরিবেশ পরিষ্কার রাখে
T2110,9-10-biology_secondary-13-17,13,জীবজ উপাদান,প্রকার,"উৎপাদক, প্রথম স্তরের খাদক, দ্বিতীয় স্তরের খাদক, তৃতীয় স্তরের খাদক, বিভিন্ন রকম বিয়োজক"
T2111,9-10-biology_secondary-13-18,13,উৎপাদক,সংজ্ঞা,সালোকসংশ্লেষণকারী বিভিন্ন প্রকার শৈবাল ও অগভীর পানির উদ্ভিদ
T2112,9-10-biology_secondary-13-18,13,গ্ল্যাংকটন,প্রকার,পানিতে ভাসমান স্কুদ্র জীব
T2113,9-10-biology_secondary-13-2,13,খাদ্যশিকল,কাজ,সীমিত রাখতে শত্তি পিরামিডের প্রভাব ব্যাখ্যা করতে পারব
T2114,9-10-biology_secondary-13-2,13,জীববৈচিত্র্য,কাজ,ব্যাখ্যা করতে পারব
T2115,9-10-biology_secondary-13-2,13,জীববৈচিত্র্যের প্রকারভেদ,কাজ,ব্যাখ্যা করতে পারব
T2116,9-10-biology_secondary-13-2,13,জীবের মধ্যে মিথক্ষিয়া ও আন্তঃনির্ভরশীলতা,কাজ,রক্ষায় পরিবেশের ভারসাম্য রক্ষায় বিভিন্ন জীবের মধ্যে মিথক্ষিয়া ও আন্তঃনির্ভরশীলতা ব্যাখ্যা করতে পারব
T2117,9-10-biology_secondary-13-2,13,পরিবেশের ভারসাম্য রক্ষায় পরিবেশ সংরক্ষণের গুরুত্ব,কাজ,বিশ্লেষণ করতে পারব
T2118,9-10-biology_secondary-13-20,13,দ্বিতীয় স্তরের খাদক,কাজ,প্রথম স্তরের খাদকদের খাদ্য হিসেবে গ্রহণ করতে পারে
T2119,9-10-biology_secondary-13-20,13,তৃতীয় স্তরের খাদক,কাজ,"ছোট মাছ, চিংড়ি ইত্যাদি দ্বিতীয় সতরের খাদককে ভক্ষণ করে"
T2120,9-10-biology_secondary-13-22,13,সবুজ উদ্ভিদ,কাজ,বাস্তুতন্ত্রের জীব উপাদানগুলোর মধ্যে প্রথম কাজে নামে
T2121,9-10-biology_secondary-13-22,13,তৃণভোজী প্রাণী এবং মাংসাশী প্রাণী,কারণ,খাদ্য তৈরি না করলে খাদ্যসংকটে পড়ে মারা
T2122,9-10-biology_secondary-13-22,13,খাদ্য শক্তি,অবস্থান,উৎপাদক থেকে শুরু করে বিভিন্ন স্তরের খাদকদের মধ্যে প্রবাহিত
T2123,9-10-biology_secondary-13-22,13,খাদ্যশিকল,কাজ,বিভিন্ন স্তরের খাদকদের মধ্যে প্রবাহিত করা
T2124,9-10-biology_secondary-13-22,13,খাদ্যশৃঙ্খল,কাজ,বিভিন্ন স্তরের খাদকদের মধ্যে প্রবাহিত করা
T2125,9-10-biology_secondary-13-27,13,মৃতজীবী খাদ্যশিকল,কাজ,খাদ্যস্তরে বিন্যস্ত হওয়া
T2126,9-10-biology_secondary-13-28,13,খাদ্যশিকল,অবস্থান,অসম্পূর্ণ
T2127,9-10-biology_secondary-13-28,13,খাদ্যশিকল,কারণ,শিকারজীবী খাদ্যশিকলের উপর নির্ভরশীল
T2128,9-10-biology_secondary-13-28,13,খাদ্যশিকল,কারণ,বাস্তুতন্ত্রের খাদ্যশিকল উৎপাদক
T2129,9-10-biology_secondary-13-28,13,বাস্তুতন্ত্রের খাদ্যশিকল,কারণ,সুতরাং বাস্তুতন্ত্রের খাদ্যশিকল উৎপাদক
T2130,9-10-biology_secondary-13-3,13,ছাত্রছাত্রী,কাজ,"একটি নির্বাচিত এলাকার উৎপাদক, খাদক, বিয়োজক এবং ভৌত পরিবেশের মধ্যে পারস্পরিক"
T2131,9-10-biology_secondary-13-31,13,খাদ্যশিকল,কারণ,খাদ্যজাল
T2132,9-10-biology_secondary-13-31,13,খাদ্যজাল,অবস্থান,বিভিন্ন বাস্তৃতন্দ্রে
T2133,9-10-biology_secondary-13-34,13,উদ্ভিদ,অংশ,উদ্ভিদ দেহে জমা থাকে
T2134,9-10-biology_secondary-13-34,13,উদ্ভিদ,অংশ,তৃণভোজীদের খায়
T2135,9-10-biology_secondary-13-34,13,তৃণভোজী প্রাণী,অংশ,মাংসাশী প্রাণীদের খায়
T2136,9-10-biology_secondary-13-34,13,মাংসাশী প্রাণী,অংশ,বিয়োজকগুলো ব্যবহার করে অজৈব বস্তুতে রূপান্তরিত করে
T2137,9-10-biology_secondary-13-34,13,বিয়োজক,অংশ,পরিবেশে ফিরিয়ে দেয়
T2138,9-10-biology_secondary-13-34,13,সবুজ উদ্ভিদ,অংশ,অজৈব বস্তু গ্রহণ করে
T2139,9-10-biology_secondary-13-34,13,সবুজ উদ্ভিদ,অংশ,খাদ্য প্রস্তুতে ব্যবহার করে
T2140,9-10-biology_secondary-13-36,13,সূর্য,পরিমাণ,২% সালোকসংশ্লেষণ প্রক্রিয়ায় সবুজ উদ্ভিদ
T2141,9-10-biology_secondary-13-36,13,সবুজ উদ্ভিদ,কাজ,বড়জোর আলো ও তাপশত্তি রাসায়নিক শত্তি মজুত করা
T2142,9-10-biology_secondary-13-36,13,শর্করা,কাজ,আলো ও তাপশত্তি রাসায়নিক শত্তি হিসেবে মজুত করা
T2143,9-10-biology_secondary-13-36,13,বিভিন্ন প্রকার খাদ্যশিকল,কাজ,উদ্ভিদে জমা করা শত্তি বিভিন্ন খাদ্যস্তরে পৌঁছানো
T2144,9-10-biology_secondary-13-38,13,মৃতদেহে সঞ্চিত রাসায়নিক শক্তি,কারণ,ভেঙে জড় পদার্থ বা শক্তি আকারে আবার পরিবেশে ফিরে আসে
T2145,9-10-biology_secondary-13-38,13,জড় পদার্থ বা শক্তি,অবস্থান,পরিবেশে
T2146,9-10-biology_secondary-13-39,13,উৎপাদক সবুজ উদ্ভিদ,অংশ,তৃণভোজী প্রাণী জীবের পরিবেশ
T2147,9-10-biology_secondary-13-4,13,জীব,অবস্থান,জড়জগৎ
T2148,9-10-biology_secondary-13-4,13,জীব,কাজ,প্রয়োজনীয় উপাদান সংগ্রহ করে জীবন অতিবাহিত করে
T2149,9-10-biology_secondary-13-4,13,বর্জ্য পদার্থ,অবস্থান,পরিবেশে
T2150,9-10-biology_secondary-13-4,13,সবুজ উদ্ভিদ,অবস্থান,বায়ু ও মাটি
T2151,9-10-biology_secondary-13-4,13,সবুজ উদ্ভিদ,কাজ,কার্বন ডাই-অক্সাইড এবং পানি সংগ্রহ করে কার্বোহাইড্রেট তৈরির সময় অক্সিজেন ত্যাগ করে
T2152,9-10-biology_secondary-13-4,13,উদ্ভিদ এবং প্রাণী,কাজ,পুরো জীবজগতের শ্বসনের জন্য অক্সিজেন প্রয়োজন আসে
T2153,9-10-biology_secondary-13-4,13,উদ্ভিদ,কাজ,খনিজ লবণ খাদ্য হিসেবে গ্রহণ করে
T2154,9-10-biology_secondary-13-4,13,তৃণভোজী প্রাণী,কাজ,উদ্ভিদের বিভিন্ন অংশ খেয়ে বাঁচে
T2155,9-10-biology_secondary-13-4,13,বিভিন্ন স্তরের মাংসাশী প্রাণী,কাজ,তৃণভোজী বা অন্যান্য ক্ষুদ্রতর মাংসাশী প্রাণীদের খাদ্য হিসেবে গ্রহণ করে
T2156,9-10-biology_secondary-13-4,13,মৃত্যুর পর উদ্ভিদ আর প্রাণীর দেহ,কাজ,পচনক্রিয়ার মাধ্যমে পরিবেশে ফিরে যায়
T2157,9-10-biology_secondary-13-4,13,ব্যাকটেরিয়া সহ অণুজীব,কাজ,পচানোর কাজটি করে
T2158,9-10-biology_secondary-13-42,13,বাস্তুতন্ত্রের কোনো একটি ট্রফিক লেভেলে,পরিমাণ,10% ঠিক উপরের ট্রফিক লেভেলে সঞ্চারিত হতে পারে
T2159,9-10-biology_secondary-13-42,13,বাস্তুতন্ত্রের কোনো একটি ট্রফিক লেভেলে,পরিমাণ,90% তাপ হিসেবে পরিবেশে বিমুক্ত হয় কিংবা আংশিকভাবে অব্যবহৃত থেকে যায়
T2160,9-10-biology_secondary-13-44,13,পিরামিড,অবস্থান,সমতল ভূমির উপর
T2161,9-10-biology_secondary-13-44,13,পিরামিড,কারণ,ট্রফিক লেভেলের গঠন
T2162,9-10-biology_secondary-13-44,13,শত্তি পিরামিড,কারণ,খাদ্যশিকলে যুক্ত প্রতিটি পুষ্টিস্তরের শক্তির সঞ্চয় ও স্থানান্তরের বিন্যাস
T2163,9-10-biology_secondary-13-45,13,শক্তির প্রবাহ,কারণ,খাদ্যশিকলের আকার
T2164,9-10-biology_secondary-13-47,13,জীববৈচিত্র্য,কারণ,পৃথিবীতে বিরাজমান জীবগুলোর প্রাচুর্য এবং ভিন্নতা
T2165,9-10-biology_secondary-13-48,13,জীববৈচিত্র্য,প্রকার,"প্রজাতিগত বৈচিত্র্য, বংশগতীয় বৈচিত্র্য"
T2166,9-10-biology_secondary-13-49,13,প্রজাতিগত বৈচিত্র্য,সংজ্ঞা,পৃথকযোগ্য বৈশিষ্ট্যের কারণে এক প্রজাতি থেকে অন্য প্রজাতি ভিন্নতর হয়
T2167,9-10-biology_secondary-13-5,13,বাস্তুতন্দ্র,অবস্থান,ভূপৃষ্ঠে
T2168,9-10-biology_secondary-13-51,13,বাস্তুতান্দ্রিক বৈচিত্র্য,কারণ,ভারসাম্যে ব্যাঘাত
T2169,9-10-biology_secondary-13-51,13,বাস্তুতান্দ্রিক বৈচিত্র্য,কাজ,জীববৈচিত্র্যের সৃষ্টি
T2170,9-10-biology_secondary-13-51,13,বাস্তুতন্দ্রের ভৌত উপাদান,অংশ,বাস্তুতান্দ্রিক বৈচিত্র্য
T2171,9-10-biology_secondary-13-51,13,বাস্তুতন্দ্রের রাসায়নিক উপাদান,অংশ,বাস্তুতান্দ্রিক বৈচিত্র্য
T2172,9-10-biology_secondary-13-51,13,বাস্তুতন্দ্রের জৈবিক উপাদান,অংশ,বাস্তুতান্দ্রিক বৈচিত্র্য
T2173,9-10-biology_secondary-13-58,13,সম্পর্কযুক্ত জীবগুলো,কারণ,সহবাসকারী বা সহাবস্থানকারী
T2174,9-10-biology_secondary-13-58,13,মিথস্ষিয়ায় অংশগ্রহণকারী জীবগুলো,কারণ,"পরস্পর আন্তঃনির্ভরশীল, কেউই স্বয়ংসম্পূর্ণ"
T2175,9-10-biology_secondary-13-58,13,পরিবেশবিজ্ঞানী ওডাম,কাজ,"আন্তঃনির্ভরশীল সম্পর্ক দুভাবে হতে পারে, যেমন"
T2176,9-10-biology_secondary-13-60,13,ধনাত্মক আন্তঃক্রিয়া,কাজ,দুটি জীবের একটি অন্যটিকে সহায়তা করা
T2177,9-10-biology_secondary-13-61,13,মিউচুয়ালিজম,কাজ,সহযোগীদের উভয়ই একে অন্যের দ্বারা উপকৃত হয়
T2178,9-10-biology_secondary-13-61,13,মিউচুয়ালিজম,কারণ,ফুলের মধু আহরণের জন্য ফুলে ফুলে উড়ে বেড়ায় এবং বিনিময়ে ফুলের পরাগায়ন ঘটে
T2179,9-10-biology_secondary-13-61,13,মিউচুয়ালিজম,কারণ,পাখি এবং বাদুড় ফল খেয়ে বাঁচে এবং মলত্যাগের সাথে ফলের বীজও ত্যাগ করে
T2180,9-10-biology_secondary-13-61,13,মিউচুয়ালিজম,লক্ষণ,বীজের স্থানান্তর হয় এবং উদ্ভিদের বিস্তার ঘটে
T2181,9-10-biology_secondary-13-63,13,রাইজোবিয়াম,অবস্থান,শিমজাতীয় উদ্ভিদের 0.০501011005 18110 শিকড়ে
T2182,9-10-biology_secondary-13-64,13,কমেনসালিজম,কাজ,সহযোগীদের মধ্যে একজন মাত্র উপকৃত হতে দেখা দেয়
T2183,9-10-biology_secondary-13-64,13,রোহিণী উদ্ভিদ,কাজ,মূলে আবদ্ধ হয় এবং বড় উদ্ভিদকে আরোহণ করে
T2184,9-10-biology_secondary-13-65,13,খণাত্মক আন্তঃক্রিয়া,অংশ,শোষণ
T2185,9-10-biology_secondary-13-65,13,খণাত্মক আন্তঃক্রিয়া,অংশ,প্রতিযোগিতা
T2186,9-10-biology_secondary-13-65,13,খণাত্মক আন্তঃক্রিয়া,অংশ,আযান্টিবায়োসিস
T2187,9-10-biology_secondary-13-66,13,কোকিল,কাজ,বাসা তৈরি করা
T2188,9-10-biology_secondary-13-66,13,কাক,কাজ,ডিম ফোটা করা
T2189,9-10-biology_secondary-13-67,13,জীবগুলো,প্রতিরোধ,সুবিধাজনক বৈশিষ্ট্যসম্পন্ন জীবসমূহ
T2190,9-10-biology_secondary-13-67,13,জীবগুলো,অবস্থান,সুবিধাজনক বৈশিষ্ট্যসম্পন্ন জীবসমূহ টিকে থাকে
T2191,9-10-biology_secondary-13-67,13,জীবগুলো,অবস্থান,অন্যরা বিতাড়িত হয়ে থাকে
T2192,9-10-biology_secondary-13-69,13,আ্যান্টিবায়োসিস,কারণ,বাধাপ্রাপ্ত হওয়া বা মৃত্যু ঘটার কারণ
T2193,9-10-biology_secondary-13-69,13,অণুজীবজগত,লক্ষণ,অনেক বেশি দেখা যায়
T2194,9-10-biology_secondary-13-69,13,ফ্লেমিং,কাজ,পেনিসিলিন আবিষ্কার
T2195,9-10-biology_secondary-13-69,13,পেনিসিলিয়াম ছত্রাক,কারণ,ব্যাকটেরিয়াগুলোর মদ আ্যান্টিবায়োসিস
T2196,9-10-biology_secondary-13-69,13,চিত্র ১৩.১১,লক্ষণ,আ্যান্টিবায়োসিস একটি কলোনির স্বাছাবিক বুদ্ধি
T2197,9-10-biology_secondary-13-72,13,গ্রিনহাউস ইফেক্ট,কারণ,সমুদ্রের পানির উচ্চতা বেড়ে যাবে এবং উপকূল অঞ্চল তলিয়ে যাবে
T2198,9-10-biology_secondary-13-72,13,গ্রিনহাউস ইফেক্ট,কারণ,আবহাওয়ার পরিবর্তন হবে
T2199,9-10-biology_secondary-13-72,13,গ্রিনহাউস ইফেক্ট,কারণ,বনাঞ্চল ধবংস হবে
T2200,9-10-biology_secondary-13-72,13,গ্রিনহাউস ইফেক্ট,কারণ,বিভিন্ন রোগবালাইয়ের প্রভাবে ফসলের ক্ষতি হবে
T2201,9-10-biology_secondary-13-72,13,গ্রিনহাউস ইফেক্ট,কারণ,মানুষের মধ্যে নতুন সব রোগের প্রকোপ দেখা দিবে
T2202,9-10-biology_secondary-13-72,13,গ্রিনহাউস ইফেক্ট,কারণ,ঝড়-জলোচ্ছ্বাসের তীব্রতা বেড়ে যাবে
T2203,9-10-biology_secondary-13-83,13,বংশগতির_একক,অংশ,জিন
T2204,9-10-biology_secondary-13-86,13,পশুর রোগ নিরাময়ে,কাজ,জেনেটিক ইঞ্জিনিয়ারিংয়ের ব্যবহার বর্ণনা করতে পারব
T2205,9-10-biology_secondary-13-86,13,জীবপ্রযুক্তি ও জেনেটিক ইঞ্জিনিয়ারিং,কাজ,পোস্টার অঙ্কন করতে পারব
T2206,9-10-biology_secondary-14-14,14,টিস্যু কালচার,কাজ,উদ্ভিদ প্রজননে ও উন্নত জাত উদ্ভাবনে সাফল্য পাওয়া এবং অপার সম্ভাবনা দেখানো
T2207,9-10-biology_secondary-14-15,14,সিম্বিডিয়াম,পরিমাণ,৪০ হাজার চারা
T2208,9-10-biology_secondary-14-15,14,থাইল্যান্ড টিস্যু কালচার,পরিমাণ,৫০ মিলিয়ন অণুচারা
T2209,9-10-biology_secondary-14-15,14,মেরিস্টেম,কাজ,বিভিন্ন ধরনের অঙ্গ বা টিস্যু তৈরি করা
T2210,9-10-biology_secondary-14-15,14,মেরিস্টেম,কারণ,উদ্ভিদের বর্ধিয়ণ অংশ
T2211,9-10-biology_secondary-14-20,14,জিন প্রকৌশল,কাজ,জীবের ডিএনএর পরিবর্তন ঘটানো
T2212,9-10-biology_secondary-14-20,14,রিকম্বিনেন্ট ডিএনএ কৌশল,কাজ,জীবের ডিএনএর অংশ কেটে আলাদা করে অন্য ডিএনএ অণুতে প্রতিস্থাপন
T2213,9-10-biology_secondary-14-20,14,রিকম্বিনেন্ট ডিএনএ প্রযুক্তি,কাজ,রিকস্বিনেন্ট ডিএনএ তৈরির প্রক্রিয়া
T2214,9-10-biology_secondary-14-22,14,জিএমও,কাজ,জেনেটিক্যালি মডিফায়েড কাঙ্ক্ষিত বৈশিষ্ট্যসম্পন্ন নতুন জাত উদ্ভাবন
T2215,9-10-biology_secondary-14-22,14,জীব,কাজ,জেনেটিক্সের নিয়ম আবিষ্কারের আগে থেকেই কৃত্রিম নির্বাচন প্রক্রিয়ায় জেনেটিক্যালি মডিফায়েড কাঙ্ক্ষিত বৈশিষ্ট্যসম্পন্ন নতুন জাত উদ্ভাবন
T2216,9-10-biology_secondary-14-22,14,প্রকৃতি,কাজ,অনুরূপ প্রক্রিয়া চলায় জেনেটিক মডিফিকেশন
T2217,9-10-biology_secondary-14-22,14,জীবপ্রযুক্তি,কারণ,জেনেটিক মডিফিকেশনের ব্যাপারটি আরও নিয়ন্দ্রিতভাবে এবং কম সময়ে করায়
T2218,9-10-biology_secondary-14-22,14,জেনেটিক মডিফিকেশন,কাজ,জীব উৎপন্ন করায়
T2219,9-10-biology_secondary-14-22,14,জিএমও,অবস্থান,জেনেটিক্যালি মডিফাইড অর্গানিজম
T2220,9-10-biology_secondary-14-22,14,ট্রাজজেনিক জীব,কাজ,জেনেটিক্যালি মডিফাইড অর্গানিজম
T2221,9-10-biology_secondary-14-27,14,লাইগেজ,কাজ,দাতা ডিএনএকে প্লাজমিড ডিএনএ-এর কা�টা প্রান্ত দুটোর মাঝখানে স্থাপন করা
T2222,9-10-biology_secondary-14-27,14,লাইগেজ,কাজ,নির্দিষ্ট জিনসহ রিকম্বিনেন্ট ডিএনএ তৈরি করা
T2223,9-10-biology_secondary-14-27,14,রিকম্বিনেন্ট প্লাজমিড,কাজ,দাতা ডিএনএর খণ্ডিত অংশ বহন করা
T2224,9-10-biology_secondary-14-28,14,রিকম্বিনেন্ট প্লাজমিড,অবস্থান,ভিতরে
T2225,9-10-biology_secondary-14-28,14,খণ্ডিত ডিএনএ,অবস্থান,প্রবেশ করনোর পদ্ধতিকে ট্রানসফরমেশন
T2226,9-10-biology_secondary-14-29,14,জিন,কাজ,জিন তৈরি করা
T2227,9-10-biology_secondary-14-29,14,প্লাজমিড,কাজ,জিন বহন করা
T2228,9-10-biology_secondary-14-29,14,ব্যাকটেরিয়া,অবস্থান,ব্যাপক বংশবৃদ্ধি ঘটানো
T2229,9-10-biology_secondary-14-29,14,জিন ক্লোনিং,কাজ,জিন তৈরি করাকে বলা
T2230,9-10-biology_secondary-14-33,14,জিন প্রকৌশল,কাজ,"খুব দ্রুত কাঙ্ক্ষিত বৈশিষ্ট্যসম্পন্ন উদ্ভিদ, প্রাণী বা অণুজীব পাওয়া"
T2231,9-10-biology_secondary-14-33,14,জিন প্রকৌশল,কারণ,অনাকাঙ্ক্ষিত জিন স্থানান্তরের সম্ভাবনা নেই এবং কাঙ্ক্ষিত জিন স্থানান্তরের সম্ভাবনা অনেক বেশি
T2232,9-10-biology_secondary-14-33,14,জিন প্রকৌশল,অবস্থান,আন্তর্জাতিকভাবে স্বীকৃত জীবনিরাপত্তা নিয়ম-নীতি দিয়ে নিয়ন্ত্রিত
T2233,9-10-biology_secondary-14-34,14,জেনেটিক ইঞ্জিনিয়ারিং,কাজ,নতুন ও উন্নত বৈশিষ্ট্যসম্পন্ন জীব সৃষ্টি
T2234,9-10-biology_secondary-14-34,14,জেনেটিক ইঞ্জিনিয়ারিং,কারণ,মানুষ সর্বোত্তমভাবে লাভবান হতে পারে
T2235,9-10-biology_secondary-14-34,14,ফসল,কারণ,ক্ষতিকর পোকামাকড় প্রতিরোধী
T2236,9-10-biology_secondary-14-36,14,টমেটো মোজাইক ভাইরাস,প্রতিরোধ,প্রোটিনে
T2237,9-10-biology_secondary-14-36,14,টোবাকো মোজাইক ভাইরাস,প্রতিরোধ,প্রোটিনে
T2238,9-10-biology_secondary-14-36,14,টোবাকো মাইন্ড গ্রিন মোজাইক ভাইরাস,প্রতিরোধ,প্রোটিনে
T2239,9-10-biology_secondary-14-36,14,রিং স্পট ভাইরাস,প্রতিরোধ,পেঁপের জাত
T2240,9-10-biology_secondary-14-44,14,জেনেটিকভাবে পরিবর্তিত,কাজ,ব্যাকটেরিয়া এবং ইস্ট থেকে মানববৃদ্ধির হরমোন এবং গ্র্যানূলোসাইট ম্যাক্রোফাজ স্টিমুলোটিং ফ্যাক্টর বা কলোনি উদ্দীপক উপাদান তৈরি করা
T2241,9-10-biology_secondary-14-44,14,অস্বাভাবিক খাটো হওয়া রোগ,কারণ,জেনেটিকভাবে পরিবর্তিত ব্যাকটেরিয়া এবং ইস্ট থেকে মানববৃদ্ধির হরমোন এবং গ্র্যানূলোসাইট ম্যাক্রোফাজ স্টিমুলোটিং ফ্যাক্টর বা কলোনি উদ্দীপক উপাদান
T2242,9-10-biology_secondary-14-44,14,ভাইরাসজনিত রোগ,কারণ,জেনেটিকভাবে পরিবর্তিত ব্যাকটেরিয়া এবং ইস্ট থেকে মানববৃদ্ধির হরমোন এবং গ্র্যানূলোসাইট ম্যাক্রোফাজ স্টিমুলোটিং ফ্যাক্টর বা কলোনি উদ্দীপক উপাদান
T2243,9-10-biology_secondary-14-44,14,ক্যান্সার,কারণ,জেনেটিকভাবে পরিবর্তিত ব্যাকটেরিয়া এবং ইস্ট থেকে মানববৃদ্ধির হরমোন এবং গ্র্যানূলোসাইট ম্যাক্রোফাজ স্টিমুলোটিং ফ্যাক্টর বা কলোনি উদ্দীপক উপাদান
T2244,9-10-biology_secondary-14-7,14,উদ্ভিদ টিস্যু কালচার,অবস্থান,জীবাণুমুক্ত অবস্থায়
T2245,9-10-biology_secondary-14-7,14,অংশ,অংশ,পরাগরেণু
T2246,9-10-biology_secondary-14-7,14,অংশ,অংশ,শীর্ষ বা পার্শ্বমুকুল
T2247,9-10-biology_secondary-14-7,14,অংশ,অংশ,পর্ব
T2248,9-10-biology_secondary-14-7,14,অংশ,অংশ,মূলাংশ
