chunk_id,chapter_no,subject,relation,object
9-10-biology_secondary-1-20,1,ট্যাক্সোনমি,সংজ্ঞা,শ্রেণিবিন্যাসবিদ্যা
9-10-biology_secondary-1-20,1,শ্রেণিবিন্যাসের লক্ষ্য,কাজ,একটাই বিশাল এবং বৈচিত্র্যময় জীবজগৎকে সহজভাবে অল্প পরিশ্রমে এবং অল্প সময়ে সঠিকভাবে জানা
9-10-biology_secondary-1-21,1,ক্যারোলাস লিনিয়াস,অবস্থান,আপসালা বিশ্ববিদ্যালয়
9-10-biology_secondary-1-21,1,ক্যারোলাস লিনিয়াস,কাজ,আ্যানাটমির অধ্যাপক
9-10-biology_secondary-1-21,1,ক্যারোলাস লিনিয়াস,কারণ,"বিভিন্ন ধরনের উদ্ভিদ, বিশেষ করে ফুল সংগ্রহ আর জীবের শ্রেণিবিন্যাসে তার অনেক আগ্রহ"
9-10-biology_secondary-1-21,1,ক্যারোলাস লিনিয়াস,কারণ,প্রথম জীবের পূর্ণ শ্রেণিবিন্যাসের এবং নামকরণের ভিত্তি প্রবর্তন
9-10-biology_secondary-1-21,1,ক্যারোলাস লিনিয়াস,কারণ,"জীবজগৎকে দুটি ভাগে, যথা উদ্ভিদজগৎ এবং প্রাণিজগৎ হিসেবে বিন্যস্ত করেন"
9-10-biology_secondary-1-24,1,সুপার কিংডম 1,প্রকার,প্রোক্যারিওটা
9-10-biology_secondary-1-24,1,প্রোক্যারিওটা,কারণ,"আদিকোষ (নিউক্লিয়াস সুগঠিত নয়) বিশিষ্ট এককোষী, আণুবীক্ষণিক জীব"
9-10-biology_secondary-1-27,1,ইউক্যারিওটা,অংশ,প্রকৃতকোষ বিশিষ্ট এককোষী বা বহুকোষী
9-10-biology_secondary-1-27,1,ইউক্যারিওটা,অংশ,এককভাবে অথবা কলোনি আকারে দলবদ্ধভাবে বসবাস করে
9-10-biology_secondary-1-30,1,বৈশিষ্ট্য,প্রকার,"অধিকাংশই স্থলজ, মৃতজীবী বা পরজীবী"
9-10-biology_secondary-1-30,1,কোষ,অবস্থান,এককোষী অথবা মাইসেলিয়াম
9-10-biology_secondary-1-30,1,কোষ,অংশ,কাইটিন বস্তু
9-10-biology_secondary-1-30,1,ক্লোরোপ্লাস্ট,অবস্থান,অনুপস্থিত
9-10-biology_secondary-1-30,1,বংশবৃদ্ধি,কারণ,হ্যাপ্নয়েড স্পোর
9-10-biology_secondary-1-31,1,বৈশিষ্ট্য,প্রকার,প্রকৃত নিউক্লিয়াসযুক্ত সালোকসংশ্লেষণকারী উদ্ভিদ
9-10-biology_secondary-1-31,1,বৈশিষ্ট্য,কাজ,উন্ত টিস্যুতন্দ্র বিদ্যমান
9-10-biology_secondary-1-31,1,বৈশিষ্ট্য,কারণ,ভ্রণ সৃষ্টি হয় এবং তা থেকে ডিপ্লয়েড পর্যায় শুরু হয়
9-10-biology_secondary-1-31,1,বৈশিষ্ট্য,প্রতিরোধ,স্থলজ অথবা জলজ প্রজাতি আছে
9-10-biology_secondary-1-31,1,বৈশিষ্ট্য,লক্ষণ,"আকার, আকৃতি অথবা শারীরবৃত্তীয় পার্থক্যবিশিষ্ট ভিন্নধর্মী দুটি গ্যামেটের মিলনের মাধ্যমে যৌন জনন সম্পন্ন হয়"
9-10-biology_secondary-1-33,1,বৈশিষ্ট্য,প্রকার,নিউক্লিয়াসবিশিষ্ট ও বহুকোষী প্রাণী
9-10-biology_secondary-1-33,1,প্রাণী,কাজ,হেটারোট্রোফিক অর্থাৎ পরভোজী এবং খাদ্য গলাধঃকরণ করে
9-10-biology_secondary-1-33,1,প্রাণী,অবস্থান,দেহে জটিল টিস্যুতন্ত্র বিদ্যমান
9-10-biology_secondary-1-33,1,ভ্রণ বিকাশকালীন সময়ে,কারণ,ভ্র্ণীয় স্তর সৃষ্টি হয়
9-10-biology_secondary-1-34,1,টমাস কেভলিয়ার-স্মিথ,কাজ,জীবজগতের প্রোটিস্টাকে দুটি ভাগে ভাগ করা এবং মনেরাকে ব্যাকটেরিয়া রাজ্য হিসেবে নামকরণ করা
9-10-biology_secondary-1-34,1,জীবজগৎ,অংশ,ছয়টি রাজ্য
9-10-biology_secondary-1-36,1,শ্রেণিবিন্যাসের ধাপ,অবস্থান,উপরে
9-10-biology_secondary-1-36,1,শ্রেণিবিন্যাসের ধাপ,অবস্থান,নিচে
9-10-biology_secondary-1-39,1,সুকেন্দ্রিক কোষবিশিষ্ট বহুকোষী পরভোজী জটিল টিস্যুতন্তর,প্রকার,আছে
9-10-biology_secondary-1-39,1,বাচ্চা,কাজ,বুকের দুধ খাওয়া
9-10-biology_secondary-1-39,1,বাচ্চা,কারণ,লোম/চুল আছে
9-10-biology_secondary-1-39,1,হাত,কারণ,আঁকড়ে ধরার উপযোগী
9-10-biology_secondary-1-39,1,দৃষ্টিশক্তি,কারণ,বেশি উন্নত
9-10-biology_secondary-1-39,1,মস্তিষ্ক,অবস্থান,দেহের অনুপাতে সবচেয়ে বড়
9-10-biology_secondary-1-40,1,চওড়া এবং খাড়া কপাল,কারণ,পাতলা এবং বুদ্ধিবৃত্তিকভাবে উন্নত
9-10-biology_secondary-1-40,1,প্রজাতি,অবস্থান,শ্রেণিবিন্যাসের ধাপে
9-10-biology_secondary-1-40,1,শিক্ষার্থী,কারণ,জীববিজ্ঞানের
9-10-biology_secondary-1-41,1,জীবের বৈজ্ঞানিক নাম,অংশ,দুটি অংশ বা পদ
9-10-biology_secondary-1-41,1,প্রথম অংশ,কাজ,গণ নাম
9-10-biology_secondary-1-41,1,দ্বিতীয় অংশ,কাজ,প্রজাতির নাম
9-10-biology_secondary-1-41,1,দ্বিপদ নাম,কারণ,জীবজগতের প্রতিটি জীবকে আলাদা নামে জানা
9-10-biology_secondary-1-41,1,দ্বিপদ নামকরণ,কারণ,জীবের বৈজ্ঞানিক নাম নির্ধারণ
9-10-biology_secondary-1-44,1,বৈজ্ঞানিক নাম,অংশ,গণ নাম
9-10-biology_secondary-1-44,1,বৈজ্ঞানিক নাম,অংশ,প্রজাতি নাম
9-10-biology_secondary-1-44,1,বৈজ্ঞানিক নাম,কারণ,অনন্য
9-10-biology_secondary-1-44,1,বৈজ্ঞানিক নামের প্রথম অংশ,কারণ,প্রথম অক্ষর বড় অক্ষর হবে
9-10-biology_secondary-1-44,1,বৈজ্ঞানিক নামের প্রথম অংশ,কারণ,বাকি অক্ষরগুলো ছোট অক্ষর
9-10-biology_secondary-1-47,1,সাধারণ নাম,প্রকার,বৈজ্ঞানিক নাম
9-10-biology_secondary-1-8,1,দেহের বাহ্যিক বর্ণনার বিষয়,অংশ,বহিঃ অঙ্গসংস্থান
9-10-biology_secondary-1-8,1,দেহের অভ্যন্তরীণ বর্ণনার বিষয়,অংশ,অন্তঃ অঙ্গসংস্থান
9-10-biology_secondary-1-9,1,শারীরবিদ্যা,প্রতিরোধ,জৈবরাসায়নিক কার্যাদি
9-10-biology_secondary-1-9,1,হিস্টোলজি,কাজ,"টিস্যুসমূহের গঠন, বিন্যাস এবং কার্যাবলি"
9-10-biology_secondary-1-9,1,ভ্ূণবিদ্যা,কাজ,"জনন কোষের উৎপত্তি, নিষিক্ত জাইগোট থেকে ভ্রণের সৃষ্টি, গঠন, পরিস্ফুটন, বিকাশ"
9-10-biology_secondary-2-101,2,তন্দ্র,অংশ,ভ্রুণ ও শিশু ধারক অঙ্গ
9-10-biology_secondary-2-101,2,প্রাণী,কাজ,প্রজনন ক্ষমতা অর্জন
9-10-biology_secondary-2-101,2,প্রজাতির ধারা,অবস্থান,অব্যাহত থাকে
9-10-biology_secondary-2-101,2,মানুষ,কারণ,একলিঙ্গ প্রাণী
9-10-biology_secondary-2-101,2,পুরুষ মানুষের দেহ,অংশ,পুরুষ প্রজননতন্দ্র
9-10-biology_secondary-2-101,2,নারীর দেহ,অংশ,স্ত্রী প্রজননতন্দ্র
9-10-biology_secondary-2-102,2,ত্বক,অবস্থান,দেহের বাইরে
9-10-biology_secondary-2-102,2,ত্বক,কাজ,বাইরের আঘাত এবং জীবাণুর আক্রমণ থেকে দেহ রক্ষণ
9-10-biology_secondary-2-102,2,ত্বক,কাজ,জলীয় অংশকে দেহের ভিতর সংরক্ষণ
9-10-biology_secondary-2-103,2,নালিহীন বা অন্তঃক্ষরা গ্রন্থি,অবস্থান,প্রাণিদেহে
9-10-biology_secondary-2-103,2,গ্রন্থি,কাজ,রসকে হরমোন বলে
9-10-biology_secondary-2-103,2,গ্রন্থি,পরিমাণ,২.৫ অণুবীক্ষণ যন্ত্র
9-10-biology_secondary-2-105,2,কাচের স্টেজ,কারণ,দুটো ক্লিপ লাগানো
9-10-biology_secondary-2-105,2,স্তস্তের উপরে,অংশ,একটি টানা নল
9-10-biology_secondary-2-105,2,টানা নলের বাহুতে,কারণ,লেঙ্গ ধরে রাখার জন্য আংটা থাকে
9-10-biology_secondary-2-106,2,অণুবীক্ষণ যন্ত্র,অংশ,চিত্র
9-10-biology_secondary-2-106,2,স্ট্যান্ড,অবস্থান,বেজ-এর উপর দণ্ডায়মান উল্লম্ব পিলার
9-10-biology_secondary-2-107,2,আর্ম,কারণ,উপরের দিকে বাঁকানো
9-10-biology_secondary-2-107,2,ফুট,কারণ,নিচের দিকে পাটাতনের মতো
9-10-biology_secondary-2-107,2,স্টেজ,অবস্থান,আর্ম-এর নিচের অংশে
9-10-biology_secondary-2-107,2,বড়ি টিউব,কারণ,অণুবীক্ষণ যন্ত্রের উপরের দিককার নলাকার অংশ
9-10-biology_secondary-2-108,2,নোজপিস,অবস্থান,বড়ি টিউবের নিচের দিকে
9-10-biology_secondary-2-108,2,লেস,প্রকার,৩টি
9-10-biology_secondary-2-109,2,ফাইন আ্যাডজাস্টমেন্ট নব,কাজ,স্লাইডকে লেঙ্গের ফোকাস দূরত্বের ভিতরে বা বাইরে নেওয়া
9-10-biology_secondary-2-109,2,ফাইন আ্যাডজাস্টমেন্ট নব,কাজ,স্টেজকে ঘুরিয়ে স্লাইডকে লেঙ্গের ফোকাস দূরত্বের ভিতরে বা বাইরে নেওয়া
9-10-biology_secondary-2-109,2,ফাইন আ্যাডজাস্টমেন্ট নব,কারণ,ফোকাসের সুক্ষ সমন্বয় করার জন্য
9-10-biology_secondary-2-11,2,প্রোটোপ্লাজম,অবস্থান,কোষের ভিতরে
9-10-biology_secondary-2-11,2,প্রোটোপ্লাজম,অংশ,সবকিছু
9-10-biology_secondary-2-11,2,কোষবিল্লী,অংশ,প্রোটোপ্লাজম
9-10-biology_secondary-2-11,2,কোষঝিল্লি,অংশ,প্রোটোপ্লাজম
9-10-biology_secondary-2-11,2,সাইটোপ্লাজমীয় অঙ্গাণু,অবস্থান,কোষবিল্লীর আড়ালে
9-10-biology_secondary-2-11,2,নিউক্লিয়াস,অবস্থান,কোষবিল্লীর আড়ালে
9-10-biology_secondary-2-111,2,সাবস্টেজ,অবস্থান,স্টেজের নিচে
9-10-biology_secondary-2-111,2,সাবস্টেজ,কারণ,উঠা-নামা করানো যায়
9-10-biology_secondary-2-111,2,সাবস্টেজ,কারণ,একটি কনডেলার লাগানো থাকে
9-10-biology_secondary-2-111,2,কনডেলার,অংশ,একটি ডায়াঙ্রাম
9-10-biology_secondary-2-111,2,কনডেলার,অংশ,একটি পর্দা
9-10-biology_secondary-2-111,2,কনডেলার,কারণ,আলো কনডেলারের ভিতরে প্রবেশ করবে তা নির্ধারণ করে
9-10-biology_secondary-2-114,2,কোষ বা টিস্যুর পাতলা স্তর,অবস্থান,জলীয় মাধ্যমে
9-10-biology_secondary-2-114,2,কোষ বা টিস্যু,অবস্থান,চিহ্নিত করা মুশকিল
9-10-biology_secondary-2-116,2,তরঙ্গ দৈর্ঘ্য,পরিমাণ,400-700 ন্যানোমিটার
9-10-biology_secondary-2-116,2,সাইটোপ্লাজম,অবস্থান,অবস্থিত
9-10-biology_secondary-2-118,2,অণুবীক্ষণ যন্ত্র,কাজ,অঙ্গাণুগুলো স্পষ্ট দেখা দিতে পারে
9-10-biology_secondary-2-118,2,ইলেক্ট্রন তরঙ,কাজ,বিবর্ধন করা হয়
9-10-biology_secondary-2-118,2,ইলেক্ট্রন মাইক্রোস্কোপ,প্রকার,অণুবীক্ষণ যন্ত্র
9-10-biology_secondary-2-126,2,কোষ,অবস্থান,কোষঝিল্পি জুড়ে কোষের সীমানা এবং কেন্দ্রে নিউক্লিয়াস
9-10-biology_secondary-2-126,2,কোষ,কারণ,কোষগুলো ভালো করে ছড়ানো না থাকলে
9-10-biology_secondary-2-128,2,লাইসোজোম,কাজ,জীবাণু ভক্ষণ
9-10-biology_secondary-2-13,2,সাইটোপ্লাজম,অংশ,সাইটোগ্লাজম
9-10-biology_secondary-2-13,2,অঙ্গাণু,প্রকার,"ঝিল্লিযুক্ত সাইটোপ্লাজমীয় অঙ্গাণু, বিল্লিবিহীন অঙ্গাণু"
9-10-biology_secondary-2-133,2,জীব,প্রকার,এককোথষী জীব
9-10-biology_secondary-2-133,2,জীব,প্রকার,বহুকোষী জীব
9-10-biology_secondary-2-133,2,মানুষ,প্রকার,বহুকোষী জীব
9-10-biology_secondary-2-133,2,বট গাছ,প্রকার,বহুকোষী জীব
9-10-biology_secondary-2-133,2,তিমি মাছ,প্রকার,বহুকোষী জীব
9-10-biology_secondary-2-137,2,ক্যারিওকাইনেসিস,অবস্থান,নিউক্লিয়াসের বিভাজন
9-10-biology_secondary-2-137,2,সাইটোকাইনেসিস,অবস্থান,সাইটোগ্লাজমের বিভাজন
9-10-biology_secondary-2-137,2,কোষ,কাজ,নিউক্লিয়াসে কিছু প্রস্তুতিমূলক কাজ হয়
9-10-biology_secondary-2-137,2,ইন্টারফেজ,অবস্থান,বিভাজন শুরুর আগে
9-10-biology_secondary-2-14,2,মাইটোকন্ডিয়ার প্রধান কাজ,কাজ,জীবের শ্বসনকার্যে সাহায্য করা
9-10-biology_secondary-2-140,2,স্পিন্ডল যন্ত্র,অংশ,দুই মেরু
9-10-biology_secondary-2-140,2,স্পিন্ডল যন্ত্রের দুই মেরুর মধ্যবর্তী স্থান,কারণ,ইকুয়েটর বা বিষুবীয় অঞ্চল
9-10-biology_secondary-2-141,2,স্পিন্ডল তন্তু,অবস্থান,মেরু থেকে অপর মেরু পর্যন্ত
9-10-biology_secondary-2-141,2,স্পিন্ডলযন্ত্রের কিছু তন্তু,অবস্থান,স্পিন্ডল তন্তু সাথে
9-10-biology_secondary-2-141,2,আকর্ষণ তন্তু,কারণ,স্পিন্ডলযন্ত্রের কিছু তন্তুর সাথে সংযুক্ত হয়
9-10-biology_secondary-2-141,2,ক্রোমোজোম,অবস্থান,স্পিন্ডলযন্ত্রের কিছু তন্তুর সাথে সংযুক্ত হয়
9-10-biology_secondary-2-141,2,ক্রোমোজোমাল তন্তু,কারণ,ক্রোমোজোমের সাথে এই তন্তুগুলি সংযুক্ত বলে
9-10-biology_secondary-2-141,2,ক্রোমোজোম,অবস্থান,বিষুবীয় অঞ্চলে বিন্যস্ত হতে থাকে
9-10-biology_secondary-2-141,2,নিউক্লিয়ার মেমব্রেন,অবস্থান,কোষের নিউক্লিয়াসে
9-10-biology_secondary-2-141,2,নিউক্লিওলাস,অবস্থান,কোষের নিউক্লিয়াসে
9-10-biology_secondary-2-141,2,প্রাণিকোষ,কাজ,স্পিন্ডল যন্ত্র সৃষ্টি ছাড়াও পূর্বে বিক্্ত সেন্ট্রিওল দুটি দুই মেরুতে অবস্থান করে
9-10-biology_secondary-2-141,2,সেন্ট্রিওল,অবস্থান,প্রাণিকোষে
9-10-biology_secondary-2-141,2,রশ্মি,কারণ,সেদ্ট্রিওল দুটির চারদিক থেকে বিচ্ছুরিত হয়
9-10-biology_secondary-2-141,2,আযাস্টার-রে,কারণ,রশ্মি বিচ্ছুরিত হয়
9-10-biology_secondary-2-143,2,সব ক্রোমোজোম সিপিন্ডল যন্ত্রের বিষুবীয় অঞ্চলে,অবস্থান,অবস্থান
9-10-biology_secondary-2-143,2,প্রতিটি ক্রোমোজোমের সেস্ট্রোমিয়ার বিষুবীয় অঞ্চলে,অবস্থান,অবস্থান
9-10-biology_secondary-2-143,2,প্রতিটি ক্রোমোজোমের বাহু দুটি,অবস্থান,মেরুমুখী হয়ে অবস্থান
9-10-biology_secondary-2-144,2,ক্রোমোটিড,অবস্থান,অপত্য ক্রোমোজোম
9-10-biology_secondary-2-144,2,অপত্য ক্রোমোজোম,কারণ,সেস্্রোমিয়ার থাকে
9-10-biology_secondary-2-144,2,অপত্য ক্রোমোজোম,কাজ,বিষুবীয় অঞ্চল থেকে পরস্পর বিপরীত মেরুর দিকে সরে যাওয়া
9-10-biology_secondary-2-145,2,অপত্য ক্রোমোজোম,অবস্থান,মেরু অভিমুখী চলনে সেস্ট্রোমিয়ার অগ্রগামী
9-10-biology_secondary-2-145,2,অপত্য ক্রোমোজোম,অবস্থান,বাত্ধদ্বয় অনুগামী
9-10-biology_secondary-2-145,2,ক্রোমোজোম,অবস্থান,"ছ, 1, ] বা 17-এর মতো আকার ধারণ"
9-10-biology_secondary-2-145,2,সেন্ট্রোমিয়ার,অবস্থান,অনুযায়ী ক্রোমোজোমগুলো আকার
9-10-biology_secondary-2-145,2,সেন্ট্রোমিয়ার,কারণ,ক্রোমোজোমগুলো আকার
9-10-biology_secondary-2-145,2,অপত্য ক্রোমোজোম,অবস্থান,স্পিন্ডলযন্ত্রের মেরুপ্রান্তে
9-10-biology_secondary-2-148,2,বিষুবীয় তলের জালিকার অংশগুলো,অবস্থান,টেলোফেজ পর্যায়ের শেষে বিষুবীয় তলে
9-10-biology_secondary-2-148,2,জালিকার অংশগুলো,কাজ,কোষপ্লেট গঠন
9-10-biology_secondary-2-148,2,সাইটোগ্লাজমিক অঙ্গাণুসমূহ,কাজ,সমবণ্টন
9-10-biology_secondary-2-148,2,কোষৰিল্লি,অবস্থান,স্পিন্ডলযন্ত্রের বিষুবীয় অঞ্চল বরাবর
9-10-biology_secondary-2-148,2,কোষৰিল্লি,কাজ,গভীরতর হয়ে একত্রে মিলিত হয়
9-10-biology_secondary-2-150,2,গিঁট,অবস্থান,সেন্ট্রোমিয়ারের মডেল
9-10-biology_secondary-2-150,2,বাহু,অংশ,চারটি
9-10-biology_secondary-2-150,2,বাহু,কাজ,ক্রোমাটিডের দৈর্ঘ্য সমান
9-10-biology_secondary-2-150,2,বাহু,অবস্থান,সেন্ট্রোমিয়ার থেকে
9-10-biology_secondary-2-16,2,ধাপ,অবস্থান,মাইটোকন্ড্রিয়ার মধ্যে
9-10-biology_secondary-2-16,2,শ্বসনের ধাপ,কাজ,ক্রেবস চক্রে অংশগ্রহণকারী উৎসেচক উপস্থিত থাকায় বিক্রিয়াগুলো মাইটোকন্ড্রিয়াতেই সম্পন্ন হয়
9-10-biology_secondary-2-16,2,ক্রেবস চক্রের ধাপ,কাজ,শত্তি উৎপাদন
9-10-biology_secondary-2-16,2,মাইটোকন্ডিয়া,কারণ,কোষের শত্তি উৎপাদন কেন্দ্র বা পাওয়ার হাউস বলা হয়
9-10-biology_secondary-2-18,2,প্লাস্টিড,কাজ,খাদ্য প্রস্তুত করা
9-10-biology_secondary-2-18,2,প্লাস্টিড,কাজ,খাদ্য সঞ্চয় করা
9-10-biology_secondary-2-18,2,প্লাস্টিড,কাজ,উদ্ভিদদেহকে বর্ণময় এবং আকর্ষণীয় করে পরাগায়নে সাহায্য করা
9-10-biology_secondary-2-18,2,ক্লোরোপ্লাস্ট,প্রকার,সবুজ রঙের প্লাস্টিড
9-10-biology_secondary-2-18,2,ক্লোরোপ্লাস্ট,কারণ,00100701850
9-10-biology_secondary-2-19,2,প্লীস্টিডের গ্রানা,অবস্থান,ঠঁ রাসায়নিক শত্তিত
9-10-biology_secondary-2-19,2,প্লীস্টিডের গ্রানা,কাজ,সূর্যালোককে আবদ্ধ করে
9-10-biology_secondary-2-19,2,আবদ্ধ সৌরশক্তি,অবস্থান,স্ট্রোমাতে
9-10-biology_secondary-2-19,2,উৎসেচক,অবস্থান,স্ট্রোমাতে
9-10-biology_secondary-2-21,2,রঙিন প্লাস্টিড,কাজ,"ফুল, পাতা এবং উদ্ভিদের অন্যান্য অংশ আকর্ষণীয় করার সাহায্য"
9-10-biology_secondary-2-21,2,রঙিন প্লাস্টিড,কাজ,পরাগায়নে সাহায্য
9-10-biology_secondary-2-26,2,এন্ডোপ্লাজমিক রেটিকুলাম,কাজ,প্রোটিন সংশ্লেষণের ঘটনার ঘটনার পথ
9-10-biology_secondary-2-26,2,এন্ডোপ্লাজমিক রেটিকুলাম,কারণ,কোষগহ্বর সৃষ্টিতে এসন্ডোপ্লাজমিক রেটিকুলামের গুরুত্বপূর্ণ ভূমিকা রয়েছে
9-10-biology_secondary-2-26,2,এন্ডোপ্লাজমিক রেটিকুলাম,প্রতিরোধ,প্লাজমা মেমব্রেনের সাথে যুক্ত থাকে
9-10-biology_secondary-2-27,2,কোষগহ্বর,অবস্থান,কোষের মধ্যে
9-10-biology_secondary-2-27,2,কোষগহ্বর,কাজ,কোষরস ধারণ
9-10-biology_secondary-2-27,2,কোষগহ্বর,প্রকার,বৃহৎ কোষণগহ্র
9-10-biology_secondary-2-27,2,কোষগহ্বর,প্রকার,"অজৈব লবণ, রঞ্জক পদার্থ, পানি"
9-10-biology_secondary-2-29,2,লাইসোজোমের পর্দা,কারণ,অঙ্গাগুলো নষ্ট হয়ে যায়
9-10-biology_secondary-2-29,2,অঙ্গাগুলো,কারণ,কোষটিই মারা যায়
9-10-biology_secondary-2-30,2,কোষকঙ্কাল,কারণ,কোষটিকে ধরে রাখে
9-10-biology_secondary-2-30,2,কোষকঙ্কাল,অংশ,অসংখ্য দড়ির মতো বস্তু
9-10-biology_secondary-2-30,2,কোষকঙ্কাল,কাজ,কোষের চারদিকে জালের মতো ছড়িয়ে রয়েছে
9-10-biology_secondary-2-30,2,কোষকঙ্কাল,সংজ্ঞা,লম্বা এবং মোটা-চিকন মিলিয়ে
9-10-biology_secondary-2-32,2,রাইবোজোম,অবস্থান,প্রাণী এবং উদ্ভিদ কোষে
9-10-biology_secondary-2-32,2,রাইবোজোম,কাজ,প্রোটিন সংশ্লেষণে সাহায্য
9-10-biology_secondary-2-32,2,রাইবোজোম,কাজ,উৎসেচক সরবরাহ
9-10-biology_secondary-2-32,2,উৎসেচক,কাজ,প্রাণরাসায়নিক বিক্রিয়ার গতি বাড়িয়ে দেওয়া
9-10-biology_secondary-2-32,2,মাইটোকন্ডরিয়ার ম্যাট্রিক,অবস্থান,রাইবোজোম
9-10-biology_secondary-2-32,2,প্লাস্টিডের স্ট্রোমাত,অবস্থান,রাইবোজোম
9-10-biology_secondary-2-32,2,রাইবোজোম,অবস্থান,এঁ অঙ্গাণুসমূহের ডিএনএ-এর সংকেত অনুযায়ী প্রোটিন সংশ্লেষণে অংশ নেয়
9-10-biology_secondary-2-32,2,ব্যাকটেরিয়া কোষের সাইটোপ্লাজমে,অবস্থান,রাইবোজোম
9-10-biology_secondary-2-32,2,রাইবোজোম,কাজ,প্রোটিন সংশ্লেষণ
9-10-biology_secondary-2-33,2,অঙ্গাণু,অবস্থান,সেন্ট্রিওলের চারপাশে
9-10-biology_secondary-2-33,2,সেন্ট্রোল,অবস্থান,সেন্ট্রোজোমে
9-10-biology_secondary-2-33,2,সেন্ট্রোক্ষিয়া,অবস্থান,সেন্ট্রোলের চারপাশে
9-10-biology_secondary-2-33,2,সেস্ট্রোক্ফিয়া,অবস্থান,সেন্ট্রোলের চারপাশে
9-10-biology_secondary-2-33,2,সেন্ট্রোজোম,কাজ,কোষ বিভাজনের চিত্র
9-10-biology_secondary-2-34,2,ফ্লাজেলা,অংশ,বিভিন্ন ধরনের
9-10-biology_secondary-2-35,2,নিউক্লিয়াস,অবস্থান,রক্তকোষে
9-10-biology_secondary-2-35,2,নিউক্লিয়াস,কাজ,বিপাকীয় কার্যাবলি নিয়ন্ত্রণ
9-10-biology_secondary-2-35,2,নিউক্লিয়াস,প্রকার,বংশগতির বৈশিষ্ট্য নিহিত
9-10-biology_secondary-2-35,2,নিউক্লিয়ার ঝিল্লি,অবস্থান,নিউক্লিয়াসকে ঘিরে
9-10-biology_secondary-2-35,2,নিউক্লিয়ার ঝিল্লি,কারণ,নিউক্লিয়াস এবং সাইটোগ্লাজমের মধ্যে বস্তু চলাচল নিয়ন্ত্রণ
9-10-biology_secondary-2-35,2,নিউক্লিয়ার ঝিল্লি,কারণ,নিউক্লিয়াস এবং সাইটোগ্লাজমের মধ্যে বস্তু পৃথক রাখা
9-10-biology_secondary-2-35,2,নিউক্লিওপ্লাজম,কারণ,নিউক্লিয়াসের বস্তু রস
9-10-biology_secondary-2-36,2,নিউক্লিওলাস,অবস্থান,নিউক্লিওপ্লাজমের মধ্যে
9-10-biology_secondary-2-36,2,নিউক্লিওলাস,কাজ,"চা, ও প্রোটিন দিয়ে তৈরি হয়"
9-10-biology_secondary-2-36,2,নিউক্লিওলাস,কাজ,রাইবোজোম সংশ্লেষণ করে
9-10-biology_secondary-2-37,2,ক্রোমাটিন,কাজ,জেনেটিক বৈশিষ্ট্যসমূহ বংশপরম্পরায় সঞ্চারিত হওয়ার মাধ্যম হিসেবে কাজ করে
9-10-biology_secondary-2-37,2,ক্রোমাটিন,অবস্থান,কোষের নিউক্লিয়াসে
9-10-biology_secondary-2-38,2,তন্ভুগুলো,কারণ,একসাথে ক্রোমাটিন জালিকা খুলে যায়
9-10-biology_secondary-2-38,2,ক্রোমাটিনগুলো,কাজ,আরো মোটা হয়
9-10-biology_secondary-2-38,2,ক্রোমাটিনগুলো,কারণ,একটি বাহু আলাদা আলাদা কাঠামো হিসেবে চিহ্নিত করা সম্ভব
9-10-biology_secondary-2-39,2,ক্রোমোজোম,অংশ,ক্রোমাটিড
9-10-biology_secondary-2-39,2,ক্রোমাটিড,অংশ,সেস্ট্রোমিয়ার
9-10-biology_secondary-2-39,2,সেস্ট্রোমিয়ার,অবস্থান,ক্রোমাটিডের (প্রায়) মধ্যবর্তী অংশ
9-10-biology_secondary-2-39,2,ক্রোমাটিড,অংশ,তার দুটি বাহু
9-10-biology_secondary-2-39,2,সেস্ট্রোমিয়ার,অবস্থান,ক্রোমাটিডের উভয় পাশে
9-10-biology_secondary-2-39,2,কাইনেটোকোর,কাজ,সেস্ট্রোমিয়ারের যে অংশে স্পিন্ডল যন্ত্রের মাইক্রোটিউবিউল এসে যুক্ত হয়
9-10-biology_secondary-2-40,2,কাজ,প্রকার,উদ্ভিদ ও প্রাণীর কাজ
9-10-biology_secondary-2-41,2,এককোষী প্রাণী,কাজ,"দেহের সব ধরনের ক্রিয়াকলাপ-খাদ্যগ্রহণ, দেহের বৃদ্ধি ও প্রজনন"
9-10-biology_secondary-2-42,2,কোষ,অংশ,একত্রিত হয় এবং একই কাজ করে
9-10-biology_secondary-2-42,2,টিস্যু,প্রকার,তিন ধরনের
9-10-biology_secondary-2-42,2,টিস্যু,প্রকার,সরল টিস্যু
9-10-biology_secondary-2-42,2,টিস্যু,প্রকার,জটিল টিস্যু
9-10-biology_secondary-2-43,2,সরল টিস্যু,অবস্থান,স্থায়ী টিস্যুর প্রতিটি কোষ
9-10-biology_secondary-2-43,2,সরল টিস্যু,প্রকার,প্যারেনকাইমা
9-10-biology_secondary-2-43,2,সরল টিস্যু,প্রকার,কোলেনকাইমা
9-10-biology_secondary-2-43,2,সরল টিস্যু,প্রকার,স্কেরেনকাইমা
9-10-biology_secondary-2-46,2,ফ্লুরেনকাইমা টিস্যু,অবস্থান,কোষগুলোতে
9-10-biology_secondary-2-46,2,ফ্লুরেনকাইমা টিস্যু,কাজ,দুই ধরনের কোষ প্রদান করা
9-10-biology_secondary-2-46,2,ফাইবার,কাজ,উদ্ভিদদেহে দৃঢ়তা প্রদান এবং পানি ও খনিজ লবণ পরিবহণ
9-10-biology_secondary-2-46,2,ফাইবার,অবস্থান,কোষগুলোতে
9-10-biology_secondary-2-46,2,ফাইবার,অবস্থান,প্রাচীরের গায়ে ছিদ্র থাকে
9-10-biology_secondary-2-46,2,সক্কেরাইড,কাজ,"খাটো, সমব্যাসীয়, কখনো লম্বাটে আবার কখনো তারকাকার হতে পারে"
9-10-biology_secondary-2-46,2,সক্কেরাইড,অবস্থান,"কোষপ্রাচীর খুবই শত্ত, অত্যন্ত পুরু এবং লিগনিনযুক্ত"
9-10-biology_secondary-2-46,2,সক্কেরাইড,অবস্থান,পরিণত সাধারণত মৃত থাকে এবং এদের কোষপ্রাচীর কূপযুন্ত হয়
9-10-biology_secondary-2-47,2,কর্টেক্স,অংশ,স্কেরাইড টিস্যু
9-10-biology_secondary-2-47,2,ফল,অংশ,স্কেরাইড টিস্যু
9-10-biology_secondary-2-47,2,বীজ,অংশ,স্কেরাইড টিস্যু
9-10-biology_secondary-2-47,2,বহিঃত্বক জাইলেম,অবস্থান,পত্রবৃন্তে
9-10-biology_secondary-2-47,2,ফ্লোয়েম,অবস্থান,পত্রবৃন্তে
9-10-biology_secondary-2-47,2,কোষগুচ্ছ,অবস্থান,পত্রবৃন্তে
9-10-biology_secondary-2-48,2,উদ্ভিদের পরিবহণ টিস্যুগুচ্ছ,প্রকার,জাইলেম এবং ফ্লোয়েম
9-10-biology_secondary-2-49,2,জাইলেম,প্রকার,প্রাথমিক ও গৌণ বা সেকেন্ডারি জাইলেম
9-10-biology_secondary-2-5,2,প্রকৃত কোষ,অংশ,নিউক্লিয়াস
9-10-biology_secondary-2-5,2,প্রকৃত কোষ,কাজ,নিউক্লিও-বস্তু পরিবেন্টিত ও সুসংগঠিত
9-10-biology_secondary-2-5,2,প্রকৃত কোষ,অংশ,রাইবোজোম
9-10-biology_secondary-2-5,2,প্রকৃত কোষ,অংশ,সকল অঙ্গাণু
9-10-biology_secondary-2-5,2,ক্রোমোজোম,অংশ,প্রোটিন
9-10-biology_secondary-2-5,2,ক্রোমোজোম,অংশ,হিস্টোন
9-10-biology_secondary-2-5,2,ক্রোমোজোম,অংশ,অন্যান্য উপাদান
9-10-biology_secondary-2-50,2,ট্রাকিড,অবস্থান,প্রাথমিক অবস্থায় প্রোটোজাইলেম এবং পরিণত অবস্থায় মেটাজাইলেমে
9-10-biology_secondary-2-52,2,কোষ,অংশ,চোঙের মতো
9-10-biology_secondary-2-52,2,কোষগুলো,অবস্থান,একটির মাথায় আরেকটি সজ্জিত
9-10-biology_secondary-2-52,2,প্রান্তীয় প্রাচীর,অবস্থান,গলে গিয়ে একটি দীর্ঘ চিত্র
9-10-biology_secondary-2-52,2,কোষরস,কাজ,সৃষ্টি করে
9-10-biology_secondary-2-53,2,ভেসেল,অবস্থান,ভেসেলের প্রাচীর
9-10-biology_secondary-2-53,2,ভেসেল,কারণ,প্রোটোপ্লাজমবিহীন হয়
9-10-biology_secondary-2-53,2,ভেসেল,কাজ,উপরে ওঠার জন্য একটি সরু পথ সৃষ্টি হয়ে যায়
9-10-biology_secondary-2-53,2,ভেসেল,কারণ,বৃক্ষ বা আরোহী উদ্ভিদে আরও অনেক লম্বা হতে পারে
9-10-biology_secondary-2-54,2,উদ্ভিদ,কাজ,পানি এবং খনিজ লবণ পরিবহণ
9-10-biology_secondary-2-54,2,উদ্ভিদ,কাজ,অঙ্গকে দৃঢ়তা প্রদান
9-10-biology_secondary-2-55,2,জাইলেম প্যারেনকাইমা,অবস্থান,জাইলেম
9-10-biology_secondary-2-55,2,প্যারেনকাইমা,কাজ,খাদ্য সঞ্চয় এবং পানি পরিবহণ
9-10-biology_secondary-2-55,2,প্রাচীর,সংজ্ঞা,পুরু বা পাতলা
9-10-biology_secondary-2-55,2,প্রাইমারি জাইলেমে অবস্থিত প্যারেনকাইমার কোষ,প্রকার,পাতলা প্রাচীরযুত
9-10-biology_secondary-2-55,2,সেকেন্ডারি জাইলেমে প্যারেনকাইমা,প্রকার,পুরু প্রাচীরযুত
9-10-biology_secondary-2-56,2,জাইলেম ফাইবার,অবস্থান,জাইলেম
9-10-biology_secondary-2-56,2,জাইলেম ফাইবার,কাজ,পানি ও খনিজ পদার্থ পরিবহণ
9-10-biology_secondary-2-56,2,জাইলেম ফাইবার,কাজ,খাদ্য সঞ্চয়
9-10-biology_secondary-2-56,2,জাইলেম ফাইবার,কাজ,উদ্ভিদকে যান্ত্রিক শাস্তি আর দৃঢ়তা প্রদান
9-10-biology_secondary-2-57,2,ফ্লোয়েম,কাজ,জাইলেমের সাথে একত্রে পরিবহণ টিস্যুগুচ্ছ তৈরি করা
9-10-biology_secondary-2-57,2,ফ্লোয়েম টিস্যু,অংশ,"সিভনল, সঙ্গীকোষ, ফ্লোয়েম প্যারেনকাইমা, ফ্লোয়েম তন্তু"
9-10-biology_secondary-2-58,2,সিভকোষ,অংশ,ফ্লোয়েম টিস্যু
9-10-biology_secondary-2-58,2,সিভকোষ,কাজ,খাদ্য পরিবহনের নল
9-10-biology_secondary-2-58,2,সিভনল,অংশ,ফ্লোয়েম টিস্যু
9-10-biology_secondary-2-59,2,সঙ্গীকোষ,অবস্থান,একটি করে প্যারেনকাইমা জাতীয় কোষে
9-10-biology_secondary-2-59,2,জীবকোষ ও টিস্যু,কাজ,নিউক্লিয়াস সিভকোষের কার্যাবলি কিছু পরিমাণে হলেও নিয়ন্ত্রণ করে
9-10-biology_secondary-2-6,2,দেহকোষ,কাজ,বহুকোষী জীবের দেহ গঠনে অংশগ্রহণ করা
9-10-biology_secondary-2-6,2,দেহকোষ,কাজ,মাইটোসিস পদ্ধতিতে বিভাজনের মাধ্যমে বিভাজিত হওয়া
9-10-biology_secondary-2-6,2,দেহকোষ,কাজ,বিভিন্ন তন্ত্র ও অঙ্গ-প্রত্যঙ গঠনে অংশ নেওয়া
9-10-biology_secondary-2-60,2,ফ্লোয়েম প্যারেনকাইমা,অবস্থান,ফ্লোয়েম টিস্যু
9-10-biology_secondary-2-60,2,ফ্লোয়েম প্যারেনকাইমা,কাজ,খাদ্য সঞ্চয় এবং খাদ্য পরিবহণে সহায়তা
9-10-biology_secondary-2-60,2,ফ্লোয়েম প্যারেনকাইমা,প্রকার,সাধারণ প্যারেনকাইমার মতো পাতলা কোষণপ্রাচীরযুক্ত এবং প্রোটোপ্লাজমযুন্ত
9-10-biology_secondary-2-63,2,কোষ,অবস্থান,কোনো বিশেষ কাজে নিয়োজিত
9-10-biology_secondary-2-63,2,কোষ,কাজ,সমন্টিগতভাবে একটা কাজে নিয়োজিত
9-10-biology_secondary-2-63,2,কোষ,অবস্থান,একটা ধরনের কিছুসংখ্যক কোষ
9-10-biology_secondary-2-63,2,কোষ,অবস্থান,জীবদেহের কোনো নির্দি্ট স্থানে
9-10-biology_secondary-2-63,2,কোষ,কাজ,সমন্টিগতভাবে টিস্যু তৈরি করা
9-10-biology_secondary-2-65,2,শ্বেত রক্তকণিকা,কাজ,দেহের রোগ প্রতিরোধ
9-10-biology_secondary-2-65,2,রক্তের অণুচক্রিকা কোষ,কাজ,শরীরের কেটে যাওয়া অংশ থেকে রক্তক্ষরণ বন্ধ করতে সাহায্য
9-10-biology_secondary-2-65,2,শরীরের ত্বকীয় কোষ,কাজ,শরীরের আবরণ দেওয়া
9-10-biology_secondary-2-65,2,শরীরের ত্বকীয় কোষ,কাজ,শরীরের অবস্থানভেদে বিভিন্ন কাজ করতে থাকে
9-10-biology_secondary-2-65,2,মাথার ত্বকীয় কোষ,কাজ,চুল গজিয়ে থাকে
9-10-biology_secondary-2-65,2,শরীরের ত্বকের ঘাম নির্গমনকারী কোষ,কাজ,নির্দি্ট স্থানে ঘাম
9-10-biology_secondary-2-66,2,প্রাণিটিস্যু,প্রকার,চার ধরনের
9-10-biology_secondary-2-67,2,অবরণী টিস্যু,কাজ,অঙ্গকে আবৃত রাখা
9-10-biology_secondary-2-67,2,অবরণী টিস্যু,কাজ,সেটিকে বাইরের আঘাত থেকে রক্ষা
9-10-biology_secondary-2-67,2,অবরণী টিস্যু,কাজ,প্রোটিনসহ বিভিন্ন পদার্থ ক্ষরণ বা নিঃসরণ
9-10-biology_secondary-2-67,2,অবরণী টিস্যু,কাজ,বিভিন্ন পদার্থ শোষণ
9-10-biology_secondary-2-67,2,অবরণী টিস্যু,কাজ,কোষীয় স্তর পেরিয়ে সুনির্দিষ্ট পদার্থের পরিবহণ
9-10-biology_secondary-2-68,2,আবরণী টিস্যুর কোষ,অবস্থান,ভিত্তিপর্দার উপর বিন্যস্ত
9-10-biology_secondary-2-68,2,আবরণী টিস্যুর কোষ,কাজ,আবরণ ছাড়াও ছাঁকনির কাজ করে
9-10-biology_secondary-2-69,2,কিউবয়ডাল আবরণী টিস্যু,অংশ,ঘনাকার বা কিউব আকৃতির কোষ
9-10-biology_secondary-2-69,2,কিউবয়ডাল আবরণী টিস্যু,কাজ,পরিশোষণ এবং আবরণ
9-10-biology_secondary-2-7,2,জননকোষ,অবস্থান,মিয়োসিস পদ্ধতিতে জনন মাতৃকোষে
9-10-biology_secondary-2-7,2,জননকোষ,কাজ,জনন মাতৃকোষের বিভাজন ঘটাতে এবং জনন কোষ উৎপন্ন করাতে
9-10-biology_secondary-2-7,2,অপত্য,কাজ,জনন মাতৃকোষের ক্রোমোজোম সংখ্যার অর্ধেক থাকাতে
9-10-biology_secondary-2-7,2,জননকোষ,কারণ,পুং ও স্ত্রী জননকোষ মিলিত
9-10-biology_secondary-2-70,2,কোষ,কাজ,"ক্ষরণ, রক্ষণ এবং শোষণের কাজ করা"
9-10-biology_secondary-2-71,2,সাধারণ আবরণী টিস্যু,অবস্থান,ভিত্তিপর্দার উপর
9-10-biology_secondary-2-71,2,কোষসমূহ,অংশ,সজ্জিত
9-10-biology_secondary-2-72,2,স্ট্র্যাটিফাইড আবরণী টিস্যু,প্রকার,ভিত্তিপর্দার উপর কোষগুলো একাধিক স্তরে সজ্জিত
9-10-biology_secondary-2-72,2,স্ট্র্যাটিফাইড আবরণী টিস্যু,প্রকার,মিনিটের মধ্যে পান্টে যেতে পারে-কখনো দেখা যায় তিন-চারটি স্তর
9-10-biology_secondary-2-72,2,স্ট্র্যাটিফাইড আবরণী টিস্যু,প্রকার,পরক্ষণেই দেখা যায় সাত-আটটি স্তর
9-10-biology_secondary-2-72,2,স্ট্র্যাটিফাইড আবরণী টিস্যু,কাজ,ট্রানজিশনাল আবরণী
9-10-biology_secondary-2-72,2,ট্রানজিশনাল আবরণী,প্রতিরোধ,মেরুদণ্ডী প্রাণীদের ত্বক
9-10-biology_secondary-2-73,2,সিউডোস্স্র্যাটিফাইড আবরণী টিস্যু,অংশ,ভিত্তিপর্দার উপর এক স্তরে বিন্যস্ত
9-10-biology_secondary-2-73,2,কোষগুলো,কারণ,কোষণুলো বিভিন্ন উচ্চতার হওয়া
9-10-biology_secondary-2-74,2,সিলিয়াযুক্ত আবরণী টিস্যু,অবস্থান,মেরুদণ্ডী প্রাণীদের শ্বাসনালির প্রাচীরে
9-10-biology_secondary-2-74,2,ফ্লাজেলাযুক্ত আবরণী টিস্যু,অবস্থান,হাইড্রার এন্ডোডার্মে
9-10-biology_secondary-2-74,2,ক্ষণপদযুত্ত আবরণী টিস্যু,অবস্থান,হাইড্রার এন্ডোডার্মে এবং মেরুদণ্ডী প্রাণীদের অন্তরে
9-10-biology_secondary-2-74,2,জনন অঙ্গের আবরণী টিস্যু,কাজ,শুক্রাণু এবং ডিম্বাণু কোষ উৎপন্ন করে এবং প্রজাতির ধারা অক্ষুণ্ন রাখে
9-10-biology_secondary-2-75,2,আবরণী টিস্যু,কাজ,বিভিন্ন ধরনের রস নিঃসরণ
9-10-biology_secondary-2-75,2,আবরণী টিস্যু,কাজ,অঙ্গের বা নালির ভিতরের ও বাইরের অংশ তৈরি করা
9-10-biology_secondary-2-75,2,আবরণী টিস্যু,কাজ,রক্ষণ
9-10-biology_secondary-2-75,2,আবরণী টিস্যু,কাজ,ক্ষরণ
9-10-biology_secondary-2-75,2,আবরণী টিস্যু,কাজ,শোষণ
9-10-biology_secondary-2-75,2,আবরণী টিস্যু,কাজ,ব্যাপন
9-10-biology_secondary-2-75,2,আবরণী টিস্যু,কাজ,পরিবহণ
9-10-biology_secondary-2-75,2,আবরণী টিস্যু,অবস্থান,রূপান্তরিত হয়ে গ্রন্থি টিস্যু এবং জনন টিস্যুতে পরিণত হয়
9-10-biology_secondary-2-76,2,ফাইব্রাস যোজক টিস্যু,অবস্থান,দেহত্বকের নিচে পেশির মধ্যে
9-10-biology_secondary-2-77,2,স্কেলিটাল যোজক টিস্যু,অবস্থান,দেহের অভ্যন্তরীণ কাঠামো
9-10-biology_secondary-2-77,2,স্কেলিটাল যোজক টিস্যু,কাজ,দেহকে নির্দিষ্ট আকৃতি এবং দৃঢ়তা দেয়
9-10-biology_secondary-2-77,2,স্কেলিটাল যোজক টিস্যু,কাজ,অঙ্গ সঞ্চালন এবং চলনে সহায়তা করে
9-10-biology_secondary-2-77,2,স্কেলিটাল যোজক টিস্যু,কাজ,"মস্তিষ্ক, মেরুরজ্জু, ফুসফুস, হৃৎপিপ্ড- এরকম দেহের নরম ও নাজুক অঙ্গাগুলোকে রক্ষা করে"
9-10-biology_secondary-2-77,2,স্কেলিটাল যোজক টিস্যু,কাজ,বিভিন্ন ধরনের রক্তকণিকা উৎপাদন করে
9-10-biology_secondary-2-77,2,স্কেলিটাল যোজক টিস্যু,কাজ,এঁচ্ছিক পেশিগুলোর সংযুক্তির ব্যবস্থা করে
9-10-biology_secondary-2-77,2,স্কেলিটাল যোজক টিস্যু,প্রকার,দুধরনের
9-10-biology_secondary-2-79,2,তরল টিস্যুর মাতৃকা,অবস্থান,মাতৃকায়
9-10-biology_secondary-2-79,2,তরল টিস্যুর প্রধান কাজ,কাজ,"দেহের অভ্যন্তরে বিভিন্ন দ্রব্যাদি পরিবহণ করা, রোগ প্রতিরোধ করা এবং রক্ত জমাট বাঁধায়"
9-10-biology_secondary-2-79,2,তরল যোজক টিস্যু,প্রকার,দুই ধরনের
9-10-biology_secondary-2-79,2,তরল যোজক টিস্যু,কাজ,রক্ত এবং লসিকা
9-10-biology_secondary-2-8,2,জাইগোট,অবস্থান,জাইগোট (75800866)
9-10-biology_secondary-2-8,2,জাইগোট,কাজ,জীবদেহ গঠন
9-10-biology_secondary-2-8,2,প্রকৃত কোষী,প্রকার,উচ্চশ্রেণির উদ্ভিদ ও প্রাণী
9-10-biology_secondary-2-80,2,রক্ত,কাজ,অভ্যন্তরীণ পরিবহণ
9-10-biology_secondary-2-80,2,রক্ত,কাজ,তাপমাত্রার ভারসাম্য রক্ষা
9-10-biology_secondary-2-80,2,রক্তরস,অংশ,পানি
9-10-biology_secondary-2-80,2,রক্তরস,অংশ,জৈব ও অজৈব পদার্থ
9-10-biology_secondary-2-80,2,হিমোগ্লোবিন,কাজ,অক্সিজেনের সঙ্গে যুক্ত হয়ে অক্সিহিমোগ্লোবিন যৌগ গঠন করে এবং অক্সিজেন পরিবহণ করে
9-10-biology_secondary-2-80,2,শ্বেত রক্তকোষ,কাজ,জীবাণু ধ্বংস করে দেহের প্রকৃতিগত আত্মরক্ষায় অংশ নেয়
9-10-biology_secondary-2-81,2,রক্তকোষ,অংশ,বিভিন্ন ধরনের
9-10-biology_secondary-2-82,2,লসিকা,অংশ,কিছু রোগপ্রতিরোধী কোষ
9-10-biology_secondary-2-83,2,পেশিকোষণ,কারণ,"সরু, লম্বা এবং তন্তুময়"
9-10-biology_secondary-2-84,2,পেশি,প্রকার,তিন ধরনের
9-10-biology_secondary-2-84,2,পেশি,অবস্থান,অভ্যন্তরীণ
9-10-biology_secondary-2-84,2,পেশি,কাজ,পরিবহণ
9-10-biology_secondary-2-85,2,ইচ্ছানুযায়ী সংকুচিত বা প্রসারিত হয়,কাজ,"পেশিটিস্যুর কোষগুলো নলাকার, শাখাবিহীন ও আড়াআড়ি ডোরাযুক্ত হয়"
9-10-biology_secondary-2-85,2,ইচ্ছানুযায়ী সংকুচিত বা প্রসারিত হয়,কাজ,এদের সাধারণত একাধিক নিউক্লিয়াস থাকে
9-10-biology_secondary-2-85,2,ইচ্ছানুযায়ী সংকুচিত বা প্রসারিত হয়,কাজ,এই পেশি দ্রুত সংকুচিত এবং প্রসারিত হতে পারে
9-10-biology_secondary-2-85,2,ইচ্ছানুযায়ী সংকুচিত বা প্রসারিত হয়,অবস্থান,অস্থিতন্ত্রের সংলগ্ন থাকায় একে কঙ্কালপেশিও বলে
9-10-biology_secondary-2-86,2,মসৃণ পেশি,অবস্থান,টিস্যুর সংকোচন ও প্রসারণ
9-10-biology_secondary-2-86,2,অনৈচ্ছিক পেশি,অবস্থান,"রক্তনালি, পৌন্টিকনালি ইত্যাদির প্রাচীরে"
9-10-biology_secondary-2-86,2,অনৈচ্ছিক পেশি,কাজ,দেহের অভ্যন্তরীণ অঙ্গাদির সঞ্চালনে অংশ নেয়
9-10-biology_secondary-2-88,2,স্নায়ুকোষ,অংশ,স্নায়ু টিস্যু
9-10-biology_secondary-2-88,2,জীবকোষ,অংশ,স্নায়ু টিস্যু
9-10-biology_secondary-2-89,2,নিউরন,অংশ,কোষদেহ
9-10-biology_secondary-2-89,2,নিউরন,অংশ,প্রলম্বিত অংশ
9-10-biology_secondary-2-89,2,প্রলম্বিত অংশ,প্রকার,আ্যাক্সন এবং ডেনড্রাইট
9-10-biology_secondary-2-89,2,শয়নাতিয়ার্রের পন,অবস্থান,নিউরন কোষে
9-10-biology_secondary-2-9,2,কোষ,অংশ,কোষপ্রাচীর
9-10-biology_secondary-2-91,2,ডেনড্রন,অংশ,প্রলম্বিত অংশ
9-10-biology_secondary-2-91,2,ডেনড্রাইট,অংশ,প্রলম্বিত অংশ
9-10-biology_secondary-2-91,2,লম্বা স্নায়ুতন্তু,অংশ,নিউরনের কোষদেহ
9-10-biology_secondary-2-91,2,আ্যাক্সন,অংশ,লম্বা স্নায়ুতন্তু
9-10-biology_secondary-2-91,2,সিন্যাপস,কারণ,$দ118056
9-10-biology_secondary-2-91,2,সিন্যাপস,কাজ,উদ্দীপনা পরবর্তী নিউরনে পরিবাহিত
9-10-biology_secondary-2-91,2,স্নায়ুটিস্যু,কাজ,উদ্দীপনা গ্রহণ করে মস্তিষ্কে প্রেরণ করে এবং মস্তিষ্ক তাতে সাড়া দেয়
9-10-biology_secondary-2-91,2,স্নায়ুটিস্যু,কারণ,4০1001156
9-10-biology_secondary-2-91,2,স্নায়ুটিস্যু,কাজ,দেহের বিভিন্ন অঙ্গের কাজ নিয়ন্ত্রণ এবং তাদের মধ্যে সমন্বয় সাধন
9-10-biology_secondary-2-94,2,বাহ্যিক অঙ্গ,অবস্থান,"চোখ, কান, নাক, হাত, পা, মাথা"
9-10-biology_secondary-2-94,2,অভ্যন্তরীণ অঙ্গ,অবস্থান,"পাকস্থলী, ডিওডেনাম, ইলিয়াম, মলাশয়, হৃৎপিণ্ড, যকৃৎ, অগ্মযাশয়, প্লীহা, ফুসফুস, বৃক্ক, শুক্রাশয়, ডিম্বাশয়"
9-10-biology_secondary-2-96,2,খাদ্যগ্রহণ,অংশ,পরিপাকতন্দ্র
9-10-biology_secondary-2-96,2,পরিপাকতন্দ্র,অংশ,পৌষ্টিক নালি
9-10-biology_secondary-2-96,2,পরিপাকতন্দ্র,অংশ,পৌষ্টিক গ্রন্থি
9-10-biology_secondary-2-96,2,পৌষ্টিক নালি,অংশ,মুখছিদ্র
9-10-biology_secondary-2-96,2,পৌষ্টিক নালি,অংশ,মুখগহ্বর
9-10-biology_secondary-2-96,2,পৌষ্টিক নালি,অংশ,গলবিল
9-10-biology_secondary-2-96,2,পৌষ্টিক নালি,অংশ,অশ্ননালি
9-10-biology_secondary-2-96,2,পৌষ্টিক নালি,অংশ,পাকস্থলী
9-10-biology_secondary-2-96,2,পৌষ্টিক নালি,অংশ,ডিওডেনাম
9-10-biology_secondary-2-96,2,পৌষ্টিক নালি,অংশ,ইলিয়াম
9-10-biology_secondary-2-96,2,পৌষ্টিক নালি,অংশ,রেকটাম
9-10-biology_secondary-2-96,2,পৌষ্টিক নালি,অংশ,মলাশয়
9-10-biology_secondary-2-96,2,পৌষ্টিক নালি,অংশ,পায়ুছিদ্র
9-10-biology_secondary-2-96,2,মানুষের লালাগ্রন্থি,অবস্থান,পৌষ্টিক গ্রন্থি
9-10-biology_secondary-2-96,2,মানুষের লালাগ্রন্থি,কাজ,খাদ্য পরিপাকে সহায়তা
9-10-biology_secondary-2-96,2,যকৃৎ,অবস্থান,পৌষ্টিক গ্রন্থি
9-10-biology_secondary-2-96,2,যকৃৎ,কাজ,খাদ্য পরিপাকে সহায়তা
9-10-biology_secondary-2-96,2,অগ্ন্যাশয়,অবস্থান,পৌষ্টিক গ্রন্থি
9-10-biology_secondary-2-96,2,অগ্ন্যাশয়,কাজ,খাদ্য পরিপাকে সহায়তা
9-10-biology_secondary-2-97,2,মানুষের শ্বসনতন্দ্র,কাজ,পরিবেশ থেকে গৃহীত অক্সিজেনের সাহায্যে মানুষের দেহের সঞ্চিত খাদ্য থেকে জারণ প্রক্রিয়ায় শক্তি উৎপাদন করা এবং দেহের দৈনন্দিন কাজে সহায়তা করা
9-10-biology_secondary-2-98,2,স্নায়ূতন্ত্র,অংশ,"মস্তিষ্ক, সুষুন্নাকাণ্ড এবং করোটিক য়ায়ু"
9-10-biology_secondary-2-98,2,স্নায়ুতন্ত্র,অংশ,স্বয়ংক্রিয় স্নায়ুতন্দর
9-10-biology_secondary-2-99,2,রেচনতন্ত্র,অংশ,একজোড়া বৃক্ক
9-10-biology_secondary-2-99,2,রেচনতন্ত্র,অংশ,একজোড়া ইউরেটার
9-10-biology_secondary-2-99,2,রেচনতন্ত্র,অংশ,একটি মূত্রথলি
9-10-biology_secondary-2-99,2,রেচনতন্ত্র,অংশ,একটি মৃূত্রনালি
9-10-biology_secondary-3-10,3,পূর্ণসংখ্যক ক্রোমোজোম,অবস্থান,জাইগোট
9-10-biology_secondary-3-10,3,হ্যাপ্যেড কোষ,অবস্থান,অর্ধেক ক্রোমোজোম সংখ্যার
9-10-biology_secondary-3-10,3,ডিপ্যেড কোষ,অবস্থান,পূর্ণসংখ্যক ক্রোমোজোম
9-10-biology_secondary-3-11,3,মিয়োসিস,অবস্থান,জীবের জনন কোষ
9-10-biology_secondary-3-11,3,মিয়োসিস,অবস্থান,জনন মাতৃকোষে
9-10-biology_secondary-3-11,3,মিয়োসিস,অবস্থান,সপুষ্পক উদ্ভিদের পরাগধানী
9-10-biology_secondary-3-11,3,মিয়োসিস,অবস্থান,সপুষ্পক উদ্ভিদের ডিম্বকের মধ্যে
9-10-biology_secondary-3-11,3,মিয়োসিস,অবস্থান,উন্নত প্রাণিদেহের শুক্রাশয়ে
9-10-biology_secondary-3-11,3,মিয়োসিস,অবস্থান,উন্নত প্রাণিদেহের ডিম্বাশয়ে
9-10-biology_secondary-3-11,3,মিয়োসিস,কাজ,জাইগোট সৃষ্টি
9-10-biology_secondary-3-11,3,মিয়োসিস,কাজ,গ্যামেট সৃষ্টি
9-10-biology_secondary-3-12,3,মিয়োসিস-1,কাজ,প্রথম বিভাজনকে পর পর দুবার বিভাজিত হয়
9-10-biology_secondary-3-12,3,মিয়োসিস-2,কাজ,দ্বিতীয় বিভাজনকে পর পর দুবার বিভাজিত হয়
9-10-biology_secondary-3-12,3,অপত্য কোষে,কারণ,ক্রোমোজোমের সংখ্যা মাতৃকোষের ক্রোমোজোম সংখ্যার অর্ধেকে পরিণত হয়
9-10-biology_secondary-3-18,3,চিত্রের বিভাজন,কারণ,ক. ৪ তে নিউক্লিয়াসের বিভাজন একবার হলেও / তে দুইবার ঘটে
9-10-biology_secondary-3-18,3,চিত্রের বিভাজন,কারণ,"খ. ৪ জীবের গুণগত স্থিতিশীলতা বজায় রাখলেও /, বৈচিত্র্য সৃষ্টি করে"
9-10-biology_secondary-3-18,3,চিত্রের বিভাজন,কারণ,"গ. ৪ দেহকোষে সংঘটিত হলেও /, জনন মাতৃকোষে সংঘটিত হয়"
9-10-biology_secondary-3-18,3,চিত্রের বিভাজন,কারণ,"ঘ. ৪ তে সৃষ্ট অপত্য কোষের ক্রোমোজোম সংখ্যা 4, এর অর্ধেক"
9-10-biology_secondary-3-2,3,সেদ্ট্রোমিয়ার,অবস্থান,চিত্র ৩.০৮
9-10-biology_secondary-3-2,3,মডেল,প্রকার,"মেটাস্েদ্ট্রিক, সাবমেটাসেন্ট্রিক, আ্যক্রোসেন্ট্রিক এবং টেলোসেন্ট্রিক"
9-10-biology_secondary-3-25,3,জীবদেহ,কাজ,পরিবেশ থেকে শক্তি সংগ্রহ করা
9-10-biology_secondary-3-25,3,জীব,কাজ,পরিবেশ থেকে শক্তি সংগ্রহ করা
9-10-biology_secondary-3-25,3,জীব,কাজ,সংগৃহীত শক্তিকে একরূপ থেকে অন্যরূপে পরিবর্তিত করা
9-10-biology_secondary-3-25,3,জীব,কাজ,সঞ্চয় করা
9-10-biology_secondary-3-25,3,জীব,কাজ,সেই শত্তি পরিবেশে ফিরিয়ে দেয়
9-10-biology_secondary-3-27,3,আ্যাডিনোসিন,অংশ,আ্যাডিনিন
9-10-biology_secondary-3-27,3,আ্যাডিনোসিন,অংশ,পাঁচ কার্বনবিশিষ্ট রাইবোজ সুগার
9-10-biology_secondary-3-27,3,আ্যাডিনোসিন অণু,পরিমাণ,৪৪৭২ ফসফেট/ফসফোরিক এসিড গ্রুপ
9-10-biology_secondary-3-27,3,আ্যাডিনোসিন অণু,পরিমাণ,৪৭৭ ফসফেট/ফসফোরিক এসিড গ্রুপ
9-10-biology_secondary-3-27,3,আ্যাডিনোসিন অণু,পরিমাণ,৭১ ফসফেট/ফসফোরিক এসিড গ্রুপ
9-10-biology_secondary-3-27,3,প্রতিমোল,পরিমাণ,২ অণুর প্রান্তীয় ফসফেট গ্রুপে ৭.৩ কিলোক্যালরি
9-10-biology_secondary-3-5,3,মাইটোসিস,কারণ,প্রতিটি কোষের নিউক্লিয়াস এবং সাইটোপ্লাজমের মধ্যকার আয়তন ও পরিমাণগত ভারসাম্য রক্ষিত হয়
9-10-biology_secondary-3-5,3,মাইটোসিস,কারণ,অপত্য কোষে ক্রোমোজোমের সংখ্যা ও গুণাগুণ একই রকম থাকায় জীবের দেহের বৃদ্ধি সুশৃঙ্খলভাবে হতে পারে
9-10-biology_secondary-3-5,3,মাইটোসিস,কারণ,অনিয়ন্ত্রিত হলে টিউমার এমনকি ক্যান্সার সৃষ্টির কারণ হতে পারে
9-10-biology_secondary-3-6,3,টিউমার,কারণ,অস্বাভাবিক কোষ বিভাজন
9-10-biology_secondary-3-6,3,ক্যাঙ্গার,কারণ,প্রাণঘাতী টিউমার
9-10-biology_secondary-3-8,3,মিয়োসিস,কাজ,মাতৃকোষের অর্ধেকসংখ্যক ক্রোমোজোম ধারণ করার চারটি অপত্য কোষ তৈরি করা
9-10-biology_secondary-4-10,4,পানির ফটোলাইসিস,কাজ,"পানি বিয়োজিত হয়ে অক্সিজেন, প্রোটন/হাইড্রোজেন আয়ন ও ইলেকট্রন উৎপন্ন হয়"
9-10-biology_secondary-4-11,4,আলোক নিরপেক্ষ পর্যায়,পরিমাণ,০০১
9-10-biology_secondary-4-11,4,বা এবং মা+,কারণ,আলোক নিরপেক্ষ পর্যায়ে ০০১ বিজারিত হয়ে কার্বোহাইড্রেটে পরিণত হয়
9-10-biology_secondary-4-11,4,সবুজ উদ্ভিদ,অবস্থান,০০০২ বিজারণে
9-10-biology_secondary-4-13,4,ক্যালভিন চক্র,অবস্থান,1961 সালে নোবেল পুরস্কার পান
9-10-biology_secondary-4-13,4,ক্যালভিন চক্র,কাজ,শর্করা তৈরি করা
9-10-biology_secondary-4-13,4,ও উদ্ভিদ,কারণ,ও গতিপথ এবং যেসব উদ্ভিদে এই চক্র সম্পন্ন হয়
9-10-biology_secondary-4-19,4,প্রভাবকগুলো,প্রকার,"বাহ্যিক প্রভাবকসমূহ, অভ্যন্তরীণ প্রভাবকসমূহ"
9-10-biology_secondary-4-19,4,আলো,প্রকার,বাহ্যিক প্রভাবক
9-10-biology_secondary-4-2,4,মাইটোকন্ডিয়া,কাজ,বাহ্যিক শক্তি-উৎস থেকে আহরিত শক্তিকে চা -এর ফসফেট গ্রুপের শক্তি হিসেবে জমা করা
9-10-biology_secondary-4-2,4,প্লাস্টিড,কাজ,সূর্যালোক বা অন্য উৎস থেকে আগত ফোটন থেকে শক্তি জমা করা
9-10-biology_secondary-4-2,4,জীবদেহের প্রতিটি কোষ,কাজ,"মাংসপেশির সংকোচন থেকে ইন্দ্রিয়ানুভূতি, খাবার খাওয়া থেকে হজম করা, নিঃশ্বাস নেওয়া থেকে কথা বলা, চিৎকার করা থেকে হাসি-কান্না, দৈহিক বৃদ্ধি থেকে প্রজনন, দেহের তাপমাত্রা ঠিক রাখা, দেহের প্রতিটি কোষের স্বাভাবিক আয়তন বজায় রাখা"
9-10-biology_secondary-4-20,4,কার্বন ডাই-অক্সাইড,পরিমাণ,০.০৩ ভাগ
9-10-biology_secondary-4-20,4,সালোকসংশ্লেষণ,কারণ,কার্বন ডাই-অক্সাইড বিজারণের ফলে
9-10-biology_secondary-4-21,4,তাপমাত্রা,কাজ,সালোকসংশ্লেষণ প্রক্রিয়ায় বিশেষ প্রভাবক
9-10-biology_secondary-4-22,4,সালোকসংশ্লেষণ প্রক্রিয়ার জন্য পরিমিত তাপমাত্রা,পরিমাণ,২২০ সেলসিয়াস থেকে ৩৫০ সেলসিয়াস পর্যন্ত
9-10-biology_secondary-4-22,4,তাপমাত্রা,পরিমাণ,২২০ সেলসিয়াসের কম বা ৩৫০ সেলসিয়াসের বেশি
9-10-biology_secondary-4-23,4,ঢা+ (হাইড্রোজেন আয়ন),অবস্থান,পানি থেকেই আসে
9-10-biology_secondary-4-23,4,বাতাস,অবস্থান,0০: অনুপ্রবেশ বাধাগ্রস্ত হয়
9-10-biology_secondary-4-24,4,সালোকসংশ্লেষণের হার,কারণ,কমে যায়
9-10-biology_secondary-4-24,4,সালোকসংশ্লেষণের হার,কারণ,বেড়ে যায়
9-10-biology_secondary-4-24,4,অক্সিজেনবিহীন পরিবেশে,অবস্থান,সালোকসংশ্লেষণ সম্পূর্ণ বন্ধ
9-10-biology_secondary-4-25,4,নাইট্রোজেন,অবস্থান,খনিজ পদার্থ
9-10-biology_secondary-4-25,4,ম্যাগনেসিয়াম,অবস্থান,খনিজ পদার্থ
9-10-biology_secondary-4-25,4,মাটি,অবস্থান,খনিজ অভাব
9-10-biology_secondary-4-25,4,ক্লোরোফিল,লক্ষণ,পাতা হলুদ হয়ে যায়
9-10-biology_secondary-4-25,4,বাতাস,কারণ,সালোকসংশ্লেষণে ব্যাঘাত ঘটে
9-10-biology_secondary-4-26,4,পাতার বয়স,কারণ,সালোকসংশ্লেষণ কম
9-10-biology_secondary-4-26,4,পাতার বয়স,কারণ,ক্লোরোগ্লাস্টের সংখ্যা বেশি
9-10-biology_secondary-4-26,4,মধ্যবয়সি পাতা,লক্ষণ,সালোকসংশ্লেষণ বেশি
9-10-biology_secondary-4-26,4,পাতার সংখ্যা,কারণ,সালোকসংশ্লেষণ বেশি
9-10-biology_secondary-4-29,4,বায়ু,পরিমাণ,20.95 ভাগ
9-10-biology_secondary-4-29,4,বায়ু,পরিমাণ,0.033 ভাগ
9-10-biology_secondary-4-30,4,বায়ুমণ্ডল,পরিমাণ,০১ ও ০০; গ্যাসের সঠিক অনুপাত
9-10-biology_secondary-4-30,4,বায়ুমণ্ডল,পরিমাণ,০: গ্যাসের আধিক্য
9-10-biology_secondary-4-30,4,বায়ুমণ্ডল,পরিমাণ,০০; গ্যাসের স্বল্পতা
9-10-biology_secondary-4-31,4,সালোকসংশ্লেষণ,অবস্থান,জীবজগতের সবচেয়ে গুরুত্বপূর্ণ জৈব রাসায়নিক প্রক্রিয়া
9-10-biology_secondary-4-4,4,সবুজ উদ্ভিদ,কাজ,কার্বন ডাই-অক্সাইড এবং পানি থেকে কার্বোহাইড্রেট তৈরি করা
9-10-biology_secondary-4-4,4,সালোকসংশ্লেষণ,কাজ,কার্বোহাইড্রেট জাতীয় খাদ্য তৈরি করার জন্য বিপাকীয় প্রক্রিয়া সম্পাদন করা
9-10-biology_secondary-4-42,4,কেবল সবুজ অংশ,অবস্থান,নীল বা গাঢ় বেগুনি বা কালো
9-10-biology_secondary-4-42,4,কেবল সবুজ অংশ,কারণ,সিদ্ধান্ত
9-10-biology_secondary-4-42,4,ক্লোরোফিল,কাজ,কেবল সবুজ অংশে শর্করা প্রস্তুত
9-10-biology_secondary-4-42,4,ক্লোরোফিল না থাকা অংশ,কারণ,অসবুজ (কমলা বা হলুদ)
9-10-biology_secondary-4-42,4,সবুজ অংশ,কারণ,শর্করা ছিল
9-10-biology_secondary-4-45,4,শ্বসন,প্রকার,সবাত শ্বসন
9-10-biology_secondary-4-45,4,শ্বসন,প্রকার,অবাত শ্বসন
9-10-biology_secondary-4-46,4,সবাত শ্বসন,কাজ,"জারিত হয়ে 0০, 0.0 এবং বিপুল পরিমাণ শক্তি উৎপন্ন করে"
9-10-biology_secondary-4-46,4,সবাত শ্বসন,কারণ,"অক্সিজেনের প্রয়োজন হয় এবং শ্বসনিক বস্তু শৈর্করা, প্রোটিন, লিপিড, বিভিন্ন ধরনের জৈব এসিড"
9-10-biology_secondary-4-46,4,সবাত শ্বসন,অবস্থান,উদ্ভিদ ও প্রাণীর স্বাভাবিক শ্বসন প্রক্রিয়া
9-10-biology_secondary-4-48,4,অবাত শ্বসন,কারণ,অক্সিজেনের অনুপস্থিতি
9-10-biology_secondary-4-48,4,অবাত শ্বসন,কাজ,কোষের ভিতরকার এনজাইম দিয়ে আংশিকরূপে জারিত এবং বিভিন্ন প্রকার জৈব যৌগ উৎপাদন এবং শক্তি উৎপন্ন করা
9-10-biology_secondary-4-49,4,সবাত শ্বসন প্রক্রিয়া,অংশ,চারটি ধাপ
9-10-biology_secondary-4-5,4,সালোকসংশ্লেষণ,কাজ,জৈব রাসায়নিক বিক্রিয়া
9-10-biology_secondary-4-50,4,ধাপ 1,কাজ,গ্লুকোজ বিভিন্ন রাসায়নিক বিক্রিয়ায় দুই অণু পাইরুভিক এসিড উৎপন্ন করা
9-10-biology_secondary-4-51,4,বিক্রিয়া,অবস্থান,মাইটোকস্্রিয়ার ম্যাট্রিক্সে
9-10-biology_secondary-4-52,4,ক্রেবস চক্র,অবস্থান,মাইটোকন্ডিয়াতে
9-10-biology_secondary-4-52,4,ইংরেজ প্রাণরসায়নবিদ,কাজ,ক্রেবস চক্র আবিষ্কার
9-10-biology_secondary-4-52,4,আ্যাসিটাইল ০-/&,কাজ,মাইটোকন্ডিয়াতে প্রবেশ করে
9-10-biology_secondary-4-52,4,ক্রেবস চক্র,কারণ,বিক্রিয়া সংঘটিত হয়
9-10-biology_secondary-4-52,4,এই চক্র,পরিমাণ,"দুই অণু আ্যাসিটাইল :০-& থেকে চার অণু ০2, 6 অণু 4/া+7, দুই অণু চা, দুই অণু ০17 উৎপন্ন হয়"
9-10-biology_secondary-4-56,4,গ্লুকোজের অসম্পূর্ণ জারণ,কাজ,এক অণু গলুঁকোজ থেকে দুই অণু পাইরুভিক এসিড এবং চার অণু /চ772 (এর মধ্যে দুই অণু ব্যবহার হয়ে যায়) এবং দুই অণু বা উৎপন্ন হয়
9-10-biology_secondary-4-58,4,শ্বসন প্রক্রিয়ার প্রভাবক,প্রকার,বাহ্যিক এবং অভ্যন্তরীণ
9-10-biology_secondary-4-59,4,তাপমাত্রা,পরিমাণ,২০ সেলসিয়াসের নিচে এবং ৪৫০ সেলসিয়াসের উপরে
9-10-biology_secondary-4-59,4,অক্সিজেন,কাজ,পাইরুভিক এসিড জারিত হয়ে (০২ ও ২০ উৎপন্ন করে
9-10-biology_secondary-4-59,4,পানি,অবস্থান,পরিমিত
9-10-biology_secondary-4-59,4,আলো,কারণ,শ্বসন হার একটু বেড়ে যায়
9-10-biology_secondary-4-59,4,কার্বন ডাই-অক্সাইড,পরিমাণ,বায়ুতে ০০২-এর ঘনত্ব বেড়ে গেলে
9-10-biology_secondary-4-60,4,খাদ্যদ্রব্য,কাজ,"শত্তি, পানি এবং 0০02 নির্গত করে"
9-10-biology_secondary-4-60,4,উৎসেচক,কাজ,শ্বসন প্রক্রিয়ায় অংশগ্রহণ করে
9-10-biology_secondary-4-62,4,শ্বসন প্রক্রিয়া,কাজ,জীবের সব ধরনের ক্রিয়া-বিক্রিয়া এবং কাজকর্ম পরিচালিত করা
9-10-biology_secondary-4-62,4,শ্বসন প্রক্রিয়া,কাজ,জীবের প্রধান খাদ্য শর্করা উৎপন্নের জন্য সালোকসংশ্লেষণে ব্যবহৃত করা
9-10-biology_secondary-4-62,4,শ্বসন প্রক্রিয়া,কাজ,উদ্ভিদে খনিজ লবণ পরিশোষণে সাহায্য করা
9-10-biology_secondary-4-62,4,শ্বসন প্রক্রিয়া,কাজ,উদ্ভিদের বৃদ্ধি এবং অন্যান্য জৈবিক প্রক্রিয়া চালু রাখা
9-10-biology_secondary-4-62,4,শ্বসন প্রক্রিয়া,কাজ,কোষ বিভাজনের প্রয়োজনীয় শক্তি ও কিছু আনুষঙ্গিক পদার্থ আনা
9-10-biology_secondary-4-62,4,শ্বসন প্রক্রিয়া,কারণ,জীবের দৈহিক বৃদ্ধিকে নিয়ন্ত্রণ করা
9-10-biology_secondary-4-62,4,শ্বসন প্রক্রিয়া,কাজ,বিভিন্ন উপ-ক্ষার ও জৈব এসিড সৃষ্টিতে সহায়তা করা
9-10-biology_secondary-4-62,4,শ্বসন প্রক্রিয়া,কাজ,জীবনের অন্যান্য জৈবিক কাজে সহায়তা করা
9-10-biology_secondary-4-64,4,ব্যাকটেরিয়া,কারণ,অবাত শ্বসন করতে পারে
9-10-biology_secondary-4-64,4,ব্যাকটেরিয়া,কারণ,ইথাইল আ্যালকোহল তৈরি করতে পারে
9-10-biology_secondary-4-64,4,ব্যাকটেরিয়া,কারণ,ল্যাকটিক এসিড ফার্মেন্টেশন করতে পারে
9-10-biology_secondary-4-64,4,ব্যাকটেরিয়া,কারণ,দই তৈরি করতে পারে
9-10-biology_secondary-4-64,4,ব্যাকটেরিয়া,কারণ,পনির তৈরি করতে পারে
9-10-biology_secondary-4-64,4,ব্যাকটেরিয়া,কারণ,রুটি তৈরিতে ব্যবহৃত হয়
9-10-biology_secondary-4-64,4,ইস্ট,কারণ,0০ এবং গ্যাস তৈরি করতে পারে
9-10-biology_secondary-4-64,4,ইস্ট,কারণ,গ্যাসের চাপে রুটি ফুলে গিয়ে ভিতরে ফাঁপা হয়
9-10-biology_secondary-4-65,4,থার্মোফ্লাস্ক,কাজ,তাপ নির্গমনের পরীক্ষা
9-10-biology_secondary-4-67,4,ক' থার্মোফ্লাস্কের অঙ্কুরিত ছোলাগুলো,অবস্থান,সজীব থাকায়
9-10-biology_secondary-4-67,4,ক' থার্মোফ্লাস্কের অঙ্কুরিত ছোলাগুলো,কাজ,শ্বসন প্রক্রিয়া অব্যাহত থাকার কারণে
9-10-biology_secondary-4-67,4,ক' থার্মোফ্লাস্কের অঙ্কুরিত ছোলাগুলো,কারণ,তাপ নির্গমনের কারণে
9-10-biology_secondary-4-70,4,চিত্র ঈ সংঘটিত প্রক্রিয়া,কাজ,পরিবেশকে শীতল রাখে
9-10-biology_secondary-4-70,4,চিত্র ঈ সংঘটিত প্রক্রিয়া,কাজ,খাদ্য তৈরিতে ভূমিকা রাখে
9-10-biology_secondary-4-70,4,চিত্র ঈ সংঘটিত প্রক্রিয়া,কাজ,শক্তি উৎপাদনে সহায়তা করে
9-10-biology_secondary-5-102,5,ফরমালিনে ডুবানো মাছ,লক্ষণ,কয়েক দিন বেশ টাটকা
9-10-biology_secondary-5-103,5,কীটনাশক,লক্ষণ,বিষাক্ত খাদ্যের প্রভাবে স্বাস্থ্যবঝুঁকের আশঙ্কা
9-10-biology_secondary-5-103,5,শিশুরাই,কারণ,বিষাক্ত কীটনাশক বিরূপ প্রভাব ফেলে
9-10-biology_secondary-5-103,5,শিশুর,কাজ,মনের বিকাশ ব্যাহত হয়
9-10-biology_secondary-5-103,5,শিশুর,কারণ,নানা রকমের অসুস্থতায় ভূগে থাকে
9-10-biology_secondary-5-105,5,বাণিজ্যিক রং,অবস্থান,"আইসক্রিম, গোলা-আইসক্রিম, শরবত"
9-10-biology_secondary-5-105,5,ফরমালিন,অবস্থান,মর্গে লাশ
9-10-biology_secondary-5-108,5,মানবদেহ,অংশ,অসংখ্য কোষ
9-10-biology_secondary-5-110,5,রাসায়নিক বিক্রিয়া,কাজ,পরিপাকের দ্বিতীয় ধাপ
9-10-biology_secondary-5-110,5,রাসায়নিক বিক্রিয়া,কারণ,পরিপাকের রসের এনজাইম খাদ্যের রাসায়নিক ক্রিয়াকে ত্বরাশ্বিত করতে সাহায্য
9-10-biology_secondary-5-111,5,পরিপাকতন্ত্র,অংশ,পৌস্টিকতন্ত্র
9-10-biology_secondary-5-111,5,খাদ্যদ্রব্য,কাজ,দেহের গ্রহণ উপযোগী উপাদানে পরিণত ও শোষিত হওয়া
9-10-biology_secondary-5-111,5,পৌষ্টিকতন্ত্র,অংশ,পৌষ্টিকনালি
9-10-biology_secondary-5-111,5,পৌষ্টিকতন্ত্র,অংশ,গ্রন্থি
9-10-biology_secondary-5-111,5,পৌষ্টিকনালি,অবস্থান,মুখ থেকে শুরু হয়ে পায়ুতে শেষ হয়
9-10-biology_secondary-5-112,5,পৌন্টিকনালি,অবস্থান,মুখগহ্বর থেকে পায়ুপথ পর্যন্ত
9-10-biology_secondary-5-112,5,পৌন্টিকনালি,অংশ,মুখ
9-10-biology_secondary-5-112,5,পৌন্টিকনালি,অংশ,মুখগহ্বর
9-10-biology_secondary-5-113,5,দাঁত,অবস্থান,মুখের অভ্যন্তরে
9-10-biology_secondary-5-113,5,জিহ্বা,অবস্থান,মুখের অভ্যন্তরে
9-10-biology_secondary-5-113,5,লালাগ্রন্থি,অবস্থান,মুখের অভ্যন্তরে
9-10-biology_secondary-5-113,5,লালাগ্রন্থি,কাজ,চিবিয়ে ছোট ছোট অংশে পরিণত করা
9-10-biology_secondary-5-113,5,জিহ্বা,কাজ,পরোক্ষভাবে চিবিয়ে ছোট ছোট অংশে পরিণত করা
9-10-biology_secondary-5-113,5,লালাগ্রন্থি,অবস্থান,জিহ্বার নিচে
9-10-biology_secondary-5-113,5,লালাগ্রন্থি,অবস্থান,কানের নিচে
9-10-biology_secondary-5-113,5,লালাগ্রন্থি,কারণ,চোয়ালের পাশে
9-10-biology_secondary-5-113,5,লালাগ্রন্থি,কাজ,এনজাইম ক্ষরণ
9-10-biology_secondary-5-113,5,লালাগ্রন্থি,কারণ,টায়ালিন ও মলটেজ নামক এনজাইম শর্করা পরিপাকে অংশ নেয়
9-10-biology_secondary-5-114,5,কর্তন দাঁত,কাজ,খাবার কেটে টুকরা করা
9-10-biology_secondary-5-115,5,ছেদন দাঁত,কাজ,খাবার ছেঁড়া
9-10-biology_secondary-5-115,5,অগ্রপেষণ দাঁত,কাজ,"চর্বণ, পেষণ উভয় কাজ"
9-10-biology_secondary-5-115,5,পেষণ দাঁত,কাজ,খাদ্যবস্তু চর্বণ ও পেষণে ব্যবহৃত
9-10-biology_secondary-5-116,5,মাড়ির আক্কেল দাঁত,পরিমাণ,0-4
9-10-biology_secondary-5-116,5,মানুষের কর্তন দাঁত,পরিমাণ,8৪টি
9-10-biology_secondary-5-116,5,মানুষের ছেদন দাঁত,পরিমাণ,4টি
9-10-biology_secondary-5-116,5,মানুষের অগ্রপেষণ দাঁত,পরিমাণ,8টি
9-10-biology_secondary-5-116,5,মানুষের পেষণ দাঁত,পরিমাণ,8টি
9-10-biology_secondary-5-116,5,দাঁত,অংশ,মুকুট
9-10-biology_secondary-5-116,5,দাঁত,অংশ,মূল
9-10-biology_secondary-5-116,5,দাঁত,অংশ,গ্রীবা
9-10-biology_secondary-5-117,5,ডেন্টিন,অংশ,দাঁত
9-10-biology_secondary-5-117,5,এনামেল,অংশ,দাঁতের মুকুট
9-10-biology_secondary-5-117,5,দন্তমজ্জা,অংশ,ডেন্টিনের ভিতরে
9-10-biology_secondary-5-117,5,দন্তমজ্জা,কাজ,ডেন্টিনে পুষ্টি ও অক্সিজেন সরবরাহ
9-10-biology_secondary-5-118,5,পাতলা আবরণ,অবস্থান,দাঁতের মূল অংশ ডেন্টিনের আবৃত
9-10-biology_secondary-5-118,5,মুখগহ্বর,অবস্থান,মুখগহ্বর
9-10-biology_secondary-5-118,5,মুখগহ্বর,কাজ,খাদ্যবস্তু গলবিলের মধ্য দিয়ে অন্ননালিতে পৌঁছানো
9-10-biology_secondary-5-118,5,গলবিল,অবস্থান,মুখগহ্বরের পরের অংশ
9-10-biology_secondary-5-118,5,খাদ্যবস্তু,অবস্থান,অশ্ননালির মধ্যে
9-10-biology_secondary-5-120,5,অল্প  অংশ,অংশ,পাকস্থলীর পরের অংশ
9-10-biology_secondary-5-120,5,অল্প  অংশ,কারণ,লম্বা প্যাঁচানো নালি
9-10-biology_secondary-5-121,5,স্কুদ্রান্দ্র,অংশ,"ডিওডেনাম, জেজুনাম, ইলিয়াম"
9-10-biology_secondary-5-121,5,আল্দিক গ্রন্থি,অবস্থান,স্ষকুদ্রান্দ্রের গায়ে
9-10-biology_secondary-5-121,5,অংশ,অবস্থান,স্ষকুদ্রান্দ্রের অন্তঃপ্রাচীরে
9-10-biology_secondary-5-121,5,অংশ,কাজ,আঙুলের মতো প্রক্ষেপিত অংশ থাকে
9-10-biology_secondary-5-121,5,ভিলাস,কাজ,আঙুলের মতো প্রক্ষেপিত অংশ থাকে
9-10-biology_secondary-5-122,5,ইলিয়াম,অবস্থান,বৃহদল্ব
9-10-biology_secondary-5-122,5,ইলিয়াম,অংশ,বৃহদন্ত
9-10-biology_secondary-5-122,5,বৃহদন্ত,অংশ,সিকাম
9-10-biology_secondary-5-122,5,বৃহদন্ত,অংশ,কোলন
9-10-biology_secondary-5-122,5,বৃহদন্ত,অংশ,মলাশয়
9-10-biology_secondary-5-122,5,সিকাম,অংশ,আ্যাপেনডিক্স
9-10-biology_secondary-5-122,5,বৃহদন্ত,কাজ,পানি শোষিত হওয়া
9-10-biology_secondary-5-122,5,বৃহদন্ত,কাজ,মল তৈরি করা
9-10-biology_secondary-5-122,5,বৃহদন্ত,কাজ,মল জমার জায়গা হওয়া
9-10-biology_secondary-5-122,5,পায়ু,অবস্থান,পৌস্টিক নালির শেষ প্রান্তে
9-10-biology_secondary-5-123,5,পৌন্টিকগ্রন্থি,কাজ,রস খাদ্য পরিপাকে অংশ নেয়
9-10-biology_secondary-5-123,5,মানবদেহে,অংশ,পিত্তথনি পিত্তনালি দুই কানের সামনে ও নিচে এক জোড়া চোয়ালের নিচে এক জোড়া চিবুকের নিচে
9-10-biology_secondary-5-124,5,সাব-লিঙ্গুয়ালগ্রন্থিী,অবস্থান,পৃথক পৃথক নালির মাধ্যমে
9-10-biology_secondary-5-124,5,লালাগ্রন্থি,অংশ,লালারস
9-10-biology_secondary-5-124,5,লালারস,কারণ,টায়ালিন এবং পানি
9-10-biology_secondary-5-125,5,মধ্যচ্ছদার,অবস্থান,উদরগহ্বরের উপরে পাকস্থলীর ডান পাশে
9-10-biology_secondary-5-125,5,যকৃৎ,অংশ,চারটি অসম্পূর্ণ খণ্ড
9-10-biology_secondary-5-125,5,প্রতিটি খণ্ড,অংশ,ক্ষুদ্র ক্ষুদ্র লোবিউল
9-10-biology_secondary-5-125,5,প্রত্যেকটি লোবিউল,অংশ,অসংখ্য কোষ
9-10-biology_secondary-5-125,5,প্রত্যেকটি কোষ,কাজ,পিত্তরস (৮1169) তৈরি করে
9-10-biology_secondary-5-125,5,যকৃত,কাজ,বিভিন্ন রকম জৈব রাসায়নিক বিক্রিয়া ঘটাতে এবং রসায়ন গবেষণাগার হিসেবে ব্যবহৃত হয়
9-10-biology_secondary-5-126,5,পিত্তথলি,অবস্থান,যকৃতের নিচের অংশ
9-10-biology_secondary-5-126,5,পিত্তথলি,কাজ,পিত্তনালির সাহায্যে অগ্ম্যাশয় নালির সাথে মিলিত হয়
9-10-biology_secondary-5-126,5,পিত্তনালি,কাজ,যকৃৎ-অগ্ম্যাশয় নালির মাধ্যমে ডিওডেনামে প্রবেশ করে
9-10-biology_secondary-5-127,5,যকৃৎ,কাজ,পিত্তরস তৈরি করা
9-10-biology_secondary-5-128,5,পিত্তরস,কাজ,রাখে গ্লাইকোজেন
9-10-biology_secondary-5-128,5,পিত্তরস,কাজ,খাদ্যের অন্নভাব প্রশমিত করে
9-10-biology_secondary-5-128,5,পিত্তরস,কাজ,ক্ষারীয় পরিবেশ সৃষ্টি
9-10-biology_secondary-5-128,5,পিত্তরস,কাজ,খাদ্য পরিপাকের অনুকূল
9-10-biology_secondary-5-128,5,পিত্তরস,কাজ,চর্বিজাতীয় খাদ্যকে ক্ষুদ্র দানায় পরিণত করে
9-10-biology_secondary-5-128,5,পিত্তরস,কাজ,লাইপেজ সহযোগে পরিপাকে সহায়তা করে
9-10-biology_secondary-5-128,5,আ্যামাইনো এসিড,কারণ,আ্যামাইনো এসিড যকৃতে আসার পর
9-10-biology_secondary-5-128,5,আ্যামাইনো এসিড,কাজ,"ইউরিয়া, ইউরিক এসিড ও আ্যামোনিয়ারূপে নাইট্রোজেনঘটিত বর্জ্য পদার্থ তৈরি করে"
9-10-biology_secondary-5-128,5,আ্যামাইনো এসিড,কাজ,ম্নেহজাতীয় পদার্থ শোষণে সাহায্য করে
9-10-biology_secondary-5-128,5,গ্লাইকোজেন,কারণ,রক্তে গুঁকোজের মাত্রা কমে গেলে
9-10-biology_secondary-5-128,5,গ্লাইকোজেন,কাজ,গনলুকোজে পরিণত হয়
9-10-biology_secondary-5-129,5,অগ্ন্যাশয়,অবস্থান,অগ্ন্যাশয় পাকস্থলীর পিছনে
9-10-biology_secondary-5-129,5,অগ্ন্যাশয়,কাজ,পরিপাকে অংশগ্রহণকারী এনজাইম ও রক্তের গ্লুকোজ নিয়ন্ত্রণকারী হরমোন নিঃসৃত করা
9-10-biology_secondary-5-129,5,অগ্ন্যাশয়,কাজ,অর্থাৎ অগ্ন্যাশয় বহিঃক্ষরা ও অন্তঃক্ষরা গ্রন্থির মতো কাজ করা
9-10-biology_secondary-5-129,5,অগ্ন্যাশয়রস,অবস্থান,অগ্ন্যাশয় নালির মাধ্যমে
9-10-biology_secondary-5-129,5,অগ্ন্যাশয়রস,কারণ,ডিওডেনামে প্রবেশ করা
9-10-biology_secondary-5-13,5,পটাশিয়াম,কাজ,উদ্ভিদের বহু জৈবিক ক্রিয়া-বিক্রিয়ায় সহায়ক
9-10-biology_secondary-5-13,5,পটাশিয়াম,কাজ,পত্ররন্ধ খোলা এবং বন্ধ হওয়ার ক্ষেত্রে গুরুত্বপূর্ণ
9-10-biology_secondary-5-13,5,পটাশিয়াম,কাজ,উদ্ভিদের পানি শোষণে সাহায্য
9-10-biology_secondary-5-13,5,পটাশিয়াম,কাজ,কোষবিভাজনের মাধ্যমে উদ্ভিদের বৃদ্ধি নিয়ন্ত্রণ
9-10-biology_secondary-5-13,5,পটাশিয়াম,কাজ,"উদ্ভিদের মূল, ফুল ও ফল উৎপাদন এবং"
9-10-biology_secondary-5-131,5,গ্যাস্ট্রিকগ্রন্থি,অবস্থান,পাকস্থলীর প্রাচীরে
9-10-biology_secondary-5-131,5,গ্যাস্ট্রিকগ্রন্থি,কাজ,"ট্রিপসিন, লাইপেজ, আ্যামাইলেজ নিঃসৃত"
9-10-biology_secondary-5-131,5,গ্যাস্ট্রিকগ্রন্থি,কারণ,গ্যাস্ট্রিক রস বা পাচক রস নামে পরিচিত
9-10-biology_secondary-5-131,5,স্ষুদ্রান্তের প্রাচীরে,অবস্থান,ভিলাইয়ে
9-10-biology_secondary-5-131,5,স্ষুদ্রান্তের প্রাচীরে,কাজ,আন্দ্রিকগ্রন্থি থাকে
9-10-biology_secondary-5-131,5,স্ষুদ্রান্তের প্রাচীরে,কারণ,আন্তরিক রস নামে পরিচিত
9-10-biology_secondary-5-132,5,জৈব রাসায়নিক প্রক্রিয়া,কাজ,"মানুষের পৌন্টিক নালির অভ্যন্তরে জটিল, অদ্রবণীয়, অশোষণযোগ্য খাদ্য উপাদানগুলোকে শোষণযোগ্য এবং দ্রবণীয় সরল উপাদানে পরিণত করা"
9-10-biology_secondary-5-132,5,খাদ্য,অবস্থান,সরল দ্রবণীয় অবস্থায় রূপান্তরিত
9-10-biology_secondary-5-132,5,সরল উপাদান,অবস্থান,কোষ আবরণীর ভিতর দিয়ে অতি সহজে কোষের ভিতরে প্রবেশ করে
9-10-biology_secondary-5-132,5,সরল উপাদান,কাজ,রক্ত দেহের বিভিন্ন অংশে সরবরাহ করে
9-10-biology_secondary-5-133,5,লালা,কাজ,খাদ্যবস্তুকে গলাধঃকরণে সাহায্য করা
9-10-biology_secondary-5-133,5,লালা,অবস্থান,লালাগ্রন্থি থেকে নিঃসৃত
9-10-biology_secondary-5-133,5,টায়ালিন বা স্যালাইভারি আ্যামাইলেজ,অবস্থান,লালায়
9-10-biology_secondary-5-133,5,টায়ালিন বা স্যালাইভারি আ্যামাইলেজ,কাজ,শ্বেতসারকে মলটোজে পরিণত করা
9-10-biology_secondary-5-134,5,খাদ্যদ্রব্য,প্রকার,অন্ননালি
9-10-biology_secondary-5-134,5,খাদ্যদ্রব্য,অবস্থান,খাদ্যদ্রব্য পেরিস্টালসিস প্রক্রিয়ায়
9-10-biology_secondary-5-134,5,পৌস্টিক নালিগাত্র,কারণ,খাদ্যদ্রব্য পাকস্থলীতে প্রবেশ
9-10-biology_secondary-5-134,5,খাদ্যদ্রব্য,কাজ,পাকস্থলীতে প্রবেশ
9-10-biology_secondary-5-134,5,গ্যাস্ট্রিকগ্রন্থি,কারণ,গ্যাস্ট্রিক রস ক্ষরিত হয়
9-10-biology_secondary-5-134,5,গ্যাস্ট্রিক রস,অবস্থান,অন্তঃপ্রাচীরে
9-10-biology_secondary-5-135,5,হাইড্রোক্লোরিক এসিড,কাজ,অনিষ্টকারী ব্যাকটেরিয়া মরাতে এবং পেপসিনোজেনকে পেপসিনে পরিণত করাতে এবং পাকস্থলীতে সুষ্ঠু পেপসিনের কাজের জন্য অল্লীয় পরিবেশ সৃষ্টি করাতে
9-10-biology_secondary-5-137,5,পাকস্থলী,কাজ,খাদ্যদ্রব্য নিঃসৃত করা
9-10-biology_secondary-5-137,5,পাকস্থলী,প্রকার,অবরত সংকোচন ও প্রসারণ
9-10-biology_secondary-5-137,5,খাদ্যমণ্ড,অবস্থান,স্ষুদ্রান্দ্রে
9-10-biology_secondary-5-138,5,ক্ষারীয় পাচকরস,অবস্থান,অগ্ম্যাশয়
9-10-biology_secondary-5-138,5,পাচকরস,কাজ,খাদ্যমণ্ডে অন্পনভাব প্রশমিত করা
9-10-biology_secondary-5-138,5,এনজাইম,কাজ,"খাদ্য, পুষ্টি এবং পরিপাক দিয়ে শর্করা এবং আমিষ পরিপাকের কাজ চলতে থাকা"
9-10-biology_secondary-5-138,5,এনজাইম,কাজ,স্নেহপদার্থের পরিপাক শুরু করা
9-10-biology_secondary-5-139,5,পিত্তরস,অবস্থান,যকৃৎ
9-10-biology_secondary-5-139,5,পিত্তরস,কাজ,পিত্ত-লবণ মেনহপদার্থের ক্ষুদ্র কণাগুলোকে পানির সাথে মিশতে সাহায্যে করা
9-10-biology_secondary-5-139,5,লাইপেজ,কাজ,পিত্ত-লবণের সংস্পর্শে ম্নেহপদার্থকে সাবানের ফেনার মতো স্ষুদ্র ক্ষুদ্র দানায় পরিণত হতে সাহায্য
9-10-biology_secondary-5-139,5,লাইপেজ,কারণ,মেনহপদার্থকে সাবানের ফেনার মতো স্ষুদ্র ক্ষুদ্র দানায় পরিণত হতে সাহায্য
9-10-biology_secondary-5-14,5,ফসফরাস,অংশ,জীবকোষের ঢাব
9-10-biology_secondary-5-14,5,ফসফরাস,অংশ,ঢা 7
9-10-biology_secondary-5-14,5,ফসফরাস,কাজ,গাঠনিক উপাদান
9-10-biology_secondary-5-14,5,আয়রন,অংশ,সাইটোক্রোমের সাংগঠনিক উপাদান
9-10-biology_secondary-5-14,5,আয়রন,কাজ,বায়বীয় শ্বসন উপর নির্ভরশীল
9-10-biology_secondary-5-14,5,আয়রন,কারণ,ক্লোরোফিল সৃষ্টিতে ভূমিকা অপরিসীম
9-10-biology_secondary-5-140,5,আন্তরিক রস,অংশ,"আল্লিক আ্যামাইলেজ, লাইপেজ, মলটেজ, ল্যাকটেজ, সুক্রেজ ইত্যাদি এনজাইম"
9-10-biology_secondary-5-140,5,অগ্যাশয় রস,অংশ,"আ্যামাইলেজ, লাইপেজ, ট্রিপসিন"
9-10-biology_secondary-5-141,5,ভিলাই,অবস্থান,ভাঁজে ভাঁজে
9-10-biology_secondary-5-141,5,ভিলাই,কাজ,ইলিয়ামের প্রাচীরগাত্রের আয়তন বৃদ্ধি করা এবং পরিপাককার্য চলাকর্তৃত্ব দেওয়া
9-10-biology_secondary-5-143,5,লসিকা,কাজ,খাদ্য উপাদান সরবরাহ করে কোষে পৌঁছে দেয় এবং দূষিত পদার্থ সংগ্রহ করে রন্তস্রোতে ফিরে আসে
9-10-biology_secondary-5-143,5,পাকমণ্ডের অবশিষ্টাংশ,অবস্থান,কোলনে
9-10-biology_secondary-5-144,5,খাদ্যের অসার অংশ,অবস্থান,কোলনে পাকমণ্ডে
9-10-biology_secondary-5-144,5,খাদ্যের অসার অংশের সাথে থাকা পানি,অবস্থান,কোলনে পাকমণ্ডে
9-10-biology_secondary-5-144,5,খাদ্যের অসার অংশের সাথে থাকা আমিষ,অবস্থান,কোলনে পাকমণ্ডে
9-10-biology_secondary-5-144,5,খাদ্যের অসার অংশের সাথে থাকা লিপিড,অবস্থান,কোলনে পাকমণ্ডে
9-10-biology_secondary-5-144,5,খাদ্যের অসার অংশের সাথে থাকা লবণ,অবস্থান,কোলনে পাকমণ্ডে
9-10-biology_secondary-5-144,5,খাদ্যের অসার অংশের সাথে থাকা উদ্বৃত্ত এনজাইম,অবস্থান,কোলনে পাকমণ্ডে
9-10-biology_secondary-5-144,5,মল,অবস্থান,মলাশয়ে জমা
9-10-biology_secondary-5-144,5,মল,অবস্থান,পায়ুপথ দিয়ে বের হয়ে আসে
9-10-biology_secondary-5-145,5,আত্তীকরণ,কাজ,শোষিত খাদ্যবস্তুর পরিণত বা রূপান্তর
9-10-biology_secondary-5-145,5,প্রোটোপ্লাজম,কাজ,সরল খাদ্য জটিল উপাদানে পরিণত হওয়া
9-10-biology_secondary-5-145,5,প্রোটোপ্লাজম,কারণ,নিঃসৃত এনজাইমের সহযোগিতায়
9-10-biology_secondary-5-145,5,রক্ত,কারণ,সরল খাদ্য জটিল উপাদানে পরিণত হওয়ার সাহায্য
9-10-biology_secondary-5-145,5,প্রোটোপ্লাজম,কারণ,"আমিষ, স্নেহ এবং শর্করা তৈরি করার সাহায্য"
9-10-biology_secondary-5-145,5,প্রোটোপ্লাজম,কারণ,কোষের ক্ষয়পূরণ ও গঠনে সহায়তা
9-10-biology_secondary-5-146,5,আল্লিক,কারণ,বদহজম
9-10-biology_secondary-5-146,5,বদহজম,কারণ,পাকস্থলীতে সংক্রমণ
9-10-biology_secondary-5-146,5,বদহজম,কারণ,বিষণ্নতা
9-10-biology_secondary-5-146,5,বদহজম,কারণ,অগ্ম্যাশয় রোগ
9-10-biology_secondary-5-146,5,বদহজম,কারণ,থাইরয়েডের সমস্যা
9-10-biology_secondary-5-147,5,অজীর্ণতা,লক্ষণ,পেটের উপরের দিকে ব্যথা
9-10-biology_secondary-5-147,5,অজীর্ণতা,লক্ষণ,পেট ফাঁপা
9-10-biology_secondary-5-147,5,অজীর্ণতা,লক্ষণ,পেট ভরা মনে হওয়া
9-10-biology_secondary-5-147,5,অজীর্ণতা,লক্ষণ,বুক জ্বালা করা
9-10-biology_secondary-5-147,5,অজীর্ণতা,লক্ষণ,বমি বমি ভাব বা বমি হওয়া
9-10-biology_secondary-5-147,5,অজীর্ণতা,লক্ষণ,বুক ব্যথা
9-10-biology_secondary-5-147,5,অজীর্ণতা,লক্ষণ,টক টেকুর উঠা
9-10-biology_secondary-5-147,5,পেপটিক আলসার,কারণ,পাকস্থলী বা অস্ত্রের আলসারের
9-10-biology_secondary-5-149,5,গষধ,কারণ,হার্ট আ্যাটাকও হতে পারে
9-10-biology_secondary-5-150,5,আমাশয় রোগ,লক্ষণ,ঘন ঘন মলত্যাগ
9-10-biology_secondary-5-150,5,আমাশয় রোগ,লক্ষণ,মলের সাথে গ্লেষ্মা বের হওয়া
9-10-biology_secondary-5-150,5,আমাশয় রোগ,লক্ষণ,পেটে ব্যথা
9-10-biology_secondary-5-150,5,আমাশয় রোগ,লক্ষণ,গ্লেষ্মাযুক্ত মলের সাথে রক্ত যাওয়া
9-10-biology_secondary-5-150,5,আমাশয় রোগ,লক্ষণ,দুগ্ধজাত দ্রব্য হজম না হওয়া
9-10-biology_secondary-5-150,5,আমাশয় রোগ,কারণ,মারাত্মক কিছু ঘটতে পারে
9-10-biology_secondary-5-152,5,কোষ্ঠকাঠিন্য,কারণ,পায়খানার বেগ চেপে রাখলে
9-10-biology_secondary-5-152,5,কোষ্ঠকাঠিন্য,কারণ,বৃহদন্ছ্রে অপাচ্য খাদ্যাংশ থেকে অতিমাত্রায় পানি শোষিত হলে
9-10-biology_secondary-5-152,5,কোষ্ঠকাঠিন্য,কারণ,পৌন্টিক নালির মধ্য দিয়ে খাদ্যের অপাচ্য অংশ ধীরে ধীরে গমনে মল থেকে বেশি পানি শোষিত হলে
9-10-biology_secondary-5-152,5,কোষ্ঠকাঠিন্য,কারণ,পরিশ্রম না করলে
9-10-biology_secondary-5-152,5,কোষ্ঠকাঠিন্য,কারণ,আন্দ্রিক গোলযোগে
9-10-biology_secondary-5-152,5,কোষ্ঠকাঠিন্য,কারণ,কোলনের মাংসপেশি স্বাভাবিকের তুলনায় ধীরে ধীরে সংকুচিত হলে
9-10-biology_secondary-5-152,5,কোষ্ঠকাঠিন্য,কারণ,রাফেজ বা আঁশযুক্ত খাবার না খেলে
9-10-biology_secondary-5-153,5,কোষ্ঠকাঠিন্য,কারণ,মল ত্যাগ কষ্টদায়ক হয়
9-10-biology_secondary-5-153,5,কোষ্ঠকাঠিন্য,লক্ষণ,পেটে অস্বস্তিকর অবস্থা
9-10-biology_secondary-5-153,5,কোষ্ঠকাঠিন্য,লক্ষণ,পেট ব্যথা
9-10-biology_secondary-5-153,5,কোষ্ঠকাঠিন্য,লক্ষণ,নানা
9-10-biology_secondary-5-153,5,কোষ্ঠকাঠিন্য,কারণ,পরিপাক নালির টিউমার
9-10-biology_secondary-5-153,5,কোষ্ঠকাঠিন্য,কাজ,চিকিৎসকের শরণাপন্ন হওয়া
9-10-biology_secondary-5-156,5,অদ্লের আধিক্য,অবস্থান,পাকস্থলীতে
9-10-biology_secondary-5-156,5,অদ্লের আধিক্য,কারণ,পাকস্থলী বা অন্ত ক্ষতের সৃষ্টি
9-10-biology_secondary-5-156,5,রবিন ওয়ারেন,কারণ,চিকিৎসাবিজ্ঞানে নোবেল পুরস্কার লাভ
9-10-biology_secondary-5-156,5,ব্যারি মার্শাল,কারণ,চিকিৎসাবিজ্ঞানে নোবেল পুরস্কার লাভ
9-10-biology_secondary-5-156,5,খাদ্যে অনিয়ম,কারণ,পেপটিক আলসার
9-10-biology_secondary-5-156,5,ভাজাপোড়া খাবার খাওয়া,কারণ,পেপটিক আলসার
9-10-biology_secondary-5-156,5,বিষঞ্জতা,কারণ,পেপটিক আলসার
9-10-biology_secondary-5-156,5,উৎকণ্ঠা,কারণ,পেপটিক আলসার
9-10-biology_secondary-5-156,5,নামের একটি ব্যাকটেরিয়া,কারণ,পেপটিক আলসার
9-10-biology_secondary-5-156,5,হাইড্রোক্লোরিক আ্যাসিড,পরিমাণ,৮0 1.5-3.5
9-10-biology_secondary-5-157,5,পেপটিক আলসার রোগ,লক্ষণ,"পেটের ঠিক মাঝ বরাবর, নাভির একটু উপরে একঘেয়ে ব্যথা অনুভূত হয়"
9-10-biology_secondary-5-157,5,পেপটিক আলসার রোগ,লক্ষণ,খালি পেটে বা অতিরিক্ত তেলজাতীয় খাদ্য খেলে ব্যথা বাড়ে
9-10-biology_secondary-5-157,5,পেপটিক আলসার রোগ,লক্ষণ,বমি এবং মলের সাথে রক্তু নির্গত হয়
9-10-biology_secondary-5-159,5,আ্যাপেনডিক্স,অবস্থান,পেটের ডান দিকের নিচে বৃহদন্দ্রের সিকামের সাথে যুক্ত
9-10-biology_secondary-5-159,5,আ্যাপেনডিক্সের সংক্রমণ,কারণ,আ্যাপেনডিসাইটিস
9-10-biology_secondary-5-159,5,আ্যাপেনডিসাইটিস,লক্ষণ,নাভির চারদিকে ব্যথা অনুভব হয়
9-10-biology_secondary-5-159,5,আ্যাপেনডিসাইটিস,লক্ষণ,ব্যথা শুরু হওয়ার কয়েক ঘণ্টার মধ্যে তলপেটের ডান দিকে সরে যায়
9-10-biology_secondary-5-159,5,আ্যাপেনডিসাইটিস,লক্ষণ,স্ষুধামন্দা
9-10-biology_secondary-5-159,5,আ্যাপেনডিসাইটিস,লক্ষণ,বমি
9-10-biology_secondary-5-159,5,আ্যাপেনডিসাইটিস,লক্ষণ,কোষ্ঠকাঠিন্য
9-10-biology_secondary-5-161,5,কৃমি,কারণ,পেটে ব্যথা
9-10-biology_secondary-5-161,5,কৃমি,কারণ,দুর্বলবোধ
9-10-biology_secondary-5-161,5,কৃমি,কারণ,বদহজম
9-10-biology_secondary-5-161,5,কৃমি,কারণ,পেটে অস্বস্তিবোধ
9-10-biology_secondary-5-161,5,কৃমি,কারণ,বমি বমি ভাব
9-10-biology_secondary-5-161,5,কৃমি,কারণ,অনিদ্রা
9-10-biology_secondary-5-161,5,কৃমি,কারণ,খাওয়ায় অরুচি
9-10-biology_secondary-5-161,5,কৃমি,কারণ,রোগীর চেহারা ফ্যাকাশে হওয়া
9-10-biology_secondary-5-161,5,কৃমি,কারণ,রন্তাল্পতা দেখা দেওয়া
9-10-biology_secondary-5-161,5,কৃমি,কারণ,হাত-পা ফুলে যাওয়া
9-10-biology_secondary-5-161,5,কৃমি,কারণ,পেট বড় হয়ে ফুলে উঠা
9-10-biology_secondary-5-163,5,কৃমি,কারণ,খাদ্য কৃমি বিস্তারে সহায়তা করে
9-10-biology_secondary-5-163,5,কাঁচা ফলমূল,কাজ,ধুয়ে খাওয়ার অভ্যাস গড়ে তোলা
9-10-biology_secondary-5-163,5,খাবার,কারণ,হাত ভালোভাবে ধোয়া
9-10-biology_secondary-5-163,5,স্বাস্থ্যসম্মত,কারণ,পায়খানা ব্যবহার করা
9-10-biology_secondary-5-163,5,খালি পায়ে,কারণ,না হাঁটা
9-10-biology_secondary-5-163,5,অল্প সিদ্ধ,কারণ,শাকসবজি বা মাংস না খাওয়া
9-10-biology_secondary-5-169,5,স্যালাইন,অবস্থান,পাতলা পায়খানা বন্ধ না হওয়া পর্যন্ত
9-10-biology_secondary-5-169,5,স্যালাইন,কারণ,রোগীকে স্যালাইন খাওয়াতে হবে
9-10-biology_secondary-5-169,5,শিশু রোগী,কারণ,বুকের দুধ খাওয়াতে হবে
9-10-biology_secondary-5-169,5,রোগী,কারণ,নিয়মিত অন্যান্য খাবারও খেতে হবে
9-10-biology_secondary-5-169,5,ডায়রিয়া,কারণ,সেরে যাওয়ার পরও অন্তত এক সপ্তাহ রোগীকে বাড়তি খাবার দিতে হবে
9-10-biology_secondary-5-17,5,অভাবজনিত লক্ষণ,কারণ,উদ্ভিদের কোনো পুষ্টি উপাদানের অভাব
9-10-biology_secondary-5-179,5,কোলেস্টেরল,প্রকার,বর্ণনা করতে পারব
9-10-biology_secondary-5-179,5,রক্তে অস্বাভাবিকতা,কারণ,ব্যাখ্যা করতে পারব
9-10-biology_secondary-5-179,5,হৃৎপিণ্ড সম্পর্কিত রোগ,লক্ষণ,বিশ্লেষণ করতে পারব
9-10-biology_secondary-5-179,5,হৃৎপিণ্ড সম্পর্কিত রোগ,কারণ,বিশ্লেষণ করতে পারব
9-10-biology_secondary-5-179,5,হৃৎপিণ্ড সম্পর্কিত রোগ,প্রতিরোধ,বিশ্লেষণ করতে পারব
9-10-biology_secondary-5-18,5,ক্লোরোফিল অভাবের,লক্ষণ,পাতার সবুজ রং হালকা হতে হালকা হয় এবং হলুদ হয়ে যায়
9-10-biology_secondary-5-18,5,ক্লোরোফিল অভাবের,লক্ষণ,অন্যান্য বর্ণকণা বা পিগমেন্ট মিলিতভাবে হলুদ দেখায়
9-10-biology_secondary-5-18,5,ক্লোরোফিল অভাবের,লক্ষণ,ক্লোরোসিস
9-10-biology_secondary-5-18,5,ক্লোরোসিসে,কারণ,কোষের বৃদ্ধি এবং বিভাজন হ্রাস পায়
9-10-biology_secondary-5-18,5,ক্লোরোসিসে,কারণ,উদ্ভিদের বৃদ্ধি কমে যায়
9-10-biology_secondary-5-181,5,পানি,পরিমাণ,শতকরা 90 ভাগ
9-10-biology_secondary-5-181,5,পানি,কারণ,ফ্লুইড অফ লাইফ বলা হয়ে থাকে
9-10-biology_secondary-5-181,5,পানির পরিমাণ,কারণ,প্রোটোপ্লাজম সংকুচিত হয়ে অকার্যকর পর্যন্ত হতে পারে
9-10-biology_secondary-5-181,5,পানির অভাব,কারণ,উদ্ভিদের বিপাকীয় বিক্রিয়া বন্ধ হয়ে যাবে
9-10-biology_secondary-5-185,5,কলয়েড জাতীয় শুকনা বা আধা শুকনা পদার্থ,কাজ,তরল পদার্থ শুষে নেয়
9-10-biology_secondary-5-185,5,সেলুলোজ,প্রকার,হাইড্রোফিলিক পদার্থ
9-10-biology_secondary-5-185,5,স্টার্চ,প্রকার,হাইড্রোফিলিক পদার্থ
9-10-biology_secondary-5-185,5,জিলাটিন,প্রকার,হাইড্রোফিলিক পদার্থ
9-10-biology_secondary-5-185,5,কাঠের খণ্ডটি,কারণ,ইমবাইবিশন প্রক্রিয়ায় পানি শোষণ করে স্ফীত হয়ে ওঠে
9-10-biology_secondary-5-188,5,মেসোফিল টিস্যু,কারণ,পাতার পানির ঘাটতি
9-10-biology_secondary-5-188,5,মেসোফিল টিস্যু,কাজ,পানি টেনে নেয়
9-10-biology_secondary-5-19,5,ফসফরাসের অভাব,লক্ষণ,পাতা বেগুনি হয়ে যায়
9-10-biology_secondary-5-19,5,ফসফরাসের অভাব,লক্ষণ,মৃত অঞ্চল সৃষ্টি হয়
9-10-biology_secondary-5-19,5,ফসফরাসের অভাব,লক্ষণ,"পাতা, ফুল ও ফল ঝরে যেতে পারে"
9-10-biology_secondary-5-19,5,ফসফরাসের অভাব,লক্ষণ,উদ্ভিদের বৃদ্ধি বন্ধ হয়ে যায়
9-10-biology_secondary-5-19,5,ফসফরাসের অভাব,লক্ষণ,উদ্ভিদ খর্বাকার হয়
9-10-biology_secondary-5-190,5,অভিপ্রবণ,কারণ,দ্রাবকের ব্যাপন
9-10-biology_secondary-5-20,5,পটাশিয়ামের অভাব,লক্ষণ,পাতার শীর্ষ এবং কিনারা হলুদ হয় এবং মৃত অঞ্চল সৃষ্টি হয়
9-10-biology_secondary-5-20,5,পটাশিয়ামের অভাব,লক্ষণ,পাতার শিরার মধ্যবর্তী স্থানে ক্লোরোসিস হয়ে হলুদবর্ণ ধারণ করে
9-10-biology_secondary-5-20,5,পটাশিয়ামের অভাব,লক্ষণ,পাতার কিনারায় পুড়ে যাওয়া সদৃশ বাদামি রং দেখা যায় এবং পাতা কুঁকড়ে আসে
9-10-biology_secondary-5-20,5,পটাশিয়ামের অভাব,লক্ষণ,উদ্ভিদের বৃদ্ধি কম হয়
9-10-biology_secondary-5-20,5,পটাশিয়ামের অভাব,লক্ষণ,শীর্ষ ও পার্শ্ব মুকুল মরে যায়
9-10-biology_secondary-5-20,5,পটাশিয়ামের অভাব,লক্ষণ,"খাদ্য, পুষ্টি এবং পরিপাক"
9-10-biology_secondary-5-21,5,উদ্ভিদের বর্ধনশীল শীর্ষ অঞ্চল,লক্ষণ,মরে যায়
9-10-biology_secondary-5-21,5,পাতার কিনারা বরাবর অঞ্চলগুলো,লক্ষণ,মরে যায়
9-10-biology_secondary-5-21,5,পাতা,লক্ষণ,কুঁকড়ে যায়
9-10-biology_secondary-5-21,5,ফুল ফোটার সময় উদ্ভিদের কাণ্ড,লক্ষণ,শুকিয়ে যায়
9-10-biology_secondary-5-21,5,উদ্ভিদ,লক্ষণ,হঠাৎ নেতিয়ে পড়ে
9-10-biology_secondary-5-22,5,ম্যাগনেসিয়ামের অভাব,লক্ষণ,সবুজ রং হালকা হয়ে যায় এবং সালোকসংশ্লেষণের হার কমে যায়
9-10-biology_secondary-5-22,5,ম্যাগনেসিয়ামের অভাব,লক্ষণ,তুলনামূলকভাবে ক্লোরোসিস হয় মধ্যবতী স্থানে
9-10-biology_secondary-5-22,5,লৌহের অভাব,লক্ষণ,পাতার রং হালকা হয়ে যায়
9-10-biology_secondary-5-22,5,লৌহের অভাব,লক্ষণ,পাতার সরু শিরার মধ্যবতী স্থানে প্রথম হালকা হয় এবং ক্লোরোসিস হয়
9-10-biology_secondary-5-22,5,লৌহের অভাব,লক্ষণ,সম্পূর্ণ পাতা বিবর্ণ হয়ে যায়
9-10-biology_secondary-5-22,5,লৌহের অভাব,লক্ষণ,কাণ্ড দুর্বল এবং ছোট হয়
9-10-biology_secondary-5-23,5,সালফার,কারণ,পাতা হালকা সবুজ হওয়া
9-10-biology_secondary-5-23,5,সালফার,কারণ,পাতায় লাল ও বেগুনি দাগ দেখা যাওয়া
9-10-biology_secondary-5-23,5,সালফারের অভাব,কারণ,কচি পাতায় বেশি ক্লোরোসিস হওয়া
9-10-biology_secondary-5-23,5,সালফারের অভাব,কারণ,বয়োবৃদ্ধ পাতায় কম ক্লোরোসিস হওয়া
9-10-biology_secondary-5-23,5,সালফারের অভাব,কারণ,"মূল, কাণ্ড এবং পাতার শীর্ষ ছোট হওয়া"
9-10-biology_secondary-5-23,5,সালফারের অভাব,কারণ,গাছ খর্বাকৃতির হওয়া
9-10-biology_secondary-5-24,5,বোরন,অবস্থান,কোষপ্রাচীরের কাঠামোর মধ্যে
9-10-biology_secondary-5-24,5,বোরন,কারণ,পর্যাপ্ত দৃঢ়তা না পেয়ে এবং বিপাকে গোলযোগ হওয়া
9-10-biology_secondary-5-25,5,খাদ্য,কাজ,দেহে তাপ এবং শত্তি তৈরি
9-10-biology_secondary-5-25,5,খাদ্য,কাজ,জীবকোষে জারিত হয়ে
9-10-biology_secondary-5-25,5,খাদ্য,কাজ,শত্তি প্রয়োজন
9-10-biology_secondary-5-26,5,খাদ্য উপাদান,সংজ্ঞা,রাসায়নিক বস্তু
9-10-biology_secondary-5-26,5,খাদ্য উপাদান,কারণ,পুষ্টি
9-10-biology_secondary-5-26,5,খাদ্যের উপাদান,কাজ,খাদ্য হিসেবে শ্রেণিভুক্ত করা
9-10-biology_secondary-5-26,5,খাদ্যবস্তু,অংশ,তিন ভাগ
9-10-biology_secondary-5-27,5,আমিষ,কাজ,দেহের বৃদ্ধিসাধন এবং ক্ষয়পূরণ
9-10-biology_secondary-5-27,5,শর্করা,কাজ,দেহে শক্তি উৎপাদন
9-10-biology_secondary-5-27,5,স্নেহ ও চর্বিজাতীয় খাদ্য,কাজ,দেহে তাপ এবং শত্তি উৎপাদন
9-10-biology_secondary-5-28,5,পানি,কাজ,দেহে পানি এবং তাপের সমতা রক্ষা করে
9-10-biology_secondary-5-28,5,পানি,কাজ,কোষের কার্যাদি নিয়ন্ত্রণ করে
9-10-biology_secondary-5-28,5,পানি,কাজ,রন কোষ ও তার অঙ্গাণুগুলোকে ধারণ করে
9-10-biology_secondary-5-29,5,রাফেজ,কাজ,পানি শোষণ
9-10-biology_secondary-5-29,5,রাফেজ,কাজ,মলের পরিমাণ বৃদ্ধি
9-10-biology_secondary-5-29,5,রাফেজ,কাজ,বৃহদন থেকে মল নিষ্কাশনে সাহায্য
9-10-biology_secondary-5-30,5,আমিষ,পরিমাণ,শতকরা 16 ভাগ নাইট্রোজেন
9-10-biology_secondary-5-30,5,আমিষ,কারণ,গুরুত্ব শর্করা ও স্নেহ পদার্থ থেকে আলাদা করার
9-10-biology_secondary-5-30,5,আমিষ,কারণ,শরীরে নাইট্রোজেন সরবরাহ করার
9-10-biology_secondary-5-33,5,শর্করা,কাজ,শরীরে কাজ করার শত্তি যোগায়
9-10-biology_secondary-5-34,5,শর্করা,প্রকার,এক শর্করা
9-10-biology_secondary-5-34,5,শর্করা,প্রকার,দ্বি-শর্করা
9-10-biology_secondary-5-34,5,শর্করা,প্রকার,শর্করা
9-10-biology_secondary-5-36,5,চর্বি,কাজ,তাপ উৎপাদন
9-10-biology_secondary-5-36,5,চর্বি,অবস্থান,পাকস্থলীতে
9-10-biology_secondary-5-36,5,চর্বি,অবস্থান,ত্বকের নিচে
9-10-biology_secondary-5-36,5,চর্বি,অবস্থান,যকৃৎ
9-10-biology_secondary-5-36,5,চর্বি,অবস্থান,মস্তিষ্ক
9-10-biology_secondary-5-36,5,চর্বি,অবস্থান,মাংস পেশি
9-10-biology_secondary-5-36,5,চর্বি,কাজ,উপবাসের সময় কাজে লাগা
9-10-biology_secondary-5-36,5,খাবার তেল বা ঘি,কাজ,খাবার সুস্বাদু করা
9-10-biology_secondary-5-36,5,খাবার তেল বা ঘি,কাজ,খাবার পুষন্টিমান বেড়ানো
9-10-biology_secondary-5-40,5,চর্বিতে দ্রবণীয় ভিটামিন,প্রকার,ভিটামিন /
9-10-biology_secondary-5-40,5,চর্বিতে দ্রবণীয় ভিটামিন,প্রকার,ভিটামিন &
9-10-biology_secondary-5-40,5,চর্বিতে দ্রবণীয় ভিটামিন,প্রকার,ভিটামিন 7
9-10-biology_secondary-5-41,5,ভিটামিন চ,প্রতিরোধ,ভিটামিন ঢ এবং 1
9-10-biology_secondary-5-43,5,খনিজ লবণ,অবস্থান,দেহ গঠন ও দেহের অভ্যন্তরীণ কাজ নিয়ন্দ্রণ
9-10-biology_secondary-5-43,5,খনিজ লবণ,কাজ,"হাড়, দাঁত, পেশি, এনজাইম এবং হরমোন গঠন"
9-10-biology_secondary-5-43,5,খনিজ লবণ,কারণ,"স্নায়ুর উদ্দীপনা, পেশি সংকোচন, দেহকোষে পানির সাম্যতা বজায় রাখা, অল্প ও ক্ষারের সমতাবিধান"
9-10-biology_secondary-5-45,5,দেহের গঠন,অবস্থান,দেহকোষের গঠন এবং প্রতিপালন
9-10-biology_secondary-5-45,5,পূর্ণবয়স্ক মানুষের দৈহিক ওজন,পরিমাণ,পানির 50%-65%
9-10-biology_secondary-5-48,5,সেলুলোজ,কাজ,উদ্ভিদের কাঠামো তৈরি
9-10-biology_secondary-5-48,5,লিগনিন,কাজ,উদ্ভিদের কাঠামো তৈরি
9-10-biology_secondary-5-48,5,হাড়,কাজ,মানবদেহের কাঠামো তৈরি
9-10-biology_secondary-5-48,5,রাফেজ,কাজ,পানি শোষণ
9-10-biology_secondary-5-48,5,রাফেজ,কাজ,মলের পরিমাণ বৃদ্ধি
9-10-biology_secondary-5-48,5,রাফেজ,কাজ,বৃহদন্তর থেকে মল নিষ্কাশনে সাহায্য
9-10-biology_secondary-5-48,5,রাফেজযুক্ত খাবার,কারণ,খাদ্যনালির ক্যাঙ্গারের আশঙ্কা হ্রাস
9-10-biology_secondary-5-48,5,আঁশযুক্ত খাবার,কারণ,স্থূলতা হ্রাস
9-10-biology_secondary-5-48,5,আঁশযুক্ত খাবার,কারণ,ক্ষুধাপ্রবণতা হ্রাস
9-10-biology_secondary-5-48,5,আঁশযুক্ত খাবার,কারণ,চর্বি জমার প্রবণতা হ্রাস
9-10-biology_secondary-5-50,5,শর্করা,অবস্থান,সবচেয়ে নিচে
9-10-biology_secondary-5-50,5,চর্বিজাতীয় খাদ্য,অবস্থান,সবচেয়ে উপরে
9-10-biology_secondary-5-51,5,খাবার তালিকা,অবস্থান,৫.৪ নং চিত্রে পিরামিডের আকারে
9-10-biology_secondary-5-51,5,খাদ্য পিরামিড,অবস্থান,আমাদের প্রতিদিনের খাবারে
9-10-biology_secondary-5-55,5,খাদ্যের তালিকা,অবস্থান,অন্তর্ভুন্ত
9-10-biology_secondary-5-55,5,খাদ্যের তালিকা,কাজ,সুষম খাদ্যের পরিকল্পনা
9-10-biology_secondary-5-6,5,অত্যাবশ্যকীয় উপাদান,কাজ,"বৃদ্ধি, শারীরবৃত্তীয় কাজ, প্রজনন"
9-10-biology_secondary-5-6,5,অত্যাবশ্যকীয় উপাদান,লক্ষণ,লক্ষণ
9-10-biology_secondary-5-62,5,গলগণ্ড,কারণ,আয়োডিনের অভাব
9-10-biology_secondary-5-62,5,গলগণ্ড,কারণ,খাবারে আয়োডিনের অভাব
9-10-biology_secondary-5-62,5,গলগণ্ড,কারণ,সমুদ্র থেকে দূরে উত্তরবঙ্গ এবং পার্বত্য এলাকার মাটিতে আয়োডিন কম
9-10-biology_secondary-5-64,5,জেরোফথ্যালমিয়ার চোখের সংবেদী রড কোষ,কারণ,ক্ষতিগ্রস্ত হয়
9-10-biology_secondary-5-66,5,ভিটামিন ॥ সমৃদ্ধ খাদ্য,প্রতিরোধ,রোগ
9-10-biology_secondary-5-67,5,রোগ,কারণ,ভিটামিন 7 এর অভাব
9-10-biology_secondary-5-71,5,রক্তশূন্যতা,অবস্থান,দেহের এমন একটি অবস্থা
9-10-biology_secondary-5-71,5,লৌহ,কারণ,রক্তস্বল্পতা দেখা যায়
9-10-biology_secondary-5-71,5,ফলিক আ্যাসিড,কারণ,রক্তস্বল্পতা দেখা যায়
9-10-biology_secondary-5-71,5,ভিটামিন বি-12,কারণ,রক্তস্বল্পতা দেখা যায়
9-10-biology_secondary-5-71,5,রক্তস্বল্পতা,কারণ,পুষ্টি উপাদানের ঘাটতি না হয়েও হতে পারে
9-10-biology_secondary-5-71,5,লৌহের ঘাটতি,কারণ,রক্তস্বল্পতা বেশি হতে পারে
9-10-biology_secondary-5-71,5,শিশুদের,অবস্থান,রক্তস্বল্পতা বেশি হয়
9-10-biology_secondary-5-71,5,প্রজননের উপযুক্ত বয়সী নারীদের,অবস্থান,15-45 বছর
9-10-biology_secondary-5-71,5,গর্ভবতীদের,অবস্থান,রক্তস্বল্পতা বেশি হয়
9-10-biology_secondary-5-71,5,লৌহের ঘাটতি,কারণ,রক্তস্বল্পতা বেশি হতে পারে
9-10-biology_secondary-5-72,5,লৌহের অভাব,অবস্থান,অন্তরে
9-10-biology_secondary-5-72,5,লৌহের অভাব,কারণ,রক্তশূন্যতা
9-10-biology_secondary-5-72,5,রক্তশূন্যতা,লক্ষণ,দুর্বলতা অনুভব করা
9-10-biology_secondary-5-72,5,রক্তশূন্যতা,লক্ষণ,মাথাব্যথা
9-10-biology_secondary-5-72,5,রক্তশূন্যতা,লক্ষণ,মনমরা
9-10-biology_secondary-5-76,5,মাংসপেশি,কাজ,চলনে সাহায্য
9-10-biology_secondary-5-78,5,খাদ্য শক্তি পরিমাপের একক,পরিমাণ,৫.৪.১
9-10-biology_secondary-5-80,5,খাদ্য ক্যালরি,পরিমাণ,১ কিলোক্যালরি
9-10-biology_secondary-5-85,5,দৈনিক প্রয়োজন,পরিমাণ,২০০০ কিলোক্যালরি
9-10-biology_secondary-5-86,5,বিএমআর ও বিএমআই,কাজ,শরীরের সুস্থতা এবং স্থূলতার নির্ণয়
9-10-biology_secondary-5-87,5,নারীর বিএমআর,পরিমাণ,655 + (9.6 * 94) + (1.8 * 165) - (4.7 * 33)
9-10-biology_secondary-5-87,5,ছেলেদের বিএমআর,পরিমাণ,66 + (13.7 * 94) + (5 * 165) - (6.8 * 33)
9-10-biology_secondary-5-9,5,মাইক্রোনিউট্রিয়েন্ট,প্রকার,7 টি
9-10-biology_secondary-5-9,5,মাইক্রোনিউট্রিয়েন্ট,কারণ,দস্তা বা জিংক (710)
9-10-biology_secondary-5-9,5,মাইক্রোনিউট্রিয়েন্ট,কারণ,ম্যাংগানিজ (410)
9-10-biology_secondary-5-9,5,মাইক্রোনিউট্রিয়েন্ট,কারণ,মোলিবডেনাম (040)
9-10-biology_secondary-5-9,5,মাইক্রোনিউট্রিয়েন্ট,কারণ,বোরন (8)
9-10-biology_secondary-5-9,5,মাইক্রোনিউট্রিয়েন্ট,কারণ,তামা বা কপার (দস)
9-10-biology_secondary-5-9,5,মাইক্রোনিউট্রিয়েন্ট,কারণ,ক্লোরিন (0)
9-10-biology_secondary-5-9,5,মাইক্রোনিউট্রিয়েন্ট,কারণ,লৌহ (৮6)
9-10-biology_secondary-5-90,5,বিএমআর,অবস্থান,শরীরের 60 থেকে 75 ভাগ
9-10-biology_secondary-5-90,5,বিএমআর,কাজ,শক্তির উৎপাদন নিয়ন্ত্রণ
9-10-biology_secondary-5-90,5,খাদ্য,পরিমাণ,মাত্র 10-20 শতাংশ
9-10-biology_secondary-5-90,5,শারীরিক শ্রম,পরিমাণ,20 থেকে 30 শতাংশ
9-10-biology_secondary-5-91,5,বিএমআই,সংজ্ঞা,দেহের ওজন (কেজি)/ দেহের উচ্চতা (মিটার)
9-10-biology_secondary-5-91,5,বিএমআই,পরিমাণ,18.5-24.9
9-10-biology_secondary-5-91,5,বিএমআই,পরিমাণ,18.5-এর নিচে
9-10-biology_secondary-5-92,5,25-29.9 শরীরের ওজন,কাজ,অতিরিক্ত ওজন কমানো প্রয়োজন
9-10-biology_secondary-5-92,5,30-34.9 শরীরের ওজন,কাজ,বেছে খাদ্যগ্রহণ ও ব্যায়াম করা প্রয়োজন
9-10-biology_secondary-5-92,5,35-39.9 শরীরের ওজন,কাজ,পরিমিত খাদ্যগ্রহণ ও ব্যায়াম করা প্রয়োজন
9-10-biology_secondary-5-92,5,40 এর উপরে শরীরের ওজন,কাজ,মৃত্যুঝুকির আশঙ্কা ও ডাক্তারের পরামর্শের প্রয়োজন
9-10-biology_secondary-5-95,5,ইন্টারনেট আসন্তি,কারণ,খুবই কম হাঁটাচলা কিংবা দৌড়া দৌড়ি করা
9-10-biology_secondary-5-96,5,শরীরচর্চা,অংশ,জীববিজ্ঞান
9-10-biology_secondary-5-97,5,খাদ্য সংরক্ষণ,কাজ,খাদ্যের পচন রোধ করে
9-10-biology_secondary-5-97,5,খাদ্য সংরক্ষণ,কাজ,খাদ্যের গুণাগুণ রাসায়নিক পদার্থের ব্যবহার দ্বারা গ্রহণযোগ্যতা বজায় রাখে
9-10-biology_secondary-5-97,5,খাদ্য সংরক্ষণ,কারণ,পচনসৃষ্টিকারী ব্যাকটেরিয়া ও ছত্রাকের সংক্রমণ বন্ধ করা
9-10-biology_secondary-5-97,5,খাদ্য সংরক্ষণ,কারণ,খাদ্যের চর্বিজাতীয় অংশের জারণ বন্ধ করা
9-10-biology_secondary-6-102,6,স্বাভাবিক সিস্টোলিক চাপ,পরিমাণ,১২০ মিলিমিটার পারদের নিচে
9-10-biology_secondary-6-102,6,স্বাভাবিক ডায়াস্টোলিক চাপ,পরিমাণ,৮০ মিলিমিটার পারদের নিচে
9-10-biology_secondary-6-103,6,উচ্চ রক্তচাপ,কারণ,বাবা বা মায়ের উচ্চ রক্তচাপ
9-10-biology_secondary-6-103,6,উচ্চ রক্তচাপ,কারণ,স্নায়বিক চাপে বেশি ভোগ ও ধূমপানের অভ্যাস
9-10-biology_secondary-6-103,6,উচ্চ রক্তচাপ,কারণ,দেহের ওজন বেশি বেড়ে গেলে লবণ এবং চর্বিযুক্ত খাদ্য বেশি খেলা
9-10-biology_secondary-6-103,6,উচ্চ রক্তচাপ,কারণ,পরিবারের সদস্যদের ডায়াবেটিস বা কোলেস্টেরলের পূর্ব ইতিহাস
9-10-biology_secondary-6-103,6,উচ্চ রক্তচাপ,কারণ,খিঁচুনি রোগের কারণে মায়ের রক্তচাপ বৃদ্ধি
9-10-biology_secondary-6-107,6,উচ্চ রক্তচাপের প্রতিকার,কারণ,টাটকা ফল এবং শাক-সবজি খাওয়ার অভ্যাস করা
9-10-biology_secondary-6-107,6,উচ্চ রক্তচাপের প্রতিকার,কারণ,দেহের ওজন নিয়ন্ত্রণে রেখে শারীরিক পরিশ্রম করা বা ব্যায়াম করা
9-10-biology_secondary-6-107,6,উচ্চ রক্তচাপের প্রতিকার,কারণ,ধূমপান ত্যাগ করা
9-10-biology_secondary-6-108,6,রক্তচাপের মাত্রা,কারণ,"কর্মতৎপরতা, স্বাস্থ্য, বয়স এবং রোগের কারণ"
9-10-biology_secondary-6-109,6,কোলেস্টেরল হাইড্রোকার্বন কোলেস্টেইন,অংশ,কোলেস্টেরল লিপোপ্রোটিন
9-10-biology_secondary-6-109,6,লিপোপ্রোটিন,অবস্থান,রক্তে
9-10-biology_secondary-6-109,6,রক্তে,পরিমাণ,৩ ধরনের লিপোপ্রোটিন
9-10-biology_secondary-6-109,6,কোলেস্টেরল,কারণ,হৃদরোগের ঝুঁকি বাড়ায়
9-10-biology_secondary-6-11,6,অভিন্রবণ,কাজ,উদ্ভিদ মাটি থেকে মূল দিয়ে পানি শোষণ
9-10-biology_secondary-6-11,6,মূলরোম,কাজ,পানি শোষণ
9-10-biology_secondary-6-11,6,উদ্ভিদ,কাজ,মাটি থেকে খনিজ পুষ্টি শোষণ
9-10-biology_secondary-6-11,6,কোষরস,সংজ্ঞা,কোষের ভিতরকার পানি এবং পানিতে দ্রবীভূত খনিজ লবণ
9-10-biology_secondary-6-111,6,অধিক মাত্রার কোলেস্টেরল,অবস্থান,খাদ্যে
9-10-biology_secondary-6-112,6,হৃৎপিণ্ডের করোনারি ধমনিগাত্রে,কারণ,ধমনিতে স্বাভাবিক র্তুপ্রবাহে বিঘ্ন ঘটে
9-10-biology_secondary-6-112,6,হৃৎপিণ্ড,কাজ,অক্সিজেন এবং খাদ্যসার সরবরাহ
9-10-biology_secondary-6-112,6,হৃৎপিণ্ড,অবস্থান,হৃৎপিণ্ডে
9-10-biology_secondary-6-112,6,বুকে,লক্ষণ,ব্যথা অনুভূত হয়
9-10-biology_secondary-6-112,6,ধমনির গায়ে,কারণ,ধমনির র্তপ্রবাহ বাধাগ্রস্ত হয়
9-10-biology_secondary-6-114,6,কোলেস্টেরল কোষপ্রাচীর,কাজ,তৈরি এবং রক্ষার
9-10-biology_secondary-6-114,6,কোলেস্টেরল,কাজ,হরমোন এনড্রোজেন ও ইস্ট্রোজেন তৈরিতে সাহায্য
9-10-biology_secondary-6-114,6,কোলেস্টেরল,কাজ,পিত্ত তৈরি
9-10-biology_secondary-6-118,6,লোহিত রক্তকোষ,কাজ,সরবরাহের কাজ
9-10-biology_secondary-6-118,6,লিউকেমিয়া,কারণ,অস্বাভাবিক শ্বেত রক্তকোষের বৃদ্ধি
9-10-biology_secondary-6-118,6,রোগী,লক্ষণ,দুর্বল বোধ
9-10-biology_secondary-6-118,6,রোগী,লক্ষণ,ফ্যাকাশে হওয়া
9-10-biology_secondary-6-118,6,রোগী,লক্ষণ,শ্বাসকষ্ট
9-10-biology_secondary-6-118,6,দেহ,লক্ষণ,অস্বাভাবিক রক্তক্ষরণ
9-10-biology_secondary-6-118,6,দেহ,লক্ষণ,লাল বর্ণের দাগ
9-10-biology_secondary-6-118,6,পায়ের গিঁটে,লক্ষণ,ব্যথা
9-10-biology_secondary-6-118,6,লিউকেমিয়ায় আক্রান্ত ব্যক্তি,লক্ষণ,বিভিন্ন রোগজীবাণু দ্বারা আক্রান্ত হন
9-10-biology_secondary-6-118,6,রক্ত,লক্ষণ,দীর্ঘমেয়াদি জ্বর
9-10-biology_secondary-6-118,6,লসিকা গ্রন্থি,লক্ষণ,ফুলে যেতে পারে
9-10-biology_secondary-6-121,6,হার্ট আ্যাটাক,কারণ,চর্বি জমে রক্ত চলাচলে ব্যাঘাত সৃষ্টি
9-10-biology_secondary-6-121,6,হার্ট আ্যাটাক,কারণ,প্রাণঘাতী রোগ
9-10-biology_secondary-6-121,6,হৃৎপিণ্ড,কাজ,রক্তের মাধ্যমে অক্সিজেন এবং খাবারের সারবস্তু পৌঁছান
9-10-biology_secondary-6-121,6,হৃৎপিণ্ড,অংশ,তিনটি প্রধান রক্তনালি
9-10-biology_secondary-6-122,6,রোগ,কারণ,দেহের ওজন বেড়ে যাওয়া
9-10-biology_secondary-6-122,6,রোগ,কারণ,রক্তে গ্লুকোজের মাত্রা অনিয়ন্ত্রিত থাকা
9-10-biology_secondary-6-122,6,রোগ,কারণ,অস্বাস্থ্যকর খাদ্যাভ্যাস
9-10-biology_secondary-6-122,6,রোগ,কারণ,অলস জীবনযাপন
9-10-biology_secondary-6-122,6,রোগ,কারণ,শারীরিক পরিশ্রম না করা
9-10-biology_secondary-6-122,6,রোগ,কারণ,"হতাশা, দুশ্চিন্তাগ্রস্ত ও বিমর্ষ থাকা"
9-10-biology_secondary-6-125,6,স্ট্রেপটোকক্কাস,লক্ষণ,"জ্বর, টনসিলের প্রদাহ অথবা মধ্যকর্ণের সংককামক রোগ"
9-10-biology_secondary-6-125,6,হৃৎপিণ্ড,অবস্থান,হৃৎপেশি এবং হৃৎপিণ্ডের কপাটিকা বা ভালভ
9-10-biology_secondary-6-125,6,হৃৎপিণ্ড,কারণ,হৃৎপিণ্ড যদি এ রোগে পূর্ণভাবে আক্রান্ত নাও হয়
9-10-biology_secondary-6-125,6,হৃৎপিণ্ড,কারণ,হৃৎপেশি এবং হৃৎপিণ্ডের কপাটিকা বা ভালভ অনেক সময় ক্ষতিগ্রস্ত হয়
9-10-biology_secondary-6-128,6,হৃৎপিণ্ড,কাজ,মানুষের বাঁচা-মরায়
9-10-biology_secondary-6-128,6,হৃৎপিণ্ড,অবস্থান,ভূমিষ্ঠ
9-10-biology_secondary-6-128,6,হৃৎপিণ্ড,কাজ,সঠিক জীবনধারা এবং খাদ্য নির্বাচন
9-10-biology_secondary-6-128,6,তেল বা চর্বিজাতীয় খাদ্য,কারণ,হৃৎপিণ্ডের কার্যক্কমকে ব্যাহত করা
9-10-biology_secondary-6-128,6,রক্তের কোলেস্টেরল,প্রতিরোধ,হৃৎপিণ্ডের রন্তনালিতে প্রতিবন্ধকতা সৃষ্টি করা
9-10-biology_secondary-6-129,6,মাদক সেবন,কারণ,হৃৎপিণ্ডের ক্রিয়া ও হৃৎস্পন্দন সাধারণ মান থেকে বৃদ্ধি পায়
9-10-biology_secondary-6-129,6,মাদকসেবী,কারণ,তার হৃৎপিণ্ডের অনেক ক্ষতি হয়
9-10-biology_secondary-6-129,6,সিগারেটের তামাক,কারণ,হৃৎপেশির ক্ষতি করে
9-10-biology_secondary-6-129,6,সঠিক খাদ্য নির্বাচন,কারণ,হৃৎপিন্ডকে সুস্থ রাখা যায়
9-10-biology_secondary-6-129,6,মেদ সৃষ্টিকারী খাদ্য,কারণ,হৃৎপিন্ডকে সুস্থ রাখা যায়
9-10-biology_secondary-6-129,6,সুষম খাদ্য গ্রহণ,কারণ,হৃৎপিন্ডকে সুস্থ রাখা যায়
9-10-biology_secondary-6-129,6,প্রতিদিন পরিমিত ব্যায়াম,কারণ,সুস্থ জীবন লাভ করা যায়
9-10-biology_secondary-6-129,6,হাঁটা-চলার মাধ্যমে,কারণ,সুস্থ জীবন লাভ করা যায়
9-10-biology_secondary-6-134,6,জীবের,কাজ,গ্যাসীয় বিনিময়
9-10-biology_secondary-6-16,6,উদ্ভিদের কোষ,কাজ,শত্তির যোগান দেয়
9-10-biology_secondary-6-16,6,ফল,অংশ,খাদ্য জমা থাকে
9-10-biology_secondary-6-16,6,বীজ,অংশ,খাদ্য জমা থাকে
9-10-biology_secondary-6-16,6,কাণ্ড,অংশ,খাদ্য জমা থাকে
9-10-biology_secondary-6-16,6,মূল,অংশ,খাদ্য জমা থাকে
9-10-biology_secondary-6-16,6,পাতা,অংশ,খাদ্য জমা থাকে
9-10-biology_secondary-6-18,6,ফ্লোয়েম,কাজ,খাদ্য চলাচলে দ্রুত ও কার্যকর পরিবহণব্যবস্থা থাকার দরকার
9-10-biology_secondary-6-18,6,সিভনল,কারণ,পাতলা প্রাচীরযুক্ত কেন্দ্রিকাবিহীন কোষ
9-10-biology_secondary-6-18,6,সিভনল,কারণ,দুটো কোষের মধ্যবর্তী অনুপ্রস্থ প্রাচীর
9-10-biology_secondary-6-18,6,সিভনল,কারণ,খাদ্যদ্রব্য সহজেই এক কোষ থেকে অন্য কোষে চলাচল করতে পারে
9-10-biology_secondary-6-18,6,সিভনল,কারণ,চালুনির মতো আকার ধারণ করে
9-10-biology_secondary-6-18,6,সিভনল,কারণ,খাদ্য চলাচলে বিঘ্ন ঘটে
9-10-biology_secondary-6-2,6,উদ্ভিদ,কাজ,মাটির কৈশিক পানি শোষণ
9-10-biology_secondary-6-20,6,উদ্ভিদ,প্রকার,মূল দিয়ে তার প্রয়োজনীয় পানি শোষণ করে
9-10-biology_secondary-6-20,6,শোষিত পানির অংশ,কাজ,উদ্ভিদের বিভিন্ন জৈবিক কার্যাবলির জন্য ব্যয় হয়
9-10-biology_secondary-6-20,6,অবশিষ্ট পানি,অবস্থান,উদ্ভিদের বায়বীয় অংশ
9-10-biology_secondary-6-20,6,অবশিষ্ট পানি,কাজ,বাধ্পাকারে বাইরে বের হয়ে যায়
9-10-biology_secondary-6-20,6,স্থলজ উদ্ভিদ,কাজ,স্থলজ উদ্ভিদ যে শারীরতন্ত্বীয় প্রক্রিয়ায় তার বায়বীয় অঙ্গের মাধ্যমে বাধ্পাকারে পানি বের করে দেয়
9-10-biology_secondary-6-20,6,স্থলজ উদ্ভিদ,কারণ,প্রস্বেদন বা বাঞ্পমোচন প্রক্রিয়া
9-10-biology_secondary-6-20,6,স্থলজ উদ্ভিদ,অংশ,পত্ররন্ধীয় প্রস্বেদন
9-10-biology_secondary-6-20,6,স্থলজ উদ্ভিদ,অংশ,কিউটিকুলার প্রস্বেদন
9-10-biology_secondary-6-20,6,স্থলজ উদ্ভিদ,অংশ,লেন্টিকুলার প্রস্বেদন
9-10-biology_secondary-6-21,6,পত্ররন্ধ,প্রকার,রম্ধ
9-10-biology_secondary-6-21,6,পত্ররন্ধ,অবস্থান,"পত্ররনম্বীয় প্রস্বেদন, কচিকান্ডে, ফুলের বৃতি ও পাপড়ি"
9-10-biology_secondary-6-23,6,লেন্টিসেল,কাজ,কোষগুলো আলাদাভাবে সজ্জিত থাকে
9-10-biology_secondary-6-23,6,লেন্টিসেল,কারণ,লেন্টিকুলার প্রস্বেদন
9-10-biology_secondary-6-26,6,বায়ু,অবস্থান,অসম্পৃষ্ট
9-10-biology_secondary-6-26,6,বায়ু,অবস্থান,সম্পৃক্ত
9-10-biology_secondary-6-27,6,আলো,লক্ষণ,পত্ররস্ব খুলে যান
9-10-biology_secondary-6-27,6,আলো,লক্ষণ,প্রস্বেদনের হার বৃদ্ধি পায়
9-10-biology_secondary-6-27,6,আলো,কাজ,আকারেও হাস-বৃদ্ধি ঘটায়
9-10-biology_secondary-6-27,6,আলো,লক্ষণ,প্রস্বেদনের হারও ওঠা-নামা করে
9-10-biology_secondary-6-28,6,বায়ুপ্রবাহ,কারণ,প্রস্বেদনের হারের তারতম্য
9-10-biology_secondary-6-28,6,বাষ্দীয়ভবন,কারণ,বাধ্দীয়ভবন ক্রিয়া হাস
9-10-biology_secondary-6-28,6,বাষ্দীয়ভবন,কারণ,প্রস্বেদনের হার কমে যায়
9-10-biology_secondary-6-32,6,সেলোফেন ব্যাগ,অবস্থান,ভেতরে
9-10-biology_secondary-6-32,6,পানির কণা,অবস্থান,পাতা থেকেই বেরিয়েছে
9-10-biology_secondary-6-32,6,উদ্ভিদ,কাজ,পানি বাষ্পাকারে দেহের বাইরে বের করে দেয়
9-10-biology_secondary-6-35,6,শীত মৌসুমে,কারণ,উদ্ভিদের পাতা ঝরিয়ে দেয়
9-10-biology_secondary-6-36,6,প্রস্বেদন,কারণ,অত্যাবশ্যকীয় কার্যক্কম উদ্ভিদের জন্য
9-10-biology_secondary-6-38,6,রক্ত,অবস্থান,রন্তনালির মধ্য
9-10-biology_secondary-6-38,6,রক্ত,কাজ,দেহের সর্বত্র প্রবাহিত হওয়া
9-10-biology_secondary-6-38,6,রক্ত,কাজ,কোষে অক্সিজেন ও খাদ্য উপাদান সরবরাহ করায় দেহের সব কোষ সজীব এবং সক্রিয় থাকায়
9-10-biology_secondary-6-38,6,রক্ত সংবহনতজ্ত্র,কাজ,রক্ত প্রতিনিয়ত দেহের বিভিন্ন অঙ্গ ও অংশে চলাচল করায়
9-10-biology_secondary-6-38,6,রক্ত,কাজ,"খাদ্য, অক্সিজেন এবং রক্তের বর্জ্য পদার্থ দেহের এক স্থান থেকে অন্য স্থানে পরিবাহিত করায়"
9-10-biology_secondary-6-39,6,বদ্ধ সংবহনতন্দ্র,কাজ,রক্তু সরাসরি দেহের বিভিন্ন অঙ্গে গিয়ে পৌঁছে
9-10-biology_secondary-6-4,6,চোষক শত্তি,অবস্থান,মূলরোমে
9-10-biology_secondary-6-4,6,চোষক শত্তি,কাজ,কোষ থেকে কোষান্তরে অভিস্বণ
9-10-biology_secondary-6-4,6,চোষক শত্তি,কাজ,মূলের কর্টেক্সে প্রবেশ
9-10-biology_secondary-6-4,6,পানি,অবস্থান,মূলরোমে
9-10-biology_secondary-6-41,6,পরিবহণতন্ত্র,অংশ,রক্তু সংবহনতন্ত্র
9-10-biology_secondary-6-41,6,রক্তু সংবহনতন্ত্র,অংশ,হৃৎপিণ্ড
9-10-biology_secondary-6-41,6,রক্তু সংবহনতন্ত্র,অংশ,ধমনি
9-10-biology_secondary-6-41,6,রক্তু সংবহনতন্ত্র,অংশ,শিরা
9-10-biology_secondary-6-41,6,রক্তু সংবহনতন্ত্র,অংশ,কৈশিকনালি
9-10-biology_secondary-6-41,6,পরিবহণতন্ত্র,অংশ,লসিকাতন্ত্র
9-10-biology_secondary-6-41,6,লসিকাতন্ত্র,অংশ,লসিকা
9-10-biology_secondary-6-41,6,লসিকাতন্ত্র,অংশ,লসিকানালি
9-10-biology_secondary-6-41,6,লসিকাতন্ত্র,অংশ,ল্যাকটিয়েলনালি
9-10-biology_secondary-6-42,6,রক্ত,কারণ,রং লাল দেখায়
9-10-biology_secondary-6-42,6,রক্ত,অবস্থান,"হৃৎপিণ্ড, শিরা, উপশিরা, ধমনি, শখা, ধমনি এবং কৈশিকনালি পথে"
9-10-biology_secondary-6-43,6,রক্ত,প্রকার,তরল যোজক টিস্যু
9-10-biology_secondary-6-43,6,রক্ত,অংশ,রক্তরস
9-10-biology_secondary-6-43,6,রক্ত,অংশ,lohita raktakosha
9-10-biology_secondary-6-43,6,রক্ত,অংশ,shweta raktakosha
9-10-biology_secondary-6-43,6,রক্ত,অংশ,anuchakrarika raktakosa
9-10-biology_secondary-6-44,6,রক্তরস,পরিমাণ,শতকরা প্রায় 55 ভাগ
9-10-biology_secondary-6-44,6,রক্তরসের উপাদান,প্রকার,পানি
9-10-biology_secondary-6-44,6,রক্তরসের উপাদান,প্রকার,প্রোটিন
9-10-biology_secondary-6-44,6,রক্তরসের উপাদান,প্রকার,জৈবযৌগ
9-10-biology_secondary-6-44,6,রক্তরসের উপাদান,প্রকার,অজৈব লবণ
9-10-biology_secondary-6-46,6,রক্তকোষ,প্রকার,তিন
9-10-biology_secondary-6-46,6,রক্তকোষ,প্রকার,লোহিত রক্তকোষ
9-10-biology_secondary-6-46,6,রক্তকোষ,প্রকার,শ্বেত রক্তকোষ
9-10-biology_secondary-6-46,6,রক্তকোষ,প্রকার,অণুচক্রিকা
9-10-biology_secondary-6-48,6,লোহিত রক্তকোষ,কাজ,শ্বাসকার্যে অক্সিজেন পরিবহণ
9-10-biology_secondary-6-48,6,লোহিত রক্তকোষ,অবস্থান,লাল অস্থিমজ্জায়
9-10-biology_secondary-6-5,6,উদ্ভিদের পাতা,অবস্থান,ফর্মা-১৭
9-10-biology_secondary-6-5,6,প্রক্রিয়া,কাজ,অভিস্রবণ ও প্রসশ্বেদন
9-10-biology_secondary-6-5,6,খনিজ লবণ,কাজ,শোষণ
9-10-biology_secondary-6-50,6,হিমোগ্লোবিন,কারণ,রক্ত লাল দেখায়
9-10-biology_secondary-6-50,6,হিমোগ্লোবিন না থাকলে,লক্ষণ,রক্তস্বল্পতা বা রক্তশূন্যতা
9-10-biology_secondary-6-53,6,শ্বেত রন্তকোষ,কারণ,দেহ বাইরের জীবাণু দ্বারা আক্রান্ত হলে দ্রুত শ্বেত রক্তকোষের বৃদ্ধি ঘটে
9-10-biology_secondary-6-53,6,মানবদেহে,পরিমাণ,প্রতি ঘনমিলিমিটার রক্তে 4-10 হাজার শ্বেত রক্তকোষ
9-10-biology_secondary-6-53,6,অসুস্থ মানবদেহে,কারণ,এর সংখ্যা বেড়ে যায়
9-10-biology_secondary-6-53,6,স্তন্যপায়ীদের রন্তকোষণগুলোর,অংশ,শুধু শ্বেত রক্তকোষে ঢা4& থাকে
9-10-biology_secondary-6-54,6,শ্বেত রক্তকোষ,প্রকার,আ্যাগ্রানূলোসাইট
9-10-biology_secondary-6-54,6,লিফ্ফোসাইট,অংশ,আ্যাগ্রানূলোসাইট
9-10-biology_secondary-6-55,6,মনোসাইট,কাজ,দেহে প্রবেশ করা রোগজীবাণু ধ্বংস করা এবং প্রতিরোধ ক্ষমতা বৃদ্ধি করা
9-10-biology_secondary-6-55,6,লিম্ফোসাইট,কাজ,ত্যযান্টিবডি গঠন
9-10-biology_secondary-6-55,6,ফ্যাগোসাইটোসিস,কারণ,রোগজীবাণুকে ধ্বংস করা
9-10-biology_secondary-6-56,6,গ্রানূলোসাইট,প্রকার,তিন প্রকার
9-10-biology_secondary-6-56,6,গ্রানূলোসাইট,লক্ষণ,সাইটোগ্লাজম সূক্ষ্ম দানাযুক্ত
9-10-biology_secondary-6-56,6,গ্রানূলোসাইট,কাজ,নিউট্রোফিল ফ্যাগোসাইটোসিস প্রক্রিয়ায় জীবাণু ভক্ষণ করে
9-10-biology_secondary-6-56,6,ইওসিনোফিল,কাজ,হিস্টামিন নামক রাসায়নিক পদার্থ নিঃসৃত করে দেহে এলার্জি প্রতিরোধ করে
9-10-biology_secondary-6-56,6,বেসোফিল,কাজ,হেপারিন নিঃসৃত করে রক্তকে রন্তবাহিকার ভিতরে জমাট বাঁধতে বাধা দেয়
9-10-biology_secondary-6-57,6,অণুচক্কিকা,অংশ,"গোলাকার, ডিম্বাকার অথবা রড আকারের"
9-10-biology_secondary-6-57,6,অণুচক্কিকা,অবস্থান,"কোষ অঙ্গাণু- মাইটোকন্ট্রিয়া, গলজি বস্তু"
9-10-biology_secondary-6-57,6,অণুচক্কিকা,অংশ,অস্থি মজ্জার বৃহদাকার কোষের ছিন্ন অংশ
9-10-biology_secondary-6-58,6,অণুচক্কিকার,কাজ,রক্ত তঞ্চন করা বা জমাট বাঁধানোতে
9-10-biology_secondary-6-59,6,অণুচক্রিকা,কাজ,অনিয়মিত আকার ধারণ এবং থোষ্বোপ্লাসটিন তৈরি করা
9-10-biology_secondary-6-59,6,থোষ্বোপ্লাসটিন,কাজ,প্রোথোমশ্বিনকে ধোঘিনে পরিণত করা
9-10-biology_secondary-6-59,6,ধোম্বিন,কাজ,রক্তরসের প্রোটিন-ফাইব্রিনোজেনকে ফাইব্রিন জালে পরিণত করে রক্তকে জমাট বাধায় কিংবা রক্তের তঞ্চন ঘটায়
9-10-biology_secondary-6-59,6,ফাইব্রিন,কারণ,অদ্রবণীয় প্রোটিন
9-10-biology_secondary-6-59,6,ফাইব্রিন,কাজ,রক্তক্ষরণ বন্ধ করে এবং রক্ত তঞ্চন বাধায়
9-10-biology_secondary-6-6,6,উদ্ভিদ,কাজ,কিছু পরিমাণ খনিজ লবণ শোষণ
9-10-biology_secondary-6-6,6,খনিজ লবণ,প্রকার,আয়ন
9-10-biology_secondary-6-6,6,খনিজ লবণ,কারণ,নিষ্ক্রিয় শোষণ ও সক্রিয় শোষণ
9-10-biology_secondary-6-61,6,রক্ত,কাজ,অক্সিজেন পরিবহণ
9-10-biology_secondary-6-61,6,রক্ত,কাজ,কার্বন ডাই-অস্সীইড অপসারণ
9-10-biology_secondary-6-61,6,রক্ত,কাজ,খাদ্যসার পরিবহণ
9-10-biology_secondary-6-62,6,দহনক্রিয়া,কাজ,বিভিন্ন অঙ্গে বিভিন্ন মাত্রার তাপ সৃষ্টি এবং তা রক্তের মাধ্যমে দেহের সর্বত্র ছড়িয়ে পড়া
9-10-biology_secondary-6-62,6,রক্ত,কাজ,"দেহের জন্য ক্ষতিকর বর্জ্য পদার্থ বহন এবং বিভিন্ন অঙ্গের মাধ্যমে সেসব ইউরিয়া, ইউরিক এসিড ও কার্বন ডাই-অক্সাইড হিসেবে নিষ্কাশন করা"
9-10-biology_secondary-6-63,6,হরমোন,কাজ,বিভিন্ন অঙ্গে সঞ্চালিত হয়
9-10-biology_secondary-6-63,6,হরমোন,কারণ,বিভিন্ন জৈবিক কাজে গুরুত্বপূর্ণ ভূমিকা পালন করে
9-10-biology_secondary-6-64,6,শ্বেত রকন্তকোষ,প্রতিরোধ,জীবাণুর আক্রমণ
9-10-biology_secondary-6-64,6,রক্ত,প্রতিরোধ,রোগ প্রতিরোধ ক্ষমতা বৃদ্ধি
9-10-biology_secondary-6-64,6,অণুচক্রিকা,প্রতিরোধ,রক্ত জমাট বাঁধা
9-10-biology_secondary-6-65,6,রক্তরসে,পরিমাণ,৪ ও ৮ দুধরনের আ্যান্টিবডি
9-10-biology_secondary-6-65,6,লোহিত রক্ত কণিকায়,পরিমাণ,"৪, এবং ৮ নামক দুই ধরনের আ্যান্টিজেন"
9-10-biology_secondary-6-65,6,মানুষের রক্ত,অবস্থান,চারটি গ্রুপে
9-10-biology_secondary-6-65,6,মানুষের রক্ত,কাজ,র্লা্ড গ্রুপ বলে ভাগ করা
9-10-biology_secondary-6-71,6,রেসাস (80) ফ্যাক্টর,কারণ,গ্রহীতা বা রোগী আরও অসুস্থ হয়ে পড়তে পারেন
9-10-biology_secondary-6-71,6,রেসাস (8) ফ্যাক্টর,অবস্থান,না মিলিয়ে গ্রহীতাকে রক্ত পরিসঞ্চালন করলে
9-10-biology_secondary-6-71,6,রক্তের গ্রুপগুলো,পরিমাণ,"/%+, এ&-, 8+ 8-, &8+, &8-, 0+ এবং 0-"
9-10-biology_secondary-6-71,6,সি ইত্যাদি) সংক্রমণের শিকার,কারণ,সেটি নিশ্চিত করতে দাতার রক্তের স্ক্রিনিং পরীক্ষা
9-10-biology_secondary-6-76,6,অন্যকে রক্তদান,কাজ,একটি মহৎ কাজ
9-10-biology_secondary-6-76,6,সুস্থ মানুষের দেহ,পরিমাণ,৪৫০ মিলি রক্তু
9-10-biology_secondary-6-76,6,সুস্থ মানুষের দেহ,পরিমাণ,প্রতি সেকেন্ডে 20 লক্ষ লোহিত রক্তকোষ
9-10-biology_secondary-6-78,6,হৃৎপিণ্ড,অবস্থান,বক্ষ গহ্বরের বাম দিকে দুই ফুসফুসের মাঝখানে ত্রিকোণাকার ফাঁপা অঙ্গ
9-10-biology_secondary-6-78,6,হৃৎপিণ্ড,কাজ,হৃৎপেশি দিয়ে গঠিত
9-10-biology_secondary-6-78,6,হৃৎপিণ্ড,অংশ,হৃৎপেশি
9-10-biology_secondary-6-78,6,হৃৎপিণ্ড,অংশ,পাতলা পর্দা দিয়ে আবৃত
9-10-biology_secondary-6-78,6,হৃৎপিণ্ড-প্রাচীর,অংশ,তিনটি স্তর
9-10-biology_secondary-6-79,6,বহিঃম্তর,অবস্থান,গঠিত
9-10-biology_secondary-6-79,6,বহিঃম্তর,অবস্থান,চর্বি থাকে
9-10-biology_secondary-6-79,6,বহিঃম্তর,অবস্থান,আবরণী টিস্যু দিয়ে আবৃত
9-10-biology_secondary-6-79,6,মধ্যস্তর,অবস্থান,বহিঃস্তর এবং অন্তঃস্তরের মাঝখানে
9-10-biology_secondary-6-79,6,মধ্যস্তর,কাজ,দৃঢ় অনৈচ্ছিক পেশি দিয়ে গঠিত
9-10-biology_secondary-6-80,6,অন্তঃম্তর,অংশ,সবচেয়ে ভিতরের স্তর
9-10-biology_secondary-6-80,6,অন্তঃম্তর,কারণ,হৃৎপিণ্ডের প্রকোষ্ঠগুলো অন্তঃস্তর দিয়ে আবৃত এই স্তরটি হৃৎপিণ্ডের কপাটিকাগুলোকেও আবৃত করে রাখে
9-10-biology_secondary-6-80,6,হৃৎপিণ্ডের ভিতরের স্তর,কারণ,ফাঁপা এবং বাম অলিন্দ বলে এবং নিচের প্রকোষ্ঠ দুটিকে ডান এবং বাম নিলয় বলে
9-10-biology_secondary-6-80,6,অলিন্দ,কারণ,তুলনামূলকভাবে পাতলা
9-10-biology_secondary-6-80,6,নিলয়,কারণ,পুরু
9-10-biology_secondary-6-80,6,অলিন্দ,কারণ,আন্তঃঅলিন্দ পর্দা দিয়ে পরস্পর পৃথক
9-10-biology_secondary-6-80,6,নিলয়,কারণ,আন্তঃনিলয় পর্দা দিয়ে পরস্পর পৃথক
9-10-biology_secondary-6-83,6,হৃৎপিণ্ড,কাজ,সারা দেহে রক্ত সঞ্চালন
9-10-biology_secondary-6-83,6,হৃৎপিণ্ড,কারণ,সংকোচন এবং প্রসারণ
9-10-biology_secondary-6-83,6,হৃৎপিণ্ডের সংকোচন,কাজ,সিস্টোল
9-10-biology_secondary-6-83,6,হৃৎপিণ্ডের প্রসারণ,কাজ,ডায়াস্টোল
9-10-biology_secondary-6-83,6,হৃৎপিণ্ডের সিস্টোল-ডায়াস্টোল,কাজ,হৃৎস্পন্দন
9-10-biology_secondary-6-85,6,নিলয়,অবস্থান,পেশি প্রসারিত
9-10-biology_secondary-6-85,6,ট্রাইকাসপিড,কারণ,ডান অলিন্দ-নিলয়ের ছিদ্রপথ ভালভ খুলে যাওয়া
9-10-biology_secondary-6-85,6,রক্ত,কাজ,ডান অলিন্দ থেকে ডান নিলয়ে প্রবেশ
9-10-biology_secondary-6-85,6,বাইকাসপিড,কারণ,বাম অলিন্দ এবং বাম নিলয়ের ছিদ্রপথ ভালভ খুলে যাওয়া
9-10-biology_secondary-6-85,6,রক্ত,কাজ,বাম অলিন্দ থেকে বাম নিলয়ে প্রবেশ
9-10-biology_secondary-6-85,6,ছিদ্র,কারণ,কপাটিকা দিয়ে বন্ধ হয়ে যাওয়া
9-10-biology_secondary-6-87,6,হৃৎপিণ্ড,কাজ,রক্ত সঞ্চালন
9-10-biology_secondary-6-87,6,ভ্বৎপিণ্ড,অংশ,রক্ত সঞ্চালন তন্ত্রের প্রধান অঙ্গ
9-10-biology_secondary-6-87,6,হৃৎপিণ্ডের প্রকোষ্ঠগুলো,অবস্থান,সম্পূর্ণ বিভক্ত
9-10-biology_secondary-6-88,6,রক্তনালি,কাজ,রক্ত প্রবাহিত বা সঞ্চালিত করা
9-10-biology_secondary-6-88,6,রক্তবাহিকা,প্রকার,রক্তনালি
9-10-biology_secondary-6-88,6,রক্তবাহিকা,কাজ,হৃৎপিণ্ড থেকে দেহের বিভিন্ন অংশে রক্ত বাহিত করা এবং দেহের বিভিন্ন অংশ থেকে পুনরায় হৃৎপিণ্ডে ফিরে আসাকরোনা
9-10-biology_secondary-6-88,6,রক্তবাহিকা,কারণ,"গঠন, আকৃতি এবং কাজের ভিত্তিতে"
9-10-biology_secondary-6-88,6,রক্তবাহিকা,প্রকার,"ধমনি, শিরা এবং কৈশিক জালিকা"
9-10-biology_secondary-6-89,6,ধমনি,কারণ,সাধারণত উচ্চমাত্রায় অক্সিজেনসমৃদ্ধ রক্ত হৃৎপিণ্ড থেকে সারাদেহে বাহিত হয়
9-10-biology_secondary-6-89,6,ধমনি,প্রকার,ফুসফুসীয় ধমনি
9-10-biology_secondary-6-89,6,ধমনি,কারণ,হৃৎপিন্ড থেকে উচ্চমাত্রায় কার্বন ডাই-অক্সাইডযুক্ত রক্ত ফুসফুসে পৌঁছে দেয়
9-10-biology_secondary-6-9,6,জাইলেম ভেসেল বা ফ্লোয়েমের সিভনল,কারণ,বন্ধ হয়ে গেলে উদ্ভিদের মৃত্যু অবধারিত
9-10-biology_secondary-6-90,6,টিউনিকা এক্সটার্না,অংশ,তন্তুময় যোজক টিস্যু
9-10-biology_secondary-6-90,6,টিউনিকা মিডিয়া,অংশ,বৃত্তাকার অনৈচ্ছিক পেশি
9-10-biology_secondary-6-90,6,টিউনিকা ইন্টারনা,অংশ,সরল আবরণী টিস্যু
9-10-biology_secondary-6-91,6,ধমনি,কারণ,ধমনিগাত্র সংকোচিত বা প্রসারিত হয়
9-10-biology_secondary-6-91,6,ধমনির ভিতর,কারণ,"ধমনিগাত্রের সংকোচন, প্রসারণ এবং স্থিতিস্থাপকতা"
9-10-biology_secondary-6-91,6,নাড়িস্পন্দন,কারণ,"ধমনির ভিতর রক্তপ্রবাহ, ধমনিগাত্রের সংকোচন, প্রসারণ এবং স্থিতিস্থাপকতা"
9-10-biology_secondary-6-93,6,শিরা,অবস্থান,"সূক্ষ্র শিরা, উপশিরা, অতঃপর শিরা এবং মহাশিরায়"
9-10-biology_secondary-6-93,6,শিরা,কাজ,হৃৎপিণ্ডে ফিরে আসে
9-10-biology_secondary-6-93,6,ফুসফুসীয় শিরা,কাজ,অক্সিজেন সমৃদ্ধ রক্ত ফুসফুস থেকে হৃৎপিণ্ডে পৌঁছে দেয়
9-10-biology_secondary-6-95,6,কৈশিক জালিকা,অবস্থান,চুলের মতো অতি সৃক্ষন রক্তনালি
9-10-biology_secondary-6-95,6,কৈশিক জালিকা,কাজ,ধমনি শাখা-প্রশাখায় বিভক্তু হয়ে ক্রমে ক্রমে সূক্মতর কৈশিক নালিতে পরিণত হয়
9-10-biology_secondary-6-95,6,কৈশিক জালিকা,কাজ,প্রত্যেকটি কোষকে পরিবেষ্টন করে রাখে
9-10-biology_secondary-6-95,6,কৈশিক জালিকা,কারণ,ধমনি শাখা-প্রশাখায় বিভক্তু হয়
9-10-biology_secondary-6-95,6,কৈশিক জালিকা,লক্ষণ,পাতলা প্রাচীর
9-10-biology_secondary-6-98,6,স্বাভাবিক সিস্টোলিক চাপ,পরিমাণ,১২০ মিলিমিটার পারদের নিচে
9-10-biology_secondary-6-98,6,স্বাভাবিক ডায়াস্টোলিক চাপ,পরিমাণ,৮০ মিলিমিটার পারদের নিচে
9-10-biology_secondary-6-99,6,হাতের কক্জিতে রেট,পরিমাণ,60-100
9-10-biology_secondary-6-99,6,হাতের কক্জিতে হালকা,কাজ,চাপ দিয়ে ধরে পালস রেট বের করা
9-10-biology_secondary-6-99,6,বিপি যন্ত্র,কাজ,রক্তচাপ মাপা
9-10-biology_secondary-6-99,6,বিপি যন্ত্র,অংশ,ডায়াস্টোলিক ও সিস্টোলিক চাপ দেখে রক্তচাপ নির্ণয়
9-10-biology_secondary-7-10,7,শ্বসনতন্ত্র,অংশ,নাসারস্ব ও নাসাপথ
9-10-biology_secondary-7-10,7,শ্বসনতন্ত্র,অংশ,গলনালি বা গলবিল
9-10-biology_secondary-7-10,7,শ্বসনতন্ত্র,অংশ,স্বরযন্দ্র
9-10-biology_secondary-7-10,7,শ্বসনতন্ত্র,অংশ,শ্বাসনালি বা ট্রাকিয়া
9-10-biology_secondary-7-10,7,শ্বসনতন্ত্র,অংশ,বায়ুনালি বা ব্রংকাস
9-10-biology_secondary-7-10,7,শ্বসনতন্ত্র,অংশ,ফুসফুস
9-10-biology_secondary-7-10,7,শ্বসনতন্ত্র,অংশ,মধ্যচ্ছদা
9-10-biology_secondary-7-11,7,নাসিকা,অবস্থান,মুখগহ্বরের উপরে
9-10-biology_secondary-7-11,7,নাসিকা,কাজ,গন্ধ পাওয়া
9-10-biology_secondary-7-11,7,নাসিকা,কাজ,বাতাসকে ফুসফুসের গ্রহণের উপযোগী করা
9-10-biology_secondary-7-12,7,নাসাপথ,অবস্থান,লোমাবৃত এবং গ্লেষ্মা প্রস্তুতকারী একটি পাতলা পর্দা দিয়ে আবৃত
9-10-biology_secondary-7-12,7,নাসাপথ,অংশ,সামনের অংশ
9-10-biology_secondary-7-12,7,নাসাপথ,অংশ,পিছনের অংশ
9-10-biology_secondary-7-12,7,নাসাপথ,কাজ,"ধূলিকণা, রোগজীবাণু এবং আবর্জনা থাকলে তা আটকে যায়"
9-10-biology_secondary-7-12,7,নাসাপথ,কাজ,বায়ু ফুসফুসে প্রবেশ করার পূর্বে কিছু পরিমাণে নির্মল হয়ে যায়
9-10-biology_secondary-7-12,7,নাসাপথ,কাজ,শ্বসনের জন্য গৃহীত বায়ু নাসাপথ দিয়ে যাওয়ার সময় কিছুটা উষ্ণ এবং আর্দ্র হয়
9-10-biology_secondary-7-13,7,গলবিল,অবস্থান,মুখ হাঁ করলে মুখগহ্বরের পিছনে
9-10-biology_secondary-7-13,7,গলবিল,অবস্থান,নাসাপথের পিছনের অংশ থেকে স্বরযন্ত্রের উপরিভাগ পর্যন্ত বিস্তৃত
9-10-biology_secondary-7-13,7,গলবিল,অংশ,ছোট জিহ্বার মতো অংশ
9-10-biology_secondary-7-14,7,নাসাপথের পশ্চাৎপথ,কাজ,খাদ্য এবং পানীয় গলাধঃকরণের সময় বন্ধ করা
9-10-biology_secondary-7-15,7,গলবিল,অবস্থান,গলার নিচে এবং শ্বাসনালির উপরে
9-10-biology_secondary-7-15,7,পেশি,অংশ,স্বরযন্ত্রের দুই ধারে
9-10-biology_secondary-7-15,7,ঘোমটা,কারণ,পেশি
9-10-biology_secondary-7-15,7,ঘোমটা,কাজ,জিহ্বা ঢাকনা
9-10-biology_secondary-7-15,7,ঘোমটা,পরিমাণ,০০১০
9-10-biology_secondary-7-15,7,উপজিহ্বা,কারণ,ঘোমটা
9-10-biology_secondary-7-15,7,জিহ্বা,অংশ,স্বরযন্ত্রের উপরে
9-10-biology_secondary-7-15,7,ঢাকনা,কারণ,জিহ্বা
9-10-biology_secondary-7-15,7,বাতাস,কাজ,শ্বাস-প্রশ্বাস নেওয়ার সময় খোলা থাকে
9-10-biology_secondary-7-15,7,বাতাস,পরিমাণ,ফুসফুসে চিত্র ৭.০৩: নাসাপথ ও গলবিল
9-10-biology_secondary-7-16,7,ফাঁপা নল,অবস্থান,খাদ্যনালির সামনে
9-10-biology_secondary-7-16,7,ফাঁপা নল,অংশ,কিছু দূর নালিটি
9-10-biology_secondary-7-16,7,ফাঁপা নল,অংশ,দুটি বায়ুনল
9-10-biology_secondary-7-16,7,ফাঁপা নল,কারণ,অসম্পূর্ণ বলায়াকার তরুণাস্থি ও পেশি
9-10-biology_secondary-7-16,7,ফাঁপা নল,কারণ,ঝিল্লি দিয়ে আবৃত
9-10-biology_secondary-7-16,7,ফাঁপা নল,কারণ,সূক্ষ্ম লোমযুক্ত কোষ থাকে
9-10-biology_secondary-7-16,7,ফাঁপা নল,কারণ,বায়ু আসা-যাওয়া করে
9-10-biology_secondary-7-16,7,ফাঁপা নল,কারণ,সূক্ষ্ম লোমগুলো অপ্রয়োজনীয় বস্তুকণা গ্লেষ্মার সাথে বাইরে বের করে
9-10-biology_secondary-7-17,7,শ্বাসনালি স্বরযন্ত্রের নিম্নাংশ,অবস্থান,ফুসফুসের নিকটবর্তী স্থানে
9-10-biology_secondary-7-17,7,শ্বাসনালি স্বরযন্ত্রের নিম্নাংশ,কাজ,ডান এবং বাম দিকে দুটি শাখায় বিভক্ত হওয়া
9-10-biology_secondary-7-17,7,শাখাগুলো,অবস্থান,ফুসফুসে
9-10-biology_secondary-7-17,7,শাখাগুলো,কাজ,ব্রংকাই নামে পরিচিত হওয়া
9-10-biology_secondary-7-17,7,ব্রংকাই,অবস্থান,ফুসফুসে
9-10-biology_secondary-7-17,7,ব্রংকাই,কাজ,অসংখ্য শাখা-প্রশাখায় বিভক্ত হওয়া
9-10-biology_secondary-7-17,7,অণুক্লোম শাখা,অবস্থান,শ্বাসনালির
9-10-biology_secondary-7-18,7,ফুসফুস,অবস্থান,বক্ষগহ্বরের ভিতর
9-10-biology_secondary-7-18,7,ফুসফুস,কারণ,"স্পঞ্জের মতো নরম, কোমল ও হালকা লালচে রঙের"
9-10-biology_secondary-7-18,7,ফুসফুস,অংশ,ডান ফুসফুস তিন খণ্ডে এবং বাম হৃৎপিণ্ড বকে ফুসফুলে
9-10-biology_secondary-7-19,7,ফুসফুস,অংশ,দুই খণ্ড
9-10-biology_secondary-7-19,7,ফুসফুস,অংশ,দুই ভাঁজ
9-10-biology_secondary-7-19,7,ফুসফুস,অবস্থান,বক্ষগাত্র
9-10-biology_secondary-7-19,7,ফুসফুস,কাজ,বায়ু সরাসরি বায়ুথলিতে যাতায়াত করতে পারে
9-10-biology_secondary-7-19,7,বায়ুথলি,কারণ,বায়ু প্রবেশ করলে এগুলো বেলুনের মতো ফুলে ওঠে এবং পরে আপনা-আপনি সংকুচিত হয়
9-10-biology_secondary-7-19,7,বায়ুথলি,অবস্থান,ফুসফুসে
9-10-biology_secondary-7-20,7,মধ্যচ্ছদা,কারণ,বক্ষগহ্বরের আয়তন বৃদ্ধি পায়
9-10-biology_secondary-7-20,7,মধ্যচ্ছদা,কারণ,উপরের দিকে উঠে
9-10-biology_secondary-7-20,7,মধ্যচ্ছদা,অবস্থান,বক্ষগহ্বরে
9-10-biology_secondary-7-20,7,মধ্যচ্ছদা,কাজ,প্রশ্বাস গ্রহণে গুরুত্বপূর্ণ ভূমিকা পালন করে
9-10-biology_secondary-7-22,7,শ্বাস-প্রশ্বাসের অঙ্গগুলো,অবস্থান,"গলবিলের দিকে খোলা, অন্য সবদিকে বন্ধ"
9-10-biology_secondary-7-22,7,বক্ষগহ্বরের ভিতর এবং বাইরের চাপের সমতা,কারণ,প্রশ্বাস বায়ু ফুসফুসের ভিতর সহজে প্রবেশ করতে পারে
9-10-biology_secondary-7-22,7,মধ্যচ্ছদা,কারণ,পেশি সংকোচনের পরপরই প্রসারিত হয়
9-10-biology_secondary-7-22,7,মধ্যচ্ছদা,অবস্থান,উপরের দিকে উঠে যায়
9-10-biology_secondary-7-23,7,গ্যাসীয় বিনিময়,কাজ,অক্সিজেন ও কার্বন ডাই-অক্সাইড বিনিময়কে বুঝানো
9-10-biology_secondary-7-25,7,হিমোগ্লোবিন + অক্সিজেন,অবস্থান,হিমোগ্লোবিন (অস্থায়ী যৌগ)
9-10-biology_secondary-7-25,7,অক্সিহিমোগ্লোবিন,কাজ,মুক্ত অক্সিজেন + হিমোগ্লোবিন
9-10-biology_secondary-7-27,7,কাজ,কাজ,নিঃশ্বাসের সাথে নির্গত গ্যাসের প্রকৃতি নির্ণয়
9-10-biology_secondary-7-3,7,উদ্ভিদ,অবস্থান,পাতার স্টোমাটা ও পরিণত কাণ্ডের বাকলে অবস্থিত লেন্টিসেলে
9-10-biology_secondary-7-32,7,ফুসফুস,কারণ,ভাইরাস এবং ব্যাকটেরিয়ার আক্রমণ
9-10-biology_secondary-7-32,7,ফুসফুস,কারণ,বায়ুদূষণ
9-10-biology_secondary-7-32,7,ফুসফুস,কারণ,ভাসমান কণা
9-10-biology_secondary-7-32,7,ফুসফুস,কারণ,রাসায়নিক
9-10-biology_secondary-7-32,7,ফুসফুস,লক্ষণ,অজ্ঞতা
9-10-biology_secondary-7-32,7,ফুসফুস,লক্ষণ,অসাবধানতা
9-10-biology_secondary-7-32,7,ফুসফুস,কারণ,সংক্রমণ
9-10-biology_secondary-7-32,7,ফুসফুসের রোগ,কারণ,জটিল রোগ
9-10-biology_secondary-7-32,7,ফুসফুসের রোগ,কারণ,সাবধানতা
9-10-biology_secondary-7-35,7,খাবার,কারণ,এলার্জি হয়
9-10-biology_secondary-7-35,7,বায়ু,কারণ,হাঁপানি হতে পারে
9-10-biology_secondary-7-35,7,ধোঁয়া,কারণ,হাঁপানি হতে পারে
9-10-biology_secondary-7-35,7,ধুলাবালি,কারণ,হাঁপানি হতে পারে
9-10-biology_secondary-7-35,7,ফুলের রেণু,কারণ,হাঁপানি হতে পারে
9-10-biology_secondary-7-35,7,চিংড়ি,কারণ,এলার্জি হয়
9-10-biology_secondary-7-35,7,গরুর মাংস,কারণ,এলার্জি হয়
9-10-biology_secondary-7-35,7,ইলিশ মাছ,কারণ,এলার্জি হয়
9-10-biology_secondary-7-35,7,বছরের বিশেষ খতু,কারণ,রোগ বেড়ে যেতে পারে
9-10-biology_secondary-7-35,7,খতু পরিবর্তন,কারণ,রোগ বেড়ে যেতে পারে
9-10-biology_secondary-7-35,7,শিশু,কারণ,সর্দি কাশি থেকে হাঁপানি হওয়ার আশঙ্কা থাকে
9-10-biology_secondary-7-35,7,হাঁপানি,লক্ষণ,হঠাৎ শ্বাসকষ্ট বেড়ে যায়
9-10-biology_secondary-7-36,7,অবস্থা,লক্ষণ,শ্বাসকন্টে দম বন্ধ হওয়া
9-10-biology_secondary-7-36,7,অবস্থা,লক্ষণ,ঠোঁট নীল হয়ে যাওয়া
9-10-biology_secondary-7-36,7,অবস্থা,লক্ষণ,গলার শিরা ফুলে যাওয়া
9-10-biology_secondary-7-36,7,বায়ুথলিত,কারণ,বাধাগ্রস্ত হওয়া
9-10-biology_secondary-7-36,7,রোগী,কাজ,বেশি কষ্ট পাওয়া
9-10-biology_secondary-7-36,7,কাশি,লক্ষণ,সাদা কফ বের হওয়া
9-10-biology_secondary-7-36,7,রোগী,অবস্থান,দুর্বল হওয়া
9-10-biology_secondary-7-37,7,ওঁষধ সেবন,কারণ,রোগী কিছুটা আরাম বোধ করে
9-10-biology_secondary-7-37,7,খাদ্য,প্রতিরোধ,শ্বাসকষ্ট বেড়ে যায়
9-10-biology_secondary-7-37,7,আলো-বাতাসপূর্ণ গৃহে বসবাস,কারণ,স্বাস্থ্যকর পরিবেশে বাস করা
9-10-biology_secondary-7-38,7,বায়ুদূষণ,কারণ,শ্বাসকষ্ট
9-10-biology_secondary-7-38,7,হাঁপানি রোগী,কারণ,শ্বাসকষ্ট
9-10-biology_secondary-7-38,7,ওঁষধ,কাজ,শ্বাসকষ্ট লাঘবার জন্য সাথে ব্যবহার করা
9-10-biology_secondary-7-38,7,গ্যাসীয় বিনিময়,পরিমাণ,১৭১
9-10-biology_secondary-7-4,7,উদ্ভিদের গ্যাসীয় বিনিময়,কারণ,রাতের বেলা সালোকসংশ্লেষণ প্রক্রিয়ার আলোক পর্যায় বন্ধ থাকে
9-10-biology_secondary-7-4,7,দিবারাত্রি,কারণ,24 ঘণ্টা শ্বসনপ্রক্রিয়া সংঘটিত হয়
9-10-biology_secondary-7-4,7,শ্বসনপ্রক্রিয়া,কারণ,কার্বন ডাই-অক্সাইড গ্যাসের উৎপাদন চলতে থাকে
9-10-biology_secondary-7-4,7,বড় গাছের নিচে,কারণ,রাত্রিবেলা ঘুমালে শ্বাসকষ্ট দেখা দিতে পারে
9-10-biology_secondary-7-40,7,ব্রংকাইটিস,কারণ,ধূমপান
9-10-biology_secondary-7-40,7,ব্রংকাইটিস,কারণ,অস্বাস্থ্যকর পরিবেশ
9-10-biology_secondary-7-40,7,ব্রংকাইটিস,কারণ,দূষণ
9-10-biology_secondary-7-40,7,ব্রংকাইটিস,কারণ,শিশু
9-10-biology_secondary-7-40,7,ব্রংকাইটিস,কারণ,বয়স্ক ব্যক্তি
9-10-biology_secondary-7-43,7,চিকিৎসা,প্রকার,ডাক্তারের পরমার্শ অনুযায়ী রোগীর চিকিৎসা করানো
9-10-biology_secondary-7-44,7,নিউমোনিয়া,কারণ,অত্যধিক ঠান্ডা লাগলে
9-10-biology_secondary-7-44,7,নিউমোনিয়া,কারণ,হাম ও ব্রংকাইটিস রোগের পর ঠান্ডা লেগে
9-10-biology_secondary-7-44,7,নিউমোনিয়া,কারণ,শিশু এবং বয়স্কদের জন্য একটি মারাত্মক রোগ
9-10-biology_secondary-7-45,7,নিউমোকক্কাস,কারণ,রোগ
9-10-biology_secondary-7-45,7,ব্যাকটেরিয়া,কারণ,রোগ
9-10-biology_secondary-7-45,7,ভাইরাস,কারণ,রোগ
9-10-biology_secondary-7-45,7,ছত্রাক,কারণ,রোগ
9-10-biology_secondary-7-45,7,খেয়ে খাদ্যনালির রস,কারণ,রোগ
9-10-biology_secondary-7-45,7,চূড়ান্ত পর্যায়ে,লক্ষণ,বুকের মধ্যে ঘড়ঘড় আওয়াজ
9-10-biology_secondary-7-45,7,চূড়ান্ত পর্যায়ে,লক্ষণ,মারাত্মক শ্বাসকষ্ট
9-10-biology_secondary-7-47,7,যক্ষ্মা,লক্ষণ,উল্লেখ্য
9-10-biology_secondary-7-47,7,যক্ষ্মা,কারণ,লোক অধিক পরিশ্রম করে
9-10-biology_secondary-7-47,7,যক্ষ্মা,কারণ,দুর্বল
9-10-biology_secondary-7-47,7,যক্ষ্মা,কারণ,স্যাঁতসেতে বা অস্বাস্থ্যকর পরিবেশে বাস
9-10-biology_secondary-7-47,7,যক্ষ্মা,কারণ,অপুষ্টিতে ভোগে
9-10-biology_secondary-7-47,7,যক্ষ্মা,কারণ,যস্মা রোগীর সাথে বসবাস
9-10-biology_secondary-7-48,7,রোগ,কারণ,17০০৮৭০0711 8৮6%7001055 ব্যাকটেরিয়া
9-10-biology_secondary-7-48,7,রোগ,কারণ,17৮০০৮৫০1৮1 ব্যাকটেরিয়া
9-10-biology_secondary-7-5,7,উদ্ভিদের পাতা,কাজ,গ্যাসীয় বিনিময়
9-10-biology_secondary-7-5,7,উদ্ভিদ,কাজ,মূল মাটি থেকে পানি শোষণ
9-10-biology_secondary-7-50,7,সাধারণত,সংজ্ঞা,তিন সপ্তাহের বেশি সময় কাশি থাকে
9-10-biology_secondary-7-50,7,কাশি,লক্ষণ,খুসখুসে হয়
9-10-biology_secondary-7-50,7,কাশি,লক্ষণ,কখনো কখনো রক্ত যায়
9-10-biology_secondary-7-50,7,রাতে,সংজ্ঞা,ঘাম হয়
9-10-biology_secondary-7-50,7,বিকেলের দিকে,সংজ্ঞা,জ্বর আসে
9-10-biology_secondary-7-50,7,বুকে পিঠে,সংজ্ঞা,ব্যথা হয়
9-10-biology_secondary-7-50,7,অজীর্ণ,সংজ্ঞা,পীড়া দেখা দেয়
9-10-biology_secondary-7-50,7,পেটের পীড়া,সংজ্ঞা,দেখা দেয়
9-10-biology_secondary-7-50,7,ডাক্তারের পরামর্শ,প্রতিরোধ,চিকিৎসা করা
9-10-biology_secondary-7-53,7,ফুসফুসের ক্যাঙ্গার,কারণ,পুরুষের ক্যাঙ্গারজনিত মৃত্যুর প্রধান কারণ
9-10-biology_secondary-7-53,7,ফুসফুস,প্রকার,ক্যাঙ্গারে রূপান্তরিত ক্ষত
9-10-biology_secondary-7-54,7,ফুসফুস ক্যান্সার,কারণ,ধুমপান
9-10-biology_secondary-7-54,7,ফুসফুস ক্যান্সার,কারণ,বায়ু ও পরিবেশদূষণ
9-10-biology_secondary-7-54,7,ফুসফুস ক্যান্সার,কারণ,"বস্তুর সংস্পর্শ (যেমন: এ্যাসবেস্টাস, আর্সেনিক, ক্রোমিয়াম, নিকেল, কঠিন ধাতুর গুঁড়া)"
9-10-biology_secondary-7-55,7,লক্ষণ,প্রকার,দীর্ঘদিন ধরে খুসখুসে কাশি ও বুকে ব্যথা
9-10-biology_secondary-7-55,7,লক্ষণ,প্রকার,ভরগ্নস্বর
9-10-biology_secondary-7-55,7,লক্ষণ,প্রকার,ওজন হাস
9-10-biology_secondary-7-55,7,লক্ষণ,প্রকার,স্কুধামান্দ্য
9-10-biology_secondary-7-55,7,লক্ষণ,প্রকার,হাঁপানি
9-10-biology_secondary-7-55,7,লক্ষণ,প্রকার,ঘনঘন জ্বর
9-10-biology_secondary-7-55,7,লক্ষণ,প্রকার,বারবার ব্রংকাইটিস বা নিউমোনিয়ায় সংক্রমিত হওয়া
9-10-biology_secondary-7-64,7,জীব,কাজ,সুচারুরূপে সম্পাদিত হয়
9-10-biology_secondary-7-64,7,গনুঁকোজ,লক্ষণ,কার্বন ডাই-অক্সাইড উৎপন্ন হয়
9-10-biology_secondary-7-64,7,রপ্ত কার্বন ডাই-অক্সাইড,কাজ,ফুসফুসে নিয়ে যায়
9-10-biology_secondary-7-64,7,ফুসফুস,কাজ,দেহের বাইরে নির্গত হয়
9-10-biology_secondary-7-64,7,বৃল্ধ বা কিডনি,কাজ,নাইট্রোজেনঘটিত বর্জ্য ও অতিরিক্ত অল্প শরীর থেকে বের করে দেয়
9-10-biology_secondary-7-7,7,রক্ত,কাজ,উপাদানগুলোকে ফুসফুসে নিয়ে যাওয়া
9-10-biology_secondary-7-7,7,ফুসফুস,কাজ,অক্সিজেন শোষিত এবং কার্বন ডাই-অক্সাইড ছেড়ে দাওয়া
9-10-biology_secondary-7-7,7,শ্বাসকার্য,কাজ,অক্সিজেন গ্রহণ এবং কার্বন ডাই-অক্সাইড নিষ্কাশন
9-10-biology_secondary-7-7,7,শ্বসন,কাজ,খাদ্যবস্তুকে বায়ুর অক্সিজেনের সাথে জারিত করে মজুত শক্তিকে রূপান্তর এবং কার্বন ডাই-অক্সাইড নিষ্কাশন
9-10-biology_secondary-7-9,7,দেহ,অবস্থান,চেতন এবং অচেতন
9-10-biology_secondary-7-9,7,দেহ,কাজ,অক্সিজেন গ্রহণ এবং কার্বন ডাই-অক্সাইডের নির্গমন
9-10-biology_secondary-7-9,7,প্রাণী,কাজ,প্রতিনিয়ত দেহরক্ষার নানাবিধ প্রক্রিয়া চলায়
