triple_id,head_id,head,relation,value,chapter_no,chunk_id,subj_suspect
T0001,400,ট্যাক্সোনমি,সংজ্ঞা,শ্রেণিবিন্যাসবিদ্যা,1,9-10-biology_secondary-1-20,False
T0002,990,শ্রেণিবিন্যাসের লক্ষ্য,কাজ,একটাই বিশাল এবং বৈচিত্র্যময় জীবজগৎকে সহজভাবে অল্প পরিশ্রমে এবং অল্প সময়ে সঠিকভাবে জানা,1,9-10-biology_secondary-1-20,False
T0003,224,ক্যারোলাস লিনিয়াস,অবস্থান,আপসালা বিশ্ববিদ্যালয়,1,9-10-biology_secondary-1-21,False
T0004,224,ক্যারোলাস লিনিয়াস,কাজ,আ্যানাটমির অধ্যাপক,1,9-10-biology_secondary-1-21,False
T0005,224,ক্যারোলাস লিনিয়াস,কারণ,"বিভিন্ন ধরনের উদ্ভিদ, বিশেষ করে ফুল সংগ্রহ আর জীবের শ্রেণিবিন্যাসে তার অনেক আগ্রহ",1,9-10-biology_secondary-1-21,False
T0006,224,ক্যারোলাস লিনিয়াস,কারণ,প্রথম জীবের পূর্ণ শ্রেণিবিন্যাসের এবং নামকরণের ভিত্তি প্রবর্তন,1,9-10-biology_secondary-1-21,False
T0007,224,ক্যারোলাস লিনিয়াস,কারণ,"জীবজগৎকে দুটি ভাগে, যথা উদ্ভিদজগৎ এবং প্রাণিজগৎ হিসেবে বিন্যস্ত করেন",1,9-10-biology_secondary-1-21,False
T0008,1041,সুপার কিংডম 1,প্রকার,প্রোক্যারিওটা,1,9-10-biology_secondary-1-24,False
T0009,636,প্রোক্যারিওটা,কারণ,"আদিকোষ (নিউক্লিয়াস সুগঠিত নয়) বিশিষ্ট এককোষী, আণুবীক্ষণিক জীব",1,9-10-biology_secondary-1-24,False
T0010,105,ইউক্যারিওটা,অংশ,প্রকৃতকোষ বিশিষ্ট এককোষী বা বহুকোষী,1,9-10-biology_secondary-1-27,False
T0011,105,ইউক্যারিওটা,অংশ,এককভাবে অথবা কলোনি আকারে দলবদ্ধভাবে বসবাস করে,1,9-10-biology_secondary-1-27,False
T0012,759,বৈশিষ্ট্য,প্রকার,"অধিকাংশই স্থলজ, মৃতজীবী বা পরজীবী",1,9-10-biology_secondary-1-30,False
T0013,203,কোষ,অবস্থান,এককোষী অথবা মাইসেলিয়াম,1,9-10-biology_secondary-1-30,False
T0014,203,কোষ,অংশ,কাইটিন বস্তু,1,9-10-biology_secondary-1-30,False
T0015,238,ক্লোরোপ্লাস্ট,অবস্থান,অনুপস্থিত,1,9-10-biology_secondary-1-30,False
T0016,683,বংশবৃদ্ধি,কারণ,হ্যাপ্নয়েড স্পোর,1,9-10-biology_secondary-1-30,False
T0017,759,বৈশিষ্ট্য,প্রকার,প্রকৃত নিউক্লিয়াসযুক্ত সালোকসংশ্লেষণকারী উদ্ভিদ,1,9-10-biology_secondary-1-31,False
T0018,759,বৈশিষ্ট্য,কাজ,উন্ত টিস্যুতন্দ্র বিদ্যমান,1,9-10-biology_secondary-1-31,False
T0019,759,বৈশিষ্ট্য,কারণ,ভ্রণ সৃষ্টি হয় এবং তা থেকে ডিপ্লয়েড পর্যায় শুরু হয়,1,9-10-biology_secondary-1-31,False
T0020,759,বৈশিষ্ট্য,প্রতিরোধ,স্থলজ অথবা জলজ প্রজাতি আছে,1,9-10-biology_secondary-1-31,False
T0021,759,বৈশিষ্ট্য,লক্ষণ,"আকার, আকৃতি অথবা শারীরবৃত্তীয় পার্থক্যবিশিষ্ট ভিন্নধর্মী দুটি গ্যামেটের মিলনের মাধ্যমে যৌন জনন সম্পন্ন হয়",1,9-10-biology_secondary-1-31,False
T0022,759,বৈশিষ্ট্য,প্রকার,নিউক্লিয়াসবিশিষ্ট ও বহুকোষী প্রাণী,1,9-10-biology_secondary-1-33,False
T0023,633,প্রাণী,কাজ,হেটারোট্রোফিক অর্থাৎ পরভোজী এবং খাদ্য গলাধঃকরণ করে,1,9-10-biology_secondary-1-33,False
T0024,633,প্রাণী,অবস্থান,দেহে জটিল টিস্যুতন্ত্র বিদ্যমান,1,9-10-biology_secondary-1-33,False
T0025,782,ভ্রণ বিকাশকালীন সময়ে,কারণ,ভ্র্ণীয় স্তর সৃষ্টি হয়,1,9-10-biology_secondary-1-33,False
T0026,384,টমাস কেভলিয়ার-স্মিথ,কাজ,জীবজগতের প্রোটিস্টাকে দুটি ভাগে ভাগ করা এবং মনেরাকে ব্যাকটেরিয়া রাজ্য হিসেবে নামকরণ করা,1,9-10-biology_secondary-1-34,False
T0027,361,জীবজগৎ,অংশ,ছয়টি রাজ্য,1,9-10-biology_secondary-1-34,False
T0028,989,শ্রেণিবিন্যাসের ধাপ,অবস্থান,উপরে,1,9-10-biology_secondary-1-36,False
T0029,989,শ্রেণিবিন্যাসের ধাপ,অবস্থান,নিচে,1,9-10-biology_secondary-1-36,False
T0030,1040,সুকেন্দ্রিক কোষবিশিষ্ট বহুকোষী পরভোজী জটিল টিস্যুতন্তর,প্রকার,আছে,1,9-10-biology_secondary-1-39,True
T0031,706,বাচ্চা,কাজ,বুকের দুধ খাওয়া,1,9-10-biology_secondary-1-39,False
T0032,706,বাচ্চা,কারণ,লোম/চুল আছে,1,9-10-biology_secondary-1-39,False
T0033,1102,হাত,কারণ,আঁকড়ে ধরার উপযোগী,1,9-10-biology_secondary-1-39,False
T0034,466,দৃষ্টিশক্তি,কারণ,বেশি উন্নত,1,9-10-biology_secondary-1-39,False
T0035,797,মস্তিষ্ক,অবস্থান,দেহের অনুপাতে সবচেয়ে বড়,1,9-10-biology_secondary-1-39,False
T0036,311,চওড়া এবং খাড়া কপাল,কারণ,পাতলা এবং বুদ্ধিবৃত্তিকভাবে উন্নত,1,9-10-biology_secondary-1-40,False
T0037,608,প্রজাতি,অবস্থান,শ্রেণিবিন্যাসের ধাপে,1,9-10-biology_secondary-1-40,False
T0038,963,শিক্ষার্থী,কারণ,জীববিজ্ঞানের,1,9-10-biology_secondary-1-40,False
T0039,371,জীবের বৈজ্ঞানিক নাম,অংশ,দুটি অংশ বা পদ,1,9-10-biology_secondary-1-41,False
T0040,621,প্রথম অংশ,কাজ,গণ নাম,1,9-10-biology_secondary-1-41,False
T0041,473,দ্বিতীয় অংশ,কাজ,প্রজাতির নাম,1,9-10-biology_secondary-1-41,False
T0042,475,দ্বিপদ নাম,কারণ,জীবজগতের প্রতিটি জীবকে আলাদা নামে জানা,1,9-10-biology_secondary-1-41,False
T0043,476,দ্বিপদ নামকরণ,কারণ,জীবের বৈজ্ঞানিক নাম নির্ধারণ,1,9-10-biology_secondary-1-41,False
T0044,757,বৈজ্ঞানিক নাম,অংশ,গণ নাম,1,9-10-biology_secondary-1-44,False
T0045,757,বৈজ্ঞানিক নাম,অংশ,প্রজাতি নাম,1,9-10-biology_secondary-1-44,False
T0046,757,বৈজ্ঞানিক নাম,কারণ,অনন্য,1,9-10-biology_secondary-1-44,False
T0047,758,বৈজ্ঞানিক নামের প্রথম অংশ,কারণ,প্রথম অক্ষর বড় অক্ষর হবে,1,9-10-biology_secondary-1-44,False
T0048,758,বৈজ্ঞানিক নামের প্রথম অংশ,কারণ,বাকি অক্ষরগুলো ছোট অক্ষর,1,9-10-biology_secondary-1-44,False
T0049,1019,সাধারণ নাম,প্রকার,বৈজ্ঞানিক নাম,1,9-10-biology_secondary-1-47,False
T0050,471,দেহের বাহ্যিক বর্ণনার বিষয়,অংশ,বহিঃ অঙ্গসংস্থান,1,9-10-biology_secondary-1-8,False
T0051,469,দেহের অভ্যন্তরীণ বর্ণনার বিষয়,অংশ,অন্তঃ অঙ্গসংস্থান,1,9-10-biology_secondary-1-8,False
T0052,959,শারীরবিদ্যা,প্রতিরোধ,জৈবরাসায়নিক কার্যাদি,1,9-10-biology_secondary-1-9,False
T0053,1110,হিস্টোলজি,কাজ,"টিস্যুসমূহের গঠন, বিন্যাস এবং কার্যাবলি",1,9-10-biology_secondary-1-9,False
T0054,786,ভ্ূণবিদ্যা,কাজ,"জনন কোষের উৎপত্তি, নিষিক্ত জাইগোট থেকে ভ্রণের সৃষ্টি, গঠন, পরিস্ফুটন, বিকাশ",1,9-10-biology_secondary-1-9,False
T0055,424,তন্দ্র,অংশ,ভ্রুণ ও শিশু ধারক অঙ্গ,2,9-10-biology_secondary-2-101,False
T0056,633,প্রাণী,কাজ,প্রজনন ক্ষমতা অর্জন,2,9-10-biology_secondary-2-101,False
T0057,610,প্রজাতির ধারা,অবস্থান,অব্যাহত থাকে,2,9-10-biology_secondary-2-101,False
T0058,822,মানুষ,কারণ,একলিঙ্গ প্রাণী,2,9-10-biology_secondary-2-101,False
T0059,574,পুরুষ মানুষের দেহ,অংশ,পুরুষ প্রজননতন্দ্র,2,9-10-biology_secondary-2-101,False
T0060,494,নারীর দেহ,অংশ,স্ত্রী প্রজননতন্দ্র,2,9-10-biology_secondary-2-101,False
T0061,442,ত্বক,অবস্থান,দেহের বাইরে,2,9-10-biology_secondary-2-102,False
T0062,442,ত্বক,কাজ,বাইরের আঘাত এবং জীবাণুর আক্রমণ থেকে দেহ রক্ষণ,2,9-10-biology_secondary-2-102,False
T0063,442,ত্বক,কাজ,জলীয় অংশকে দেহের ভিতর সংরক্ষণ,2,9-10-biology_secondary-2-102,False
T0064,496,নালিহীন বা অন্তঃক্ষরা গ্রন্থি,অবস্থান,প্রাণিদেহে,2,9-10-biology_secondary-2-103,False
T0065,301,গ্রন্থি,কাজ,রসকে হরমোন বলে,2,9-10-biology_secondary-2-103,False
T0066,301,গ্রন্থি,পরিমাণ,২.৫ অণুবীক্ষণ যন্ত্র,2,9-10-biology_secondary-2-103,False
T0067,179,কাচের স্টেজ,কারণ,দুটো ক্লিপ লাগানো,2,9-10-biology_secondary-2-105,False
T0068,1073,স্তস্তের উপরে,অংশ,একটি টানা নল,2,9-10-biology_secondary-2-105,False
T0069,387,টানা নলের বাহুতে,কারণ,লেঙ্গ ধরে রাখার জন্য আংটা থাকে,2,9-10-biology_secondary-2-105,False
T0070,26,অণুবীক্ষণ যন্ত্র,অংশ,চিত্র,2,9-10-biology_secondary-2-106,False
T0071,1068,স্ট্যান্ড,অবস্থান,বেজ-এর উপর দণ্ডায়মান উল্লম্ব পিলার,2,9-10-biology_secondary-2-106,False
T0072,81,আর্ম,কারণ,উপরের দিকে বাঁকানো,2,9-10-biology_secondary-2-107,False
T0073,661,ফুট,কারণ,নিচের দিকে পাটাতনের মতো,2,9-10-biology_secondary-2-107,False
T0074,1067,স্টেজ,অবস্থান,আর্ম-এর নিচের অংশে,2,9-10-biology_secondary-2-107,False
T0075,691,বড়ি টিউব,কারণ,অণুবীক্ষণ যন্ত্রের উপরের দিককার নলাকার অংশ,2,9-10-biology_secondary-2-107,False
T0076,524,নোজপিস,অবস্থান,বড়ি টিউবের নিচের দিকে,2,9-10-biology_secondary-2-108,False
T0077,941,লেস,প্রকার,৩টি,2,9-10-biology_secondary-2-108,False
T0078,657,ফাইন আ্যাডজাস্টমেন্ট নব,কাজ,স্লাইডকে লেঙ্গের ফোকাস দূরত্বের ভিতরে বা বাইরে নেওয়া,2,9-10-biology_secondary-2-109,False
T0079,657,ফাইন আ্যাডজাস্টমেন্ট নব,কাজ,স্টেজকে ঘুরিয়ে স্লাইডকে লেঙ্গের ফোকাস দূরত্বের ভিতরে বা বাইরে নেওয়া,2,9-10-biology_secondary-2-109,False
T0080,657,ফাইন আ্যাডজাস্টমেন্ট নব,কারণ,ফোকাসের সুক্ষ সমন্বয় করার জন্য,2,9-10-biology_secondary-2-109,False
T0081,639,প্রোটোপ্লাজম,অবস্থান,কোষের ভিতরে,2,9-10-biology_secondary-2-11,False
T0082,639,প্রোটোপ্লাজম,অংশ,সবকিছু,2,9-10-biology_secondary-2-11,False
T0083,212,কোষবিল্লী,অংশ,প্রোটোপ্লাজম,2,9-10-biology_secondary-2-11,False
T0084,210,কোষঝিল্লি,অংশ,প্রোটোপ্লাজম,2,9-10-biology_secondary-2-11,False
T0085,1015,সাইটোপ্লাজমীয় অঙ্গাণু,অবস্থান,কোষবিল্লীর আড়ালে,2,9-10-biology_secondary-2-11,False
T0086,506,নিউক্লিয়াস,অবস্থান,কোষবিল্লীর আড়ালে,2,9-10-biology_secondary-2-11,False
T0087,1023,সাবস্টেজ,অবস্থান,স্টেজের নিচে,2,9-10-biology_secondary-2-111,False
T0088,1023,সাবস্টেজ,কারণ,উঠা-নামা করানো যায়,2,9-10-biology_secondary-2-111,False
T0089,1023,সাবস্টেজ,কারণ,একটি কনডেলার লাগানো থাকে,2,9-10-biology_secondary-2-111,False
T0090,166,কনডেলার,অংশ,একটি ডায়াঙ্রাম,2,9-10-biology_secondary-2-111,False
T0091,166,কনডেলার,অংশ,একটি পর্দা,2,9-10-biology_secondary-2-111,False
T0092,166,কনডেলার,কারণ,আলো কনডেলারের ভিতরে প্রবেশ করবে তা নির্ধারণ করে,2,9-10-biology_secondary-2-111,False
T0093,205,কোষ বা টিস্যুর পাতলা স্তর,অবস্থান,জলীয় মাধ্যমে,2,9-10-biology_secondary-2-114,False
T0094,204,কোষ বা টিস্যু,অবস্থান,চিহ্নিত করা মুশকিল,2,9-10-biology_secondary-2-114,False
T0095,426,তরঙ্গ দৈর্ঘ্য,পরিমাণ,400-700 ন্যানোমিটার,2,9-10-biology_secondary-2-116,False
T0096,1014,সাইটোপ্লাজম,অবস্থান,অবস্থিত,2,9-10-biology_secondary-2-116,False
T0097,26,অণুবীক্ষণ যন্ত্র,কাজ,অঙ্গাণুগুলো স্পষ্ট দেখা দিতে পারে,2,9-10-biology_secondary-2-118,False
T0098,122,ইলেক্ট্রন তরঙ,কাজ,বিবর্ধন করা হয়,2,9-10-biology_secondary-2-118,False
T0099,123,ইলেক্ট্রন মাইক্রোস্কোপ,প্রকার,অণুবীক্ষণ যন্ত্র,2,9-10-biology_secondary-2-118,False
T0100,203,কোষ,অবস্থান,কোষঝিল্পি জুড়ে কোষের সীমানা এবং কেন্দ্রে নিউক্লিয়াস,2,9-10-biology_secondary-2-126,False
T0101,203,কোষ,কারণ,কোষগুলো ভালো করে ছড়ানো না থাকলে,2,9-10-biology_secondary-2-126,False
T0102,924,লাইসোজোম,কাজ,জীবাণু ভক্ষণ,2,9-10-biology_secondary-2-128,False
T0103,1014,সাইটোপ্লাজম,অংশ,সাইটোগ্লাজম,2,9-10-biology_secondary-2-13,False
T0104,16,অঙ্গাণু,প্রকার,"ঝিল্লিযুক্ত সাইটোপ্লাজমীয় অঙ্গাণু, বিল্লিবিহীন অঙ্গাণু",2,9-10-biology_secondary-2-13,False
T0105,355,জীব,প্রকার,এককোথষী জীব,2,9-10-biology_secondary-2-133,False
T0106,355,জীব,প্রকার,বহুকোষী জীব,2,9-10-biology_secondary-2-133,False
T0107,822,মানুষ,প্রকার,বহুকোষী জীব,2,9-10-biology_secondary-2-133,False
T0108,688,বট গাছ,প্রকার,বহুকোষী জীব,2,9-10-biology_secondary-2-133,False
T0109,435,তিমি মাছ,প্রকার,বহুকোষী জীব,2,9-10-biology_secondary-2-133,False
T0110,223,ক্যারিওকাইনেসিস,অবস্থান,নিউক্লিয়াসের বিভাজন,2,9-10-biology_secondary-2-137,False
T0111,1012,সাইটোকাইনেসিস,অবস্থান,সাইটোগ্লাজমের বিভাজন,2,9-10-biology_secondary-2-137,False
T0112,203,কোষ,কাজ,নিউক্লিয়াসে কিছু প্রস্তুতিমূলক কাজ হয়,2,9-10-biology_secondary-2-137,False
T0113,115,ইন্টারফেজ,অবস্থান,বিভাজন শুরুর আগে,2,9-10-biology_secondary-2-137,False
T0114,806,মাইটোকন্ডিয়ার প্রধান কাজ,কাজ,জীবের শ্বসনকার্যে সাহায্য করা,2,9-10-biology_secondary-2-14,False
T0115,1084,স্পিন্ডল যন্ত্র,অংশ,দুই মেরু,2,9-10-biology_secondary-2-140,False
T0116,1085,স্পিন্ডল যন্ত্রের দুই মেরুর মধ্যবর্তী স্থান,কারণ,ইকুয়েটর বা বিষুবীয় অঞ্চল,2,9-10-biology_secondary-2-140,True
T0117,1083,স্পিন্ডল তন্তু,অবস্থান,মেরু থেকে অপর মেরু পর্যন্ত,2,9-10-biology_secondary-2-141,False
T0118,1086,স্পিন্ডলযন্ত্রের কিছু তন্তু,অবস্থান,স্পিন্ডল তন্তু সাথে,2,9-10-biology_secondary-2-141,False
T0119,66,আকর্ষণ তন্তু,কারণ,স্পিন্ডলযন্ত্রের কিছু তন্তুর সাথে সংযুক্ত হয়,2,9-10-biology_secondary-2-141,False
T0120,235,ক্রোমোজোম,অবস্থান,স্পিন্ডলযন্ত্রের কিছু তন্তুর সাথে সংযুক্ত হয়,2,9-10-biology_secondary-2-141,False
T0121,236,ক্রোমোজোমাল তন্তু,কারণ,ক্রোমোজোমের সাথে এই তন্তুগুলি সংযুক্ত বলে,2,9-10-biology_secondary-2-141,False
T0122,235,ক্রোমোজোম,অবস্থান,বিষুবীয় অঞ্চলে বিন্যস্ত হতে থাকে,2,9-10-biology_secondary-2-141,False
T0123,505,নিউক্লিয়ার মেমব্রেন,অবস্থান,কোষের নিউক্লিয়াসে,2,9-10-biology_secondary-2-141,False
T0124,503,নিউক্লিওলাস,অবস্থান,কোষের নিউক্লিয়াসে,2,9-10-biology_secondary-2-141,False
T0125,631,প্রাণিকোষ,কাজ,স্পিন্ডল যন্ত্র সৃষ্টি ছাড়াও পূর্বে বিক্্ত সেন্ট্রিওল দুটি দুই মেরুতে অবস্থান করে,2,9-10-biology_secondary-2-141,False
T0126,1051,সেন্ট্রিওল,অবস্থান,প্রাণিকোষে,2,9-10-biology_secondary-2-141,False
T0127,893,রশ্মি,কারণ,সেদ্ট্রিওল দুটির চারদিক থেকে বিচ্ছুরিত হয়,2,9-10-biology_secondary-2-141,False
T0128,79,আযাস্টার-রে,কারণ,রশ্মি বিচ্ছুরিত হয়,2,9-10-biology_secondary-2-141,False
T0129,997,সব ক্রোমোজোম সিপিন্ডল যন্ত্রের বিষুবীয় অঞ্চলে,অবস্থান,অবস্থান,2,9-10-biology_secondary-2-143,True
T0130,612,প্রতিটি ক্রোমোজোমের সেস্ট্রোমিয়ার বিষুবীয় অঞ্চলে,অবস্থান,অবস্থান,2,9-10-biology_secondary-2-143,False
T0131,611,প্রতিটি ক্রোমোজোমের বাহু দুটি,অবস্থান,মেরুমুখী হয়ে অবস্থান,2,9-10-biology_secondary-2-143,False
T0132,237,ক্রোমোটিড,অবস্থান,অপত্য ক্রোমোজোম,2,9-10-biology_secondary-2-144,False
T0133,40,অপত্য ক্রোমোজোম,কারণ,সেস্্রোমিয়ার থাকে,2,9-10-biology_secondary-2-144,False
T0134,40,অপত্য ক্রোমোজোম,কাজ,বিষুবীয় অঞ্চল থেকে পরস্পর বিপরীত মেরুর দিকে সরে যাওয়া,2,9-10-biology_secondary-2-144,False
T0135,40,অপত্য ক্রোমোজোম,অবস্থান,মেরু অভিমুখী চলনে সেস্ট্রোমিয়ার অগ্রগামী,2,9-10-biology_secondary-2-145,False
T0136,40,অপত্য ক্রোমোজোম,অবস্থান,বাত্ধদ্বয় অনুগামী,2,9-10-biology_secondary-2-145,False
T0137,235,ক্রোমোজোম,অবস্থান,"ছ, 1, ] বা 17-এর মতো আকার ধারণ",2,9-10-biology_secondary-2-145,False
T0138,1054,সেন্ট্রোমিয়ার,অবস্থান,অনুযায়ী ক্রোমোজোমগুলো আকার,2,9-10-biology_secondary-2-145,False
T0139,1054,সেন্ট্রোমিয়ার,কারণ,ক্রোমোজোমগুলো আকার,2,9-10-biology_secondary-2-145,False
T0140,40,অপত্য ক্রোমোজোম,অবস্থান,স্পিন্ডলযন্ত্রের মেরুপ্রান্তে,2,9-10-biology_secondary-2-145,False
T0141,740,বিষুবীয় তলের জালিকার অংশগুলো,অবস্থান,টেলোফেজ পর্যায়ের শেষে বিষুবীয় তলে,2,9-10-biology_secondary-2-148,False
T0142,347,জালিকার অংশগুলো,কাজ,কোষপ্লেট গঠন,2,9-10-biology_secondary-2-148,False
T0143,1013,সাইটোগ্লাজমিক অঙ্গাণুসমূহ,কাজ,সমবণ্টন,2,9-10-biology_secondary-2-148,False
T0144,218,কোষৰিল্লি,অবস্থান,স্পিন্ডলযন্ত্রের বিষুবীয় অঞ্চল বরাবর,2,9-10-biology_secondary-2-148,False
T0145,218,কোষৰিল্লি,কাজ,গভীরতর হয়ে একত্রে মিলিত হয়,2,9-10-biology_secondary-2-148,False
T0146,295,গিঁট,অবস্থান,সেন্ট্রোমিয়ারের মডেল,2,9-10-biology_secondary-2-150,False
T0147,725,বাহু,অংশ,চারটি,2,9-10-biology_secondary-2-150,False
T0148,725,বাহু,কাজ,ক্রোমাটিডের দৈর্ঘ্য সমান,2,9-10-biology_secondary-2-150,False
T0149,725,বাহু,অবস্থান,সেন্ট্রোমিয়ার থেকে,2,9-10-biology_secondary-2-150,False
T0150,481,ধাপ,অবস্থান,মাইটোকন্ড্রিয়ার মধ্যে,2,9-10-biology_secondary-2-16,False
T0151,980,শ্বসনের ধাপ,কাজ,ক্রেবস চক্রে অংশগ্রহণকারী উৎসেচক উপস্থিত থাকায় বিক্রিয়াগুলো মাইটোকন্ড্রিয়াতেই সম্পন্ন হয়,2,9-10-biology_secondary-2-16,False
T0152,231,ক্রেবস চক্রের ধাপ,কাজ,শত্তি উৎপাদন,2,9-10-biology_secondary-2-16,False
T0153,805,মাইটোকন্ডিয়া,কারণ,কোষের শত্তি উৎপাদন কেন্দ্র বা পাওয়ার হাউস বলা হয়,2,9-10-biology_secondary-2-16,False
T0154,642,প্লাস্টিড,কাজ,খাদ্য প্রস্তুত করা,2,9-10-biology_secondary-2-18,False
T0155,642,প্লাস্টিড,কাজ,খাদ্য সঞ্চয় করা,2,9-10-biology_secondary-2-18,False
T0156,642,প্লাস্টিড,কাজ,উদ্ভিদদেহকে বর্ণময় এবং আকর্ষণীয় করে পরাগায়নে সাহায্য করা,2,9-10-biology_secondary-2-18,False
T0157,238,ক্লোরোপ্লাস্ট,প্রকার,সবুজ রঙের প্লাস্টিড,2,9-10-biology_secondary-2-18,False
T0158,238,ক্লোরোপ্লাস্ট,কারণ,00100701850,2,9-10-biology_secondary-2-18,False
T0159,644,প্লীস্টিডের গ্রানা,অবস্থান,ঠঁ রাসায়নিক শত্তিত,2,9-10-biology_secondary-2-19,False
T0160,644,প্লীস্টিডের গ্রানা,কাজ,সূর্যালোককে আবদ্ধ করে,2,9-10-biology_secondary-2-19,False
T0161,70,আবদ্ধ সৌরশক্তি,অবস্থান,স্ট্রোমাতে,2,9-10-biology_secondary-2-19,False
T0162,146,উৎসেচক,অবস্থান,স্ট্রোমাতে,2,9-10-biology_secondary-2-19,False
T0163,890,রঙিন প্লাস্টিড,কাজ,"ফুল, পাতা এবং উদ্ভিদের অন্যান্য অংশ আকর্ষণীয় করার সাহায্য",2,9-10-biology_secondary-2-21,False
T0164,890,রঙিন প্লাস্টিড,কাজ,পরাগায়নে সাহায্য,2,9-10-biology_secondary-2-21,False
T0165,156,এন্ডোপ্লাজমিক রেটিকুলাম,কাজ,প্রোটিন সংশ্লেষণের ঘটনার ঘটনার পথ,2,9-10-biology_secondary-2-26,False
T0166,156,এন্ডোপ্লাজমিক রেটিকুলাম,কারণ,কোষগহ্বর সৃষ্টিতে এসন্ডোপ্লাজমিক রেটিকুলামের গুরুত্বপূর্ণ ভূমিকা রয়েছে,2,9-10-biology_secondary-2-26,False
T0167,156,এন্ডোপ্লাজমিক রেটিকুলাম,প্রতিরোধ,প্লাজমা মেমব্রেনের সাথে যুক্ত থাকে,2,9-10-biology_secondary-2-26,False
T0168,207,কোষগহ্বর,অবস্থান,কোষের মধ্যে,2,9-10-biology_secondary-2-27,False
T0169,207,কোষগহ্বর,কাজ,কোষরস ধারণ,2,9-10-biology_secondary-2-27,False
T0170,207,কোষগহ্বর,প্রকার,বৃহৎ কোষণগহ্র,2,9-10-biology_secondary-2-27,False
T0171,207,কোষগহ্বর,প্রকার,"অজৈব লবণ, রঞ্জক পদার্থ, পানি",2,9-10-biology_secondary-2-27,False
T0172,925,লাইসোজোমের পর্দা,কারণ,অঙ্গাগুলো নষ্ট হয়ে যায়,2,9-10-biology_secondary-2-29,False
T0173,15,অঙ্গাগুলো,কারণ,কোষটিই মারা যায়,2,9-10-biology_secondary-2-29,False
T0174,206,কোষকঙ্কাল,কারণ,কোষটিকে ধরে রাখে,2,9-10-biology_secondary-2-30,False
T0175,206,কোষকঙ্কাল,অংশ,অসংখ্য দড়ির মতো বস্তু,2,9-10-biology_secondary-2-30,False
T0176,206,কোষকঙ্কাল,কাজ,কোষের চারদিকে জালের মতো ছড়িয়ে রয়েছে,2,9-10-biology_secondary-2-30,False
T0177,206,কোষকঙ্কাল,সংজ্ঞা,লম্বা এবং মোটা-চিকন মিলিয়ে,2,9-10-biology_secondary-2-30,False
T0178,895,রাইবোজোম,অবস্থান,প্রাণী এবং উদ্ভিদ কোষে,2,9-10-biology_secondary-2-32,False
T0179,895,রাইবোজোম,কাজ,প্রোটিন সংশ্লেষণে সাহায্য,2,9-10-biology_secondary-2-32,False
T0180,895,রাইবোজোম,কাজ,উৎসেচক সরবরাহ,2,9-10-biology_secondary-2-32,False
T0181,146,উৎসেচক,কাজ,প্রাণরাসায়নিক বিক্রিয়ার গতি বাড়িয়ে দেওয়া,2,9-10-biology_secondary-2-32,False
T0182,804,মাইটোকন্ডরিয়ার ম্যাট্রিক,অবস্থান,রাইবোজোম,2,9-10-biology_secondary-2-32,False
T0183,643,প্লাস্টিডের স্ট্রোমাত,অবস্থান,রাইবোজোম,2,9-10-biology_secondary-2-32,False
T0184,895,রাইবোজোম,অবস্থান,এঁ অঙ্গাণুসমূহের ডিএনএ-এর সংকেত অনুযায়ী প্রোটিন সংশ্লেষণে অংশ নেয়,2,9-10-biology_secondary-2-32,False
T0185,764,ব্যাকটেরিয়া কোষের সাইটোপ্লাজমে,অবস্থান,রাইবোজোম,2,9-10-biology_secondary-2-32,False
T0186,895,রাইবোজোম,কাজ,প্রোটিন সংশ্লেষণ,2,9-10-biology_secondary-2-32,False
T0187,16,অঙ্গাণু,অবস্থান,সেন্ট্রিওলের চারপাশে,2,9-10-biology_secondary-2-33,False
T0188,1055,সেন্ট্রোল,অবস্থান,সেন্ট্রোজোমে,2,9-10-biology_secondary-2-33,False
T0189,1052,সেন্ট্রোক্ষিয়া,অবস্থান,সেন্ট্রোলের চারপাশে,2,9-10-biology_secondary-2-33,False
T0190,1062,সেস্ট্রোক্ফিয়া,অবস্থান,সেন্ট্রোলের চারপাশে,2,9-10-biology_secondary-2-33,False
T0191,1053,সেন্ট্রোজোম,কাজ,কোষ বিভাজনের চিত্র,2,9-10-biology_secondary-2-33,False
T0192,674,ফ্লাজেলা,অংশ,বিভিন্ন ধরনের,2,9-10-biology_secondary-2-34,False
T0193,506,নিউক্লিয়াস,অবস্থান,রক্তকোষে,2,9-10-biology_secondary-2-35,False
T0194,506,নিউক্লিয়াস,কাজ,বিপাকীয় কার্যাবলি নিয়ন্ত্রণ,2,9-10-biology_secondary-2-35,False
T0195,506,নিউক্লিয়াস,প্রকার,বংশগতির বৈশিষ্ট্য নিহিত,2,9-10-biology_secondary-2-35,False
T0196,504,নিউক্লিয়ার ঝিল্লি,অবস্থান,নিউক্লিয়াসকে ঘিরে,2,9-10-biology_secondary-2-35,False
T0197,504,নিউক্লিয়ার ঝিল্লি,কারণ,নিউক্লিয়াস এবং সাইটোগ্লাজমের মধ্যে বস্তু চলাচল নিয়ন্ত্রণ,2,9-10-biology_secondary-2-35,False
T0198,504,নিউক্লিয়ার ঝিল্লি,কারণ,নিউক্লিয়াস এবং সাইটোগ্লাজমের মধ্যে বস্তু পৃথক রাখা,2,9-10-biology_secondary-2-35,False
T0199,502,নিউক্লিওপ্লাজম,কারণ,নিউক্লিয়াসের বস্তু রস,2,9-10-biology_secondary-2-35,False
T0200,503,নিউক্লিওলাস,অবস্থান,নিউক্লিওপ্লাজমের মধ্যে,2,9-10-biology_secondary-2-36,False
T0201,503,নিউক্লিওলাস,কাজ,"চা, ও প্রোটিন দিয়ে তৈরি হয়",2,9-10-biology_secondary-2-36,False
T0202,503,নিউক্লিওলাস,কাজ,রাইবোজোম সংশ্লেষণ করে,2,9-10-biology_secondary-2-36,False
T0203,233,ক্রোমাটিন,কাজ,জেনেটিক বৈশিষ্ট্যসমূহ বংশপরম্পরায় সঞ্চারিত হওয়ার মাধ্যম হিসেবে কাজ করে,2,9-10-biology_secondary-2-37,False
T0204,233,ক্রোমাটিন,অবস্থান,কোষের নিউক্লিয়াসে,2,9-10-biology_secondary-2-37,False
T0205,425,তন্ভুগুলো,কারণ,একসাথে ক্রোমাটিন জালিকা খুলে যায়,2,9-10-biology_secondary-2-38,False
T0206,234,ক্রোমাটিনগুলো,কাজ,আরো মোটা হয়,2,9-10-biology_secondary-2-38,False
T0207,234,ক্রোমাটিনগুলো,কারণ,একটি বাহু আলাদা আলাদা কাঠামো হিসেবে চিহ্নিত করা সম্ভব,2,9-10-biology_secondary-2-38,False
T0208,235,ক্রোমোজোম,অংশ,ক্রোমাটিড,2,9-10-biology_secondary-2-39,False
T0209,232,ক্রোমাটিড,অংশ,সেস্ট্রোমিয়ার,2,9-10-biology_secondary-2-39,False
T0210,1063,সেস্ট্রোমিয়ার,অবস্থান,ক্রোমাটিডের (প্রায়) মধ্যবর্তী অংশ,2,9-10-biology_secondary-2-39,False
T0211,232,ক্রোমাটিড,অংশ,তার দুটি বাহু,2,9-10-biology_secondary-2-39,False
T0212,1063,সেস্ট্রোমিয়ার,অবস্থান,ক্রোমাটিডের উভয় পাশে,2,9-10-biology_secondary-2-39,False
T0213,176,কাইনেটোকোর,কাজ,সেস্ট্রোমিয়ারের যে অংশে স্পিন্ডল যন্ত্রের মাইক্রোটিউবিউল এসে যুক্ত হয়,2,9-10-biology_secondary-2-39,False
T0214,180,কাজ,প্রকার,উদ্ভিদ ও প্রাণীর কাজ,2,9-10-biology_secondary-2-40,False
T0215,151,এককোষী প্রাণী,কাজ,"দেহের সব ধরনের ক্রিয়াকলাপ-খাদ্যগ্রহণ, দেহের বৃদ্ধি ও প্রজনন",2,9-10-biology_secondary-2-41,False
T0216,203,কোষ,অংশ,একত্রিত হয় এবং একই কাজ করে,2,9-10-biology_secondary-2-42,False
T0217,393,টিস্যু,প্রকার,তিন ধরনের,2,9-10-biology_secondary-2-42,False
T0218,393,টিস্যু,প্রকার,সরল টিস্যু,2,9-10-biology_secondary-2-42,False
T0219,393,টিস্যু,প্রকার,জটিল টিস্যু,2,9-10-biology_secondary-2-42,False
T0220,1010,সরল টিস্যু,অবস্থান,স্থায়ী টিস্যুর প্রতিটি কোষ,2,9-10-biology_secondary-2-43,False
T0221,1010,সরল টিস্যু,প্রকার,প্যারেনকাইমা,2,9-10-biology_secondary-2-43,False
T0222,1010,সরল টিস্যু,প্রকার,কোলেনকাইমা,2,9-10-biology_secondary-2-43,False
T0223,1010,সরল টিস্যু,প্রকার,স্কেরেনকাইমা,2,9-10-biology_secondary-2-43,False
T0224,676,ফ্লুরেনকাইমা টিস্যু,অবস্থান,কোষগুলোতে,2,9-10-biology_secondary-2-46,False
T0225,676,ফ্লুরেনকাইমা টিস্যু,কাজ,দুই ধরনের কোষ প্রদান করা,2,9-10-biology_secondary-2-46,False
T0226,658,ফাইবার,কাজ,উদ্ভিদদেহে দৃঢ়তা প্রদান এবং পানি ও খনিজ লবণ পরিবহণ,2,9-10-biology_secondary-2-46,False
T0227,658,ফাইবার,অবস্থান,কোষগুলোতে,2,9-10-biology_secondary-2-46,False
T0228,658,ফাইবার,অবস্থান,প্রাচীরের গায়ে ছিদ্র থাকে,2,9-10-biology_secondary-2-46,False
T0229,994,সক্কেরাইড,কাজ,"খাটো, সমব্যাসীয়, কখনো লম্বাটে আবার কখনো তারকাকার হতে পারে",2,9-10-biology_secondary-2-46,False
T0230,994,সক্কেরাইড,অবস্থান,"কোষপ্রাচীর খুবই শত্ত, অত্যন্ত পুরু এবং লিগনিনযুক্ত",2,9-10-biology_secondary-2-46,False
T0231,994,সক্কেরাইড,অবস্থান,পরিণত সাধারণত মৃত থাকে এবং এদের কোষপ্রাচীর কূপযুন্ত হয়,2,9-10-biology_secondary-2-46,False
T0232,171,কর্টেক্স,অংশ,স্কেরাইড টিস্যু,2,9-10-biology_secondary-2-47,False
T0233,648,ফল,অংশ,স্কেরাইড টিস্যু,2,9-10-biology_secondary-2-47,False
T0234,741,বীজ,অংশ,স্কেরাইড টিস্যু,2,9-10-biology_secondary-2-47,False
T0235,700,বহিঃত্বক জাইলেম,অবস্থান,পত্রবৃন্তে,2,9-10-biology_secondary-2-47,False
T0236,678,ফ্লোয়েম,অবস্থান,পত্রবৃন্তে,2,9-10-biology_secondary-2-47,False
T0237,208,কোষগুচ্ছ,অবস্থান,পত্রবৃন্তে,2,9-10-biology_secondary-2-47,False
T0238,137,উদ্ভিদের পরিবহণ টিস্যুগুচ্ছ,প্রকার,জাইলেম এবং ফ্লোয়েম,2,9-10-biology_secondary-2-48,False
T0239,342,জাইলেম,প্রকার,প্রাথমিক ও গৌণ বা সেকেন্ডারি জাইলেম,2,9-10-biology_secondary-2-49,False
T0240,602,প্রকৃত কোষ,অংশ,নিউক্লিয়াস,2,9-10-biology_secondary-2-5,False
T0241,602,প্রকৃত কোষ,কাজ,নিউক্লিও-বস্তু পরিবেন্টিত ও সুসংগঠিত,2,9-10-biology_secondary-2-5,False
T0242,602,প্রকৃত কোষ,অংশ,রাইবোজোম,2,9-10-biology_secondary-2-5,False
T0243,602,প্রকৃত কোষ,অংশ,সকল অঙ্গাণু,2,9-10-biology_secondary-2-5,False
T0244,235,ক্রোমোজোম,অংশ,প্রোটিন,2,9-10-biology_secondary-2-5,False
T0245,235,ক্রোমোজোম,অংশ,হিস্টোন,2,9-10-biology_secondary-2-5,False
T0246,235,ক্রোমোজোম,অংশ,অন্যান্য উপাদান,2,9-10-biology_secondary-2-5,False
T0247,403,ট্রাকিড,অবস্থান,প্রাথমিক অবস্থায় প্রোটোজাইলেম এবং পরিণত অবস্থায় মেটাজাইলেমে,2,9-10-biology_secondary-2-50,False
T0248,203,কোষ,অংশ,চোঙের মতো,2,9-10-biology_secondary-2-52,False
T0249,209,কোষগুলো,অবস্থান,একটির মাথায় আরেকটি সজ্জিত,2,9-10-biology_secondary-2-52,False
T0250,634,প্রান্তীয় প্রাচীর,অবস্থান,গলে গিয়ে একটি দীর্ঘ চিত্র,2,9-10-biology_secondary-2-52,False
T0251,213,কোষরস,কাজ,সৃষ্টি করে,2,9-10-biology_secondary-2-52,False
T0252,779,ভেসেল,অবস্থান,ভেসেলের প্রাচীর,2,9-10-biology_secondary-2-53,False
T0253,779,ভেসেল,কারণ,প্রোটোপ্লাজমবিহীন হয়,2,9-10-biology_secondary-2-53,False
T0254,779,ভেসেল,কাজ,উপরে ওঠার জন্য একটি সরু পথ সৃষ্টি হয়ে যায়,2,9-10-biology_secondary-2-53,False
T0255,779,ভেসেল,কারণ,বৃক্ষ বা আরোহী উদ্ভিদে আরও অনেক লম্বা হতে পারে,2,9-10-biology_secondary-2-53,False
T0256,132,উদ্ভিদ,কাজ,পানি এবং খনিজ লবণ পরিবহণ,2,9-10-biology_secondary-2-54,False
T0257,132,উদ্ভিদ,কাজ,অঙ্গকে দৃঢ়তা প্রদান,2,9-10-biology_secondary-2-54,False
T0258,343,জাইলেম প্যারেনকাইমা,অবস্থান,জাইলেম,2,9-10-biology_secondary-2-55,False
T0259,600,প্যারেনকাইমা,কাজ,খাদ্য সঞ্চয় এবং পানি পরিবহণ,2,9-10-biology_secondary-2-55,False
T0260,628,প্রাচীর,সংজ্ঞা,পুরু বা পাতলা,2,9-10-biology_secondary-2-55,False
T0261,625,প্রাইমারি জাইলেমে অবস্থিত প্যারেনকাইমার কোষ,প্রকার,পাতলা প্রাচীরযুত,2,9-10-biology_secondary-2-55,False
T0262,1047,সেকেন্ডারি জাইলেমে প্যারেনকাইমা,প্রকার,পুরু প্রাচীরযুত,2,9-10-biology_secondary-2-55,False
T0263,344,জাইলেম ফাইবার,অবস্থান,জাইলেম,2,9-10-biology_secondary-2-56,False
T0264,344,জাইলেম ফাইবার,কাজ,পানি ও খনিজ পদার্থ পরিবহণ,2,9-10-biology_secondary-2-56,False
T0265,344,জাইলেম ফাইবার,কাজ,খাদ্য সঞ্চয়,2,9-10-biology_secondary-2-56,False
T0266,344,জাইলেম ফাইবার,কাজ,উদ্ভিদকে যান্ত্রিক শাস্তি আর দৃঢ়তা প্রদান,2,9-10-biology_secondary-2-56,False
T0267,678,ফ্লোয়েম,কাজ,জাইলেমের সাথে একত্রে পরিবহণ টিস্যুগুচ্ছ তৈরি করা,2,9-10-biology_secondary-2-57,False
T0268,679,ফ্লোয়েম টিস্যু,অংশ,"সিভনল, সঙ্গীকোষ, ফ্লোয়েম প্যারেনকাইমা, ফ্লোয়েম তন্তু",2,9-10-biology_secondary-2-57,False
T0269,1035,সিভকোষ,অংশ,ফ্লোয়েম টিস্যু,2,9-10-biology_secondary-2-58,False
T0270,1035,সিভকোষ,কাজ,খাদ্য পরিবহনের নল,2,9-10-biology_secondary-2-58,False
T0271,1036,সিভনল,অংশ,ফ্লোয়েম টিস্যু,2,9-10-biology_secondary-2-58,False
T0272,995,সঙ্গীকোষ,অবস্থান,একটি করে প্যারেনকাইমা জাতীয় কোষে,2,9-10-biology_secondary-2-59,False
T0273,357,জীবকোষ ও টিস্যু,কাজ,নিউক্লিয়াস সিভকোষের কার্যাবলি কিছু পরিমাণে হলেও নিয়ন্ত্রণ করে,2,9-10-biology_secondary-2-59,False
T0274,468,দেহকোষ,কাজ,বহুকোষী জীবের দেহ গঠনে অংশগ্রহণ করা,2,9-10-biology_secondary-2-6,False
T0275,468,দেহকোষ,কাজ,মাইটোসিস পদ্ধতিতে বিভাজনের মাধ্যমে বিভাজিত হওয়া,2,9-10-biology_secondary-2-6,False
T0276,468,দেহকোষ,কাজ,বিভিন্ন তন্ত্র ও অঙ্গ-প্রত্যঙ গঠনে অংশ নেওয়া,2,9-10-biology_secondary-2-6,False
T0277,680,ফ্লোয়েম প্যারেনকাইমা,অবস্থান,ফ্লোয়েম টিস্যু,2,9-10-biology_secondary-2-60,False
T0278,680,ফ্লোয়েম প্যারেনকাইমা,কাজ,খাদ্য সঞ্চয় এবং খাদ্য পরিবহণে সহায়তা,2,9-10-biology_secondary-2-60,False
T0279,680,ফ্লোয়েম প্যারেনকাইমা,প্রকার,সাধারণ প্যারেনকাইমার মতো পাতলা কোষণপ্রাচীরযুক্ত এবং প্রোটোপ্লাজমযুন্ত,2,9-10-biology_secondary-2-60,False
T0280,203,কোষ,অবস্থান,কোনো বিশেষ কাজে নিয়োজিত,2,9-10-biology_secondary-2-63,False
T0281,203,কোষ,কাজ,সমন্টিগতভাবে একটা কাজে নিয়োজিত,2,9-10-biology_secondary-2-63,False
T0282,203,কোষ,অবস্থান,একটা ধরনের কিছুসংখ্যক কোষ,2,9-10-biology_secondary-2-63,False
T0283,203,কোষ,অবস্থান,জীবদেহের কোনো নির্দি্ট স্থানে,2,9-10-biology_secondary-2-63,False
T0284,203,কোষ,কাজ,সমন্টিগতভাবে টিস্যু তৈরি করা,2,9-10-biology_secondary-2-63,False
T0285,986,শ্বেত রক্তকণিকা,কাজ,দেহের রোগ প্রতিরোধ,2,9-10-biology_secondary-2-65,False
T0286,887,রক্তের অণুচক্রিকা কোষ,কাজ,শরীরের কেটে যাওয়া অংশ থেকে রক্তক্ষরণ বন্ধ করতে সাহায্য,2,9-10-biology_secondary-2-65,False
T0287,954,শরীরের ত্বকীয় কোষ,কাজ,শরীরের আবরণ দেওয়া,2,9-10-biology_secondary-2-65,False
T0288,954,শরীরের ত্বকীয় কোষ,কাজ,শরীরের অবস্থানভেদে বিভিন্ন কাজ করতে থাকে,2,9-10-biology_secondary-2-65,False
T0289,812,মাথার ত্বকীয় কোষ,কাজ,চুল গজিয়ে থাকে,2,9-10-biology_secondary-2-65,False
T0290,955,শরীরের ত্বকের ঘাম নির্গমনকারী কোষ,কাজ,নির্দি্ট স্থানে ঘাম,2,9-10-biology_secondary-2-65,False
T0291,632,প্রাণিটিস্যু,প্রকার,চার ধরনের,2,9-10-biology_secondary-2-66,False
T0292,41,অবরণী টিস্যু,কাজ,অঙ্গকে আবৃত রাখা,2,9-10-biology_secondary-2-67,False
T0293,41,অবরণী টিস্যু,কাজ,সেটিকে বাইরের আঘাত থেকে রক্ষা,2,9-10-biology_secondary-2-67,False
T0294,41,অবরণী টিস্যু,কাজ,প্রোটিনসহ বিভিন্ন পদার্থ ক্ষরণ বা নিঃসরণ,2,9-10-biology_secondary-2-67,False
T0295,41,অবরণী টিস্যু,কাজ,বিভিন্ন পদার্থ শোষণ,2,9-10-biology_secondary-2-67,False
T0296,41,অবরণী টিস্যু,কাজ,কোষীয় স্তর পেরিয়ে সুনির্দিষ্ট পদার্থের পরিবহণ,2,9-10-biology_secondary-2-67,False
T0297,72,আবরণী টিস্যুর কোষ,অবস্থান,ভিত্তিপর্দার উপর বিন্যস্ত,2,9-10-biology_secondary-2-68,False
T0298,72,আবরণী টিস্যুর কোষ,কাজ,আবরণ ছাড়াও ছাঁকনির কাজ করে,2,9-10-biology_secondary-2-68,False
T0299,187,কিউবয়ডাল আবরণী টিস্যু,অংশ,ঘনাকার বা কিউব আকৃতির কোষ,2,9-10-biology_secondary-2-69,False
T0300,187,কিউবয়ডাল আবরণী টিস্যু,কাজ,পরিশোষণ এবং আবরণ,2,9-10-biology_secondary-2-69,False
T0301,339,জননকোষ,অবস্থান,মিয়োসিস পদ্ধতিতে জনন মাতৃকোষে,2,9-10-biology_secondary-2-7,False
T0302,339,জননকোষ,কাজ,জনন মাতৃকোষের বিভাজন ঘটাতে এবং জনন কোষ উৎপন্ন করাতে,2,9-10-biology_secondary-2-7,False
T0303,38,অপত্য,কাজ,জনন মাতৃকোষের ক্রোমোজোম সংখ্যার অর্ধেক থাকাতে,2,9-10-biology_secondary-2-7,False
T0304,339,জননকোষ,কারণ,পুং ও স্ত্রী জননকোষ মিলিত,2,9-10-biology_secondary-2-7,False
T0305,203,কোষ,কাজ,"ক্ষরণ, রক্ষণ এবং শোষণের কাজ করা",2,9-10-biology_secondary-2-70,False
T0306,1018,সাধারণ আবরণী টিস্যু,অবস্থান,ভিত্তিপর্দার উপর,2,9-10-biology_secondary-2-71,False
T0307,214,কোষসমূহ,অংশ,সজ্জিত,2,9-10-biology_secondary-2-71,False
T0308,1071,স্ট্র্যাটিফাইড আবরণী টিস্যু,প্রকার,ভিত্তিপর্দার উপর কোষগুলো একাধিক স্তরে সজ্জিত,2,9-10-biology_secondary-2-72,False
T0309,1071,স্ট্র্যাটিফাইড আবরণী টিস্যু,প্রকার,মিনিটের মধ্যে পান্টে যেতে পারে-কখনো দেখা যায় তিন-চারটি স্তর,2,9-10-biology_secondary-2-72,False
T0310,1071,স্ট্র্যাটিফাইড আবরণী টিস্যু,প্রকার,পরক্ষণেই দেখা যায় সাত-আটটি স্তর,2,9-10-biology_secondary-2-72,False
T0311,1071,স্ট্র্যাটিফাইড আবরণী টিস্যু,কাজ,ট্রানজিশনাল আবরণী,2,9-10-biology_secondary-2-72,False
T0312,405,ট্রানজিশনাল আবরণী,প্রতিরোধ,মেরুদণ্ডী প্রাণীদের ত্বক,2,9-10-biology_secondary-2-72,False
T0313,1031,সিউডোস্স্র্যাটিফাইড আবরণী টিস্যু,অংশ,ভিত্তিপর্দার উপর এক স্তরে বিন্যস্ত,2,9-10-biology_secondary-2-73,False
T0314,209,কোষগুলো,কারণ,কোষণুলো বিভিন্ন উচ্চতার হওয়া,2,9-10-biology_secondary-2-73,False
T0315,1038,সিলিয়াযুক্ত আবরণী টিস্যু,অবস্থান,মেরুদণ্ডী প্রাণীদের শ্বাসনালির প্রাচীরে,2,9-10-biology_secondary-2-74,False
T0316,675,ফ্লাজেলাযুক্ত আবরণী টিস্যু,অবস্থান,হাইড্রার এন্ডোডার্মে,2,9-10-biology_secondary-2-74,False
T0317,243,ক্ষণপদযুত্ত আবরণী টিস্যু,অবস্থান,হাইড্রার এন্ডোডার্মে এবং মেরুদণ্ডী প্রাণীদের অন্তরে,2,9-10-biology_secondary-2-74,False
T0318,338,জনন অঙ্গের আবরণী টিস্যু,কাজ,শুক্রাণু এবং ডিম্বাণু কোষ উৎপন্ন করে এবং প্রজাতির ধারা অক্ষুণ্ন রাখে,2,9-10-biology_secondary-2-74,False
T0319,71,আবরণী টিস্যু,কাজ,বিভিন্ন ধরনের রস নিঃসরণ,2,9-10-biology_secondary-2-75,False
T0320,71,আবরণী টিস্যু,কাজ,অঙ্গের বা নালির ভিতরের ও বাইরের অংশ তৈরি করা,2,9-10-biology_secondary-2-75,False
T0321,71,আবরণী টিস্যু,কাজ,রক্ষণ,2,9-10-biology_secondary-2-75,False
T0322,71,আবরণী টিস্যু,কাজ,ক্ষরণ,2,9-10-biology_secondary-2-75,False
T0323,71,আবরণী টিস্যু,কাজ,শোষণ,2,9-10-biology_secondary-2-75,False
T0324,71,আবরণী টিস্যু,কাজ,ব্যাপন,2,9-10-biology_secondary-2-75,False
T0325,71,আবরণী টিস্যু,কাজ,পরিবহণ,2,9-10-biology_secondary-2-75,False
T0326,71,আবরণী টিস্যু,অবস্থান,রূপান্তরিত হয়ে গ্রন্থি টিস্যু এবং জনন টিস্যুতে পরিণত হয়,2,9-10-biology_secondary-2-75,False
T0327,659,ফাইব্রাস যোজক টিস্যু,অবস্থান,দেহত্বকের নিচে পেশির মধ্যে,2,9-10-biology_secondary-2-76,False
T0328,1065,স্কেলিটাল যোজক টিস্যু,অবস্থান,দেহের অভ্যন্তরীণ কাঠামো,2,9-10-biology_secondary-2-77,False
T0329,1065,স্কেলিটাল যোজক টিস্যু,কাজ,দেহকে নির্দিষ্ট আকৃতি এবং দৃঢ়তা দেয়,2,9-10-biology_secondary-2-77,False
T0330,1065,স্কেলিটাল যোজক টিস্যু,কাজ,অঙ্গ সঞ্চালন এবং চলনে সহায়তা করে,2,9-10-biology_secondary-2-77,False
T0331,1065,স্কেলিটাল যোজক টিস্যু,কাজ,"মস্তিষ্ক, মেরুরজ্জু, ফুসফুস, হৃৎপিপ্ড- এরকম দেহের নরম ও নাজুক অঙ্গাগুলোকে রক্ষা করে",2,9-10-biology_secondary-2-77,False
T0332,1065,স্কেলিটাল যোজক টিস্যু,কাজ,বিভিন্ন ধরনের রক্তকণিকা উৎপাদন করে,2,9-10-biology_secondary-2-77,False
T0333,1065,স্কেলিটাল যোজক টিস্যু,কাজ,এঁচ্ছিক পেশিগুলোর সংযুক্তির ব্যবস্থা করে,2,9-10-biology_secondary-2-77,False
T0334,1065,স্কেলিটাল যোজক টিস্যু,প্রকার,দুধরনের,2,9-10-biology_secondary-2-77,False
T0335,428,তরল টিস্যুর মাতৃকা,অবস্থান,মাতৃকায়,2,9-10-biology_secondary-2-79,False
T0336,427,তরল টিস্যুর প্রধান কাজ,কাজ,"দেহের অভ্যন্তরে বিভিন্ন দ্রব্যাদি পরিবহণ করা, রোগ প্রতিরোধ করা এবং রক্ত জমাট বাঁধায়",2,9-10-biology_secondary-2-79,False
T0337,429,তরল যোজক টিস্যু,প্রকার,দুই ধরনের,2,9-10-biology_secondary-2-79,False
T0338,429,তরল যোজক টিস্যু,কাজ,রক্ত এবং লসিকা,2,9-10-biology_secondary-2-79,False
T0339,341,জাইগোট,অবস্থান,জাইগোট (75800866,2,9-10-biology_secondary-2-8,False
T0340,341,জাইগোট,কাজ,জীবদেহ গঠন,2,9-10-biology_secondary-2-8,False
T0341,603,প্রকৃত কোষী,প্রকার,উচ্চশ্রেণির উদ্ভিদ ও প্রাণী,2,9-10-biology_secondary-2-8,False
T0342,871,রক্ত,কাজ,অভ্যন্তরীণ পরিবহণ,2,9-10-biology_secondary-2-80,False
T0343,871,রক্ত,কাজ,তাপমাত্রার ভারসাম্য রক্ষা,2,9-10-biology_secondary-2-80,False
T0344,878,রক্তরস,অংশ,পানি,2,9-10-biology_secondary-2-80,False
T0345,878,রক্তরস,অংশ,জৈব ও অজৈব পদার্থ,2,9-10-biology_secondary-2-80,False
T0346,1107,হিমোগ্লোবিন,কাজ,অক্সিজেনের সঙ্গে যুক্ত হয়ে অক্সিহিমোগ্লোবিন যৌগ গঠন করে এবং অক্সিজেন পরিবহণ করে,2,9-10-biology_secondary-2-80,False
T0347,987,শ্বেত রক্তকোষ,কাজ,জীবাণু ধ্বংস করে দেহের প্রকৃতিগত আত্মরক্ষায় অংশ নেয়,2,9-10-biology_secondary-2-80,False
T0348,873,রক্তকোষ,অংশ,বিভিন্ন ধরনের,2,9-10-biology_secondary-2-81,False
T0349,919,লসিকা,অংশ,কিছু রোগপ্রতিরোধী কোষ,2,9-10-biology_secondary-2-82,False
T0350,586,পেশিকোষণ,কারণ,"সরু, লম্বা এবং তন্তুময়",2,9-10-biology_secondary-2-83,False
T0351,584,পেশি,প্রকার,তিন ধরনের,2,9-10-biology_secondary-2-84,False
T0352,584,পেশি,অবস্থান,অভ্যন্তরীণ,2,9-10-biology_secondary-2-84,False
T0353,584,পেশি,কাজ,পরিবহণ,2,9-10-biology_secondary-2-84,False
T0354,109,ইচ্ছানুযায়ী সংকুচিত বা প্রসারিত হয়,কাজ,"পেশিটিস্যুর কোষগুলো নলাকার, শাখাবিহীন ও আড়াআড়ি ডোরাযুক্ত হয়",2,9-10-biology_secondary-2-85,False
T0355,109,ইচ্ছানুযায়ী সংকুচিত বা প্রসারিত হয়,কাজ,এদের সাধারণত একাধিক নিউক্লিয়াস থাকে,2,9-10-biology_secondary-2-85,False
T0356,109,ইচ্ছানুযায়ী সংকুচিত বা প্রসারিত হয়,কাজ,এই পেশি দ্রুত সংকুচিত এবং প্রসারিত হতে পারে,2,9-10-biology_secondary-2-85,False
T0357,109,ইচ্ছানুযায়ী সংকুচিত বা প্রসারিত হয়,অবস্থান,অস্থিতন্ত্রের সংলগ্ন থাকায় একে কঙ্কালপেশিও বলে,2,9-10-biology_secondary-2-85,False
T0358,796,মসৃণ পেশি,অবস্থান,টিস্যুর সংকোচন ও প্রসারণ,2,9-10-biology_secondary-2-86,False
T0359,34,অনৈচ্ছিক পেশি,অবস্থান,"রক্তনালি, পৌন্টিকনালি ইত্যাদির প্রাচীরে",2,9-10-biology_secondary-2-86,False
T0360,34,অনৈচ্ছিক পেশি,কাজ,দেহের অভ্যন্তরীণ অঙ্গাদির সঞ্চালনে অংশ নেয়,2,9-10-biology_secondary-2-86,False
T0361,1076,স্নায়ুকোষ,অংশ,স্নায়ু টিস্যু,2,9-10-biology_secondary-2-88,False
T0362,356,জীবকোষ,অংশ,স্নায়ু টিস্যু,2,9-10-biology_secondary-2-88,False
T0363,510,নিউরন,অংশ,কোষদেহ,2,9-10-biology_secondary-2-89,False
T0364,510,নিউরন,অংশ,প্রলম্বিত অংশ,2,9-10-biology_secondary-2-89,False
T0365,623,প্রলম্বিত অংশ,প্রকার,আ্যাক্সন এবং ডেনড্রাইট,2,9-10-biology_secondary-2-89,False
T0366,952,শয়নাতিয়ার্রের পন,অবস্থান,নিউরন কোষে,2,9-10-biology_secondary-2-89,False
T0367,203,কোষ,অংশ,কোষপ্রাচীর,2,9-10-biology_secondary-2-9,False
T0368,416,ডেনড্রন,অংশ,প্রলম্বিত অংশ,2,9-10-biology_secondary-2-91,False
T0369,417,ডেনড্রাইট,অংশ,প্রলম্বিত অংশ,2,9-10-biology_secondary-2-91,False
T0370,918,লম্বা স্নায়ুতন্তু,অংশ,নিউরনের কোষদেহ,2,9-10-biology_secondary-2-91,False
T0371,91,আ্যাক্সন,অংশ,লম্বা স্নায়ুতন্তু,2,9-10-biology_secondary-2-91,False
T0372,1034,সিন্যাপস,কারণ,$দ118056,2,9-10-biology_secondary-2-91,False
T0373,1034,সিন্যাপস,কাজ,উদ্দীপনা পরবর্তী নিউরনে পরিবাহিত,2,9-10-biology_secondary-2-91,False
T0374,1078,স্নায়ুটিস্যু,কাজ,উদ্দীপনা গ্রহণ করে মস্তিষ্কে প্রেরণ করে এবং মস্তিষ্ক তাতে সাড়া দেয়,2,9-10-biology_secondary-2-91,False
T0375,1078,স্নায়ুটিস্যু,কারণ,4০1001156,2,9-10-biology_secondary-2-91,False
T0376,1078,স্নায়ুটিস্যু,কাজ,দেহের বিভিন্ন অঙ্গের কাজ নিয়ন্ত্রণ এবং তাদের মধ্যে সমন্বয় সাধন,2,9-10-biology_secondary-2-91,False
T0377,726,বাহ্যিক অঙ্গ,অবস্থান,"চোখ, কান, নাক, হাত, পা, মাথা",2,9-10-biology_secondary-2-94,False
T0378,48,অভ্যন্তরীণ অঙ্গ,অবস্থান,"পাকস্থলী, ডিওডেনাম, ইলিয়াম, মলাশয়, হৃৎপিণ্ড, যকৃৎ, অগ্মযাশয়, প্লীহা, ফুসফুস, বৃক্ক, শুক্রাশয়, ডিম্বাশয়",2,9-10-biology_secondary-2-94,False
T0379,260,খাদ্যগ্রহণ,অংশ,পরিপাকতন্দ্র,2,9-10-biology_secondary-2-96,False
T0380,536,পরিপাকতন্দ্র,অংশ,পৌষ্টিক নালি,2,9-10-biology_secondary-2-96,False
T0381,536,পরিপাকতন্দ্র,অংশ,পৌষ্টিক গ্রন্থি,2,9-10-biology_secondary-2-96,False
T0382,594,পৌষ্টিক নালি,অংশ,মুখছিদ্র,2,9-10-biology_secondary-2-96,False
T0383,594,পৌষ্টিক নালি,অংশ,মুখগহ্বর,2,9-10-biology_secondary-2-96,False
T0384,594,পৌষ্টিক নালি,অংশ,গলবিল,2,9-10-biology_secondary-2-96,False
T0385,594,পৌষ্টিক নালি,অংশ,অশ্ননালি,2,9-10-biology_secondary-2-96,False
T0386,594,পৌষ্টিক নালি,অংশ,পাকস্থলী,2,9-10-biology_secondary-2-96,False
T0387,594,পৌষ্টিক নালি,অংশ,ডিওডেনাম,2,9-10-biology_secondary-2-96,False
T0388,594,পৌষ্টিক নালি,অংশ,ইলিয়াম,2,9-10-biology_secondary-2-96,False
T0389,594,পৌষ্টিক নালি,অংশ,রেকটাম,2,9-10-biology_secondary-2-96,False
T0390,594,পৌষ্টিক নালি,অংশ,মলাশয়,2,9-10-biology_secondary-2-96,False
T0391,594,পৌষ্টিক নালি,অংশ,পায়ুছিদ্র,2,9-10-biology_secondary-2-96,False
T0392,828,মানুষের লালাগ্রন্থি,অবস্থান,পৌষ্টিক গ্রন্থি,2,9-10-biology_secondary-2-96,False
T0393,828,মানুষের লালাগ্রন্থি,কাজ,খাদ্য পরিপাকে সহায়তা,2,9-10-biology_secondary-2-96,False
T0394,865,যকৃৎ,অবস্থান,পৌষ্টিক গ্রন্থি,2,9-10-biology_secondary-2-96,False
T0395,865,যকৃৎ,কাজ,খাদ্য পরিপাকে সহায়তা,2,9-10-biology_secondary-2-96,False
T0396,10,অগ্ন্যাশয়,অবস্থান,পৌষ্টিক গ্রন্থি,2,9-10-biology_secondary-2-96,False
T0397,10,অগ্ন্যাশয়,কাজ,খাদ্য পরিপাকে সহায়তা,2,9-10-biology_secondary-2-96,False
T0398,829,মানুষের শ্বসনতন্দ্র,কাজ,পরিবেশ থেকে গৃহীত অক্সিজেনের সাহায্যে মানুষের দেহের সঞ্চিত খাদ্য থেকে জারণ প্রক্রিয়ায় শক্তি উৎপাদন করা এবং দেহের দৈনন্দিন কাজে সহায়তা করা,2,9-10-biology_secondary-2-97,False
T0399,1081,স্নায়ূতন্ত্র,অংশ,"মস্তিষ্ক, সুষুন্নাকাণ্ড এবং করোটিক য়ায়ু",2,9-10-biology_secondary-2-98,False
T0400,1079,স্নায়ুতন্ত্র,অংশ,স্বয়ংক্রিয় স্নায়ুতন্দর,2,9-10-biology_secondary-2-98,False
T0401,907,রেচনতন্ত্র,অংশ,একজোড়া বৃক্ক,2,9-10-biology_secondary-2-99,False
T0402,907,রেচনতন্ত্র,অংশ,একজোড়া ইউরেটার,2,9-10-biology_secondary-2-99,False
T0403,907,রেচনতন্ত্র,অংশ,একটি মূত্রথলি,2,9-10-biology_secondary-2-99,False
T0404,907,রেচনতন্ত্র,অংশ,একটি মৃূত্রনালি,2,9-10-biology_secondary-2-99,False
T0405,579,পূর্ণসংখ্যক ক্রোমোজোম,অবস্থান,জাইগোট,3,9-10-biology_secondary-3-10,False
T0406,1120,হ্যাপ্যেড কোষ,অবস্থান,অর্ধেক ক্রোমোজোম সংখ্যার,3,9-10-biology_secondary-3-10,False
T0407,414,ডিপ্যেড কোষ,অবস্থান,পূর্ণসংখ্যক ক্রোমোজোম,3,9-10-biology_secondary-3-10,False
T0408,832,মিয়োসিস,অবস্থান,জীবের জনন কোষ,3,9-10-biology_secondary-3-11,False
T0409,832,মিয়োসিস,অবস্থান,জনন মাতৃকোষে,3,9-10-biology_secondary-3-11,False
T0410,832,মিয়োসিস,অবস্থান,সপুষ্পক উদ্ভিদের পরাগধানী,3,9-10-biology_secondary-3-11,False
T0411,832,মিয়োসিস,অবস্থান,সপুষ্পক উদ্ভিদের ডিম্বকের মধ্যে,3,9-10-biology_secondary-3-11,False
T0412,832,মিয়োসিস,অবস্থান,উন্নত প্রাণিদেহের শুক্রাশয়ে,3,9-10-biology_secondary-3-11,False
T0413,832,মিয়োসিস,অবস্থান,উন্নত প্রাণিদেহের ডিম্বাশয়ে,3,9-10-biology_secondary-3-11,False
T0414,832,মিয়োসিস,কাজ,জাইগোট সৃষ্টি,3,9-10-biology_secondary-3-11,False
T0415,832,মিয়োসিস,কাজ,গ্যামেট সৃষ্টি,3,9-10-biology_secondary-3-11,False
T0416,833,মিয়োসিস-1,কাজ,প্রথম বিভাজনকে পর পর দুবার বিভাজিত হয়,3,9-10-biology_secondary-3-12,False
T0417,834,মিয়োসিস-2,কাজ,দ্বিতীয় বিভাজনকে পর পর দুবার বিভাজিত হয়,3,9-10-biology_secondary-3-12,False
T0418,39,অপত্য কোষে,কারণ,ক্রোমোজোমের সংখ্যা মাতৃকোষের ক্রোমোজোম সংখ্যার অর্ধেকে পরিণত হয়,3,9-10-biology_secondary-3-12,False
T0419,321,চিত্রের বিভাজন,কারণ,ক. ৪ তে নিউক্লিয়াসের বিভাজন একবার হলেও / তে দুইবার ঘটে,3,9-10-biology_secondary-3-18,False
T0420,321,চিত্রের বিভাজন,কারণ,"খ. ৪ জীবের গুণগত স্থিতিশীলতা বজায় রাখলেও /, বৈচিত্র্য সৃষ্টি করে",3,9-10-biology_secondary-3-18,False
T0421,321,চিত্রের বিভাজন,কারণ,"গ. ৪ দেহকোষে সংঘটিত হলেও /, জনন মাতৃকোষে সংঘটিত হয়",3,9-10-biology_secondary-3-18,False
T0422,321,চিত্রের বিভাজন,কারণ,"ঘ. ৪ তে সৃষ্ট অপত্য কোষের ক্রোমোজোম সংখ্যা 4, এর অর্ধেক",3,9-10-biology_secondary-3-18,False
T0423,1050,সেদ্ট্রোমিয়ার,অবস্থান,চিত্র ৩.০৮,3,9-10-biology_secondary-3-2,False
T0424,788,মডেল,প্রকার,"মেটাস্েদ্ট্রিক, সাবমেটাসেন্ট্রিক, আ্যক্রোসেন্ট্রিক এবং টেলোসেন্ট্রিক",3,9-10-biology_secondary-3-2,False
T0425,362,জীবদেহ,কাজ,পরিবেশ থেকে শক্তি সংগ্রহ করা,3,9-10-biology_secondary-3-25,False
T0426,355,জীব,কাজ,পরিবেশ থেকে শক্তি সংগ্রহ করা,3,9-10-biology_secondary-3-25,False
T0427,355,জীব,কাজ,সংগৃহীত শক্তিকে একরূপ থেকে অন্যরূপে পরিবর্তিত করা,3,9-10-biology_secondary-3-25,False
T0428,355,জীব,কাজ,সঞ্চয় করা,3,9-10-biology_secondary-3-25,False
T0429,355,জীব,কাজ,সেই শত্তি পরিবেশে ফিরিয়ে দেয়,3,9-10-biology_secondary-3-25,False
T0430,94,আ্যাডিনোসিন,অংশ,আ্যাডিনিন,3,9-10-biology_secondary-3-27,False
T0431,94,আ্যাডিনোসিন,অংশ,পাঁচ কার্বনবিশিষ্ট রাইবোজ সুগার,3,9-10-biology_secondary-3-27,False
T0432,95,আ্যাডিনোসিন অণু,পরিমাণ,৪৪৭২ ফসফেট/ফসফোরিক এসিড গ্রুপ,3,9-10-biology_secondary-3-27,False
T0433,95,আ্যাডিনোসিন অণু,পরিমাণ,৪৭৭ ফসফেট/ফসফোরিক এসিড গ্রুপ,3,9-10-biology_secondary-3-27,False
T0434,95,আ্যাডিনোসিন অণু,পরিমাণ,৭১ ফসফেট/ফসফোরিক এসিড গ্রুপ,3,9-10-biology_secondary-3-27,False
T0435,618,প্রতিমোল,পরিমাণ,২ অণুর প্রান্তীয় ফসফেট গ্রুপে ৭.৩ কিলোক্যালরি,3,9-10-biology_secondary-3-27,False
T0436,807,মাইটোসিস,কারণ,প্রতিটি কোষের নিউক্লিয়াস এবং সাইটোপ্লাজমের মধ্যকার আয়তন ও পরিমাণগত ভারসাম্য রক্ষিত হয়,3,9-10-biology_secondary-3-5,False
T0437,807,মাইটোসিস,কারণ,অপত্য কোষে ক্রোমোজোমের সংখ্যা ও গুণাগুণ একই রকম থাকায় জীবের দেহের বৃদ্ধি সুশৃঙ্খলভাবে হতে পারে,3,9-10-biology_secondary-3-5,False
T0438,807,মাইটোসিস,কারণ,অনিয়ন্ত্রিত হলে টিউমার এমনকি ক্যান্সার সৃষ্টির কারণ হতে পারে,3,9-10-biology_secondary-3-5,False
T0439,392,টিউমার,কারণ,অস্বাভাবিক কোষ বিভাজন,3,9-10-biology_secondary-3-6,False
T0440,219,ক্যাঙ্গার,কারণ,প্রাণঘাতী টিউমার,3,9-10-biology_secondary-3-6,False
T0441,832,মিয়োসিস,কাজ,মাতৃকোষের অর্ধেকসংখ্যক ক্রোমোজোম ধারণ করার চারটি অপত্য কোষ তৈরি করা,3,9-10-biology_secondary-3-8,False
T0442,558,পানির ফটোলাইসিস,কাজ,"পানি বিয়োজিত হয়ে অক্সিজেন, প্রোটন/হাইড্রোজেন আয়ন ও ইলেকট্রন উৎপন্ন হয়",4,9-10-biology_secondary-4-10,False
T0443,85,আলোক নিরপেক্ষ পর্যায়,পরিমাণ,০০১,4,9-10-biology_secondary-4-11,False
T0444,703,বা এবং মা+,কারণ,আলোক নিরপেক্ষ পর্যায়ে ০০১ বিজারিত হয়ে কার্বোহাইড্রেটে পরিণত হয়,4,9-10-biology_secondary-4-11,False
T0445,1002,সবুজ উদ্ভিদ,অবস্থান,০০০২ বিজারণে,4,9-10-biology_secondary-4-11,False
T0446,225,ক্যালভিন চক্র,অবস্থান,1961 সালে নোবেল পুরস্কার পান,4,9-10-biology_secondary-4-13,False
T0447,225,ক্যালভিন চক্র,কাজ,শর্করা তৈরি করা,4,9-10-biology_secondary-4-13,False
T0448,158,ও উদ্ভিদ,কারণ,ও গতিপথ এবং যেসব উদ্ভিদে এই চক্র সম্পন্ন হয়,4,9-10-biology_secondary-4-13,False
T0449,622,প্রভাবকগুলো,প্রকার,"বাহ্যিক প্রভাবকসমূহ, অভ্যন্তরীণ প্রভাবকসমূহ",4,9-10-biology_secondary-4-19,False
T0450,83,আলো,প্রকার,বাহ্যিক প্রভাবক,4,9-10-biology_secondary-4-19,False
T0451,805,মাইটোকন্ডিয়া,কাজ,বাহ্যিক শক্তি-উৎস থেকে আহরিত শক্তিকে চা -এর ফসফেট গ্রুপের শক্তি হিসেবে জমা করা,4,9-10-biology_secondary-4-2,False
T0452,642,প্লাস্টিড,কাজ,সূর্যালোক বা অন্য উৎস থেকে আগত ফোটন থেকে শক্তি জমা করা,4,9-10-biology_secondary-4-2,False
T0453,363,জীবদেহের প্রতিটি কোষ,কাজ,"মাংসপেশির সংকোচন থেকে ইন্দ্রিয়ানুভূতি, খাবার খাওয়া থেকে হজম করা, নিঃশ্বাস নেওয়া থেকে কথা বলা, চিৎকার করা থেকে হাসি-কান্না, দৈহিক বৃদ্ধি থেকে প্রজনন, দেহের তাপমাত্রা ঠিক রাখা, দেহের প্রতিটি কোষের স্বাভাবিক আয়তন বজায় রাখা",4,9-10-biology_secondary-4-2,False
T0454,184,কার্বন ডাই-অক্সাইড,পরিমাণ,০.০৩ ভাগ,4,9-10-biology_secondary-4-20,False
T0455,1027,সালোকসংশ্লেষণ,কারণ,কার্বন ডাই-অক্সাইড বিজারণের ফলে,4,9-10-biology_secondary-4-20,False
T0456,434,তাপমাত্রা,কাজ,সালোকসংশ্লেষণ প্রক্রিয়ায় বিশেষ প্রভাবক,4,9-10-biology_secondary-4-21,False
T0457,1028,সালোকসংশ্লেষণ প্রক্রিয়ার জন্য পরিমিত তাপমাত্রা,পরিমাণ,২২০ সেলসিয়াস থেকে ৩৫০ সেলসিয়াস পর্যন্ত,4,9-10-biology_secondary-4-22,False
T0458,434,তাপমাত্রা,পরিমাণ,২২০ সেলসিয়াসের কম বা ৩৫০ সেলসিয়াসের বেশি,4,9-10-biology_secondary-4-22,False
T0459,421,ঢা+ (হাইড্রোজেন আয়ন,অবস্থান,পানি থেকেই আসে,4,9-10-biology_secondary-4-23,False
T0460,708,বাতাস,অবস্থান,0০: অনুপ্রবেশ বাধাগ্রস্ত হয়,4,9-10-biology_secondary-4-23,False
T0461,1029,সালোকসংশ্লেষণের হার,কারণ,কমে যায়,4,9-10-biology_secondary-4-24,False
T0462,1029,সালোকসংশ্লেষণের হার,কারণ,বেড়ে যায়,4,9-10-biology_secondary-4-24,False
T0463,7,অক্সিজেনবিহীন পরিবেশে,অবস্থান,সালোকসংশ্লেষণ সম্পূর্ণ বন্ধ,4,9-10-biology_secondary-4-24,False
T0464,488,নাইট্রোজেন,অবস্থান,খনিজ পদার্থ,4,9-10-biology_secondary-4-25,False
T0465,862,ম্যাগনেসিয়াম,অবস্থান,খনিজ পদার্থ,4,9-10-biology_secondary-4-25,False
T0466,810,মাটি,অবস্থান,খনিজ অভাব,4,9-10-biology_secondary-4-25,False
T0467,239,ক্লোরোফিল,লক্ষণ,পাতা হলুদ হয়ে যায়,4,9-10-biology_secondary-4-25,False
T0468,708,বাতাস,কারণ,সালোকসংশ্লেষণে ব্যাঘাত ঘটে,4,9-10-biology_secondary-4-25,False
T0469,552,পাতার বয়স,কারণ,সালোকসংশ্লেষণ কম,4,9-10-biology_secondary-4-26,False
T0470,552,পাতার বয়স,কারণ,ক্লোরোগ্লাস্টের সংখ্যা বেশি,4,9-10-biology_secondary-4-26,False
T0471,791,মধ্যবয়সি পাতা,লক্ষণ,সালোকসংশ্লেষণ বেশি,4,9-10-biology_secondary-4-26,False
T0472,553,পাতার সংখ্যা,কারণ,সালোকসংশ্লেষণ বেশি,4,9-10-biology_secondary-4-26,False
T0473,709,বায়ু,পরিমাণ,20.95 ভাগ,4,9-10-biology_secondary-4-29,False
T0474,709,বায়ু,পরিমাণ,0.033 ভাগ,4,9-10-biology_secondary-4-29,False
T0475,715,বায়ুমণ্ডল,পরিমাণ,০১ ও ০০; গ্যাসের সঠিক অনুপাত,4,9-10-biology_secondary-4-30,False
T0476,715,বায়ুমণ্ডল,পরিমাণ,০: গ্যাসের আধিক্য,4,9-10-biology_secondary-4-30,False
T0477,715,বায়ুমণ্ডল,পরিমাণ,০০; গ্যাসের স্বল্পতা,4,9-10-biology_secondary-4-30,False
T0478,1027,সালোকসংশ্লেষণ,অবস্থান,জীবজগতের সবচেয়ে গুরুত্বপূর্ণ জৈব রাসায়নিক প্রক্রিয়া,4,9-10-biology_secondary-4-31,False
T0479,1002,সবুজ উদ্ভিদ,কাজ,কার্বন ডাই-অক্সাইড এবং পানি থেকে কার্বোহাইড্রেট তৈরি করা,4,9-10-biology_secondary-4-4,False
T0480,1027,সালোকসংশ্লেষণ,কাজ,কার্বোহাইড্রেট জাতীয় খাদ্য তৈরি করার জন্য বিপাকীয় প্রক্রিয়া সম্পাদন করা,4,9-10-biology_secondary-4-4,False
T0481,195,কেবল সবুজ অংশ,অবস্থান,নীল বা গাঢ় বেগুনি বা কালো,4,9-10-biology_secondary-4-42,False
T0482,195,কেবল সবুজ অংশ,কারণ,সিদ্ধান্ত,4,9-10-biology_secondary-4-42,False
T0483,239,ক্লোরোফিল,কাজ,কেবল সবুজ অংশে শর্করা প্রস্তুত,4,9-10-biology_secondary-4-42,False
T0484,241,ক্লোরোফিল না থাকা অংশ,কারণ,অসবুজ (কমলা বা হলুদ,4,9-10-biology_secondary-4-42,False
T0485,1001,সবুজ অংশ,কারণ,শর্করা ছিল,4,9-10-biology_secondary-4-42,False
T0486,975,শ্বসন,প্রকার,সবাত শ্বসন,4,9-10-biology_secondary-4-45,False
T0487,975,শ্বসন,প্রকার,অবাত শ্বসন,4,9-10-biology_secondary-4-45,False
T0488,999,সবাত শ্বসন,কাজ,"জারিত হয়ে 0০, 0.0 এবং বিপুল পরিমাণ শক্তি উৎপন্ন করে",4,9-10-biology_secondary-4-46,False
T0489,999,সবাত শ্বসন,কারণ,"অক্সিজেনের প্রয়োজন হয় এবং শ্বসনিক বস্তু শৈর্করা, প্রোটিন, লিপিড, বিভিন্ন ধরনের জৈব এসিড",4,9-10-biology_secondary-4-46,False
T0490,999,সবাত শ্বসন,অবস্থান,উদ্ভিদ ও প্রাণীর স্বাভাবিক শ্বসন প্রক্রিয়া,4,9-10-biology_secondary-4-46,False
T0491,44,অবাত শ্বসন,কারণ,অক্সিজেনের অনুপস্থিতি,4,9-10-biology_secondary-4-48,False
T0492,44,অবাত শ্বসন,কাজ,কোষের ভিতরকার এনজাইম দিয়ে আংশিকরূপে জারিত এবং বিভিন্ন প্রকার জৈব যৌগ উৎপাদন এবং শক্তি উৎপন্ন করা,4,9-10-biology_secondary-4-48,False
T0493,1000,সবাত শ্বসন প্রক্রিয়া,অংশ,চারটি ধাপ,4,9-10-biology_secondary-4-49,False
T0494,1027,সালোকসংশ্লেষণ,কাজ,জৈব রাসায়নিক বিক্রিয়া,4,9-10-biology_secondary-4-5,False
T0495,482,ধাপ 1,কাজ,গ্লুকোজ বিভিন্ন রাসায়নিক বিক্রিয়ায় দুই অণু পাইরুভিক এসিড উৎপন্ন করা,4,9-10-biology_secondary-4-50,False
T0496,731,বিক্রিয়া,অবস্থান,মাইটোকস্্রিয়ার ম্যাট্রিক্সে,4,9-10-biology_secondary-4-51,False
T0497,230,ক্রেবস চক্র,অবস্থান,মাইটোকন্ডিয়াতে,4,9-10-biology_secondary-4-52,False
T0498,104,ইংরেজ প্রাণরসায়নবিদ,কাজ,ক্রেবস চক্র আবিষ্কার,4,9-10-biology_secondary-4-52,False
T0499,102,আ্যাসিটাইল ০-/&,কাজ,মাইটোকন্ডিয়াতে প্রবেশ করে,4,9-10-biology_secondary-4-52,False
T0500,230,ক্রেবস চক্র,কারণ,বিক্রিয়া সংঘটিত হয়,4,9-10-biology_secondary-4-52,False
T0501,148,এই চক্র,পরিমাণ,"দুই অণু আ্যাসিটাইল :০-& থেকে চার অণু ০2, 6 অণু 4/া+7, দুই অণু চা, দুই অণু ০17 উৎপন্ন হয়",4,9-10-biology_secondary-4-52,False
T0502,305,গ্লুকোজের অসম্পূর্ণ জারণ,কাজ,এক অণু গলুঁকোজ থেকে দুই অণু পাইরুভিক এসিড এবং চার অণু /চ772 (এর মধ্যে দুই অণু ব্যবহার হয়ে যায়) এবং দুই অণু বা উৎপন্ন হয়,4,9-10-biology_secondary-4-56,False
T0503,977,শ্বসন প্রক্রিয়ার প্রভাবক,প্রকার,বাহ্যিক এবং অভ্যন্তরীণ,4,9-10-biology_secondary-4-58,False
T0504,434,তাপমাত্রা,পরিমাণ,২০ সেলসিয়াসের নিচে এবং ৪৫০ সেলসিয়াসের উপরে,4,9-10-biology_secondary-4-59,False
T0505,6,অক্সিজেন,কাজ,পাইরুভিক এসিড জারিত হয়ে (০২ ও ২০ উৎপন্ন করে,4,9-10-biology_secondary-4-59,False
T0506,554,পানি,অবস্থান,পরিমিত,4,9-10-biology_secondary-4-59,False
T0507,83,আলো,কারণ,শ্বসন হার একটু বেড়ে যায়,4,9-10-biology_secondary-4-59,False
T0508,184,কার্বন ডাই-অক্সাইড,পরিমাণ,বায়ুতে ০০২-এর ঘনত্ব বেড়ে গেলে,4,9-10-biology_secondary-4-59,False
T0509,262,খাদ্যদ্রব্য,কাজ,"শত্তি, পানি এবং 0০02 নির্গত করে",4,9-10-biology_secondary-4-60,False
T0510,146,উৎসেচক,কাজ,শ্বসন প্রক্রিয়ায় অংশগ্রহণ করে,4,9-10-biology_secondary-4-60,False
T0511,976,শ্বসন প্রক্রিয়া,কাজ,জীবের সব ধরনের ক্রিয়া-বিক্রিয়া এবং কাজকর্ম পরিচালিত করা,4,9-10-biology_secondary-4-62,False
T0512,976,শ্বসন প্রক্রিয়া,কাজ,জীবের প্রধান খাদ্য শর্করা উৎপন্নের জন্য সালোকসংশ্লেষণে ব্যবহৃত করা,4,9-10-biology_secondary-4-62,False
T0513,976,শ্বসন প্রক্রিয়া,কাজ,উদ্ভিদে খনিজ লবণ পরিশোষণে সাহায্য করা,4,9-10-biology_secondary-4-62,False
T0514,976,শ্বসন প্রক্রিয়া,কাজ,উদ্ভিদের বৃদ্ধি এবং অন্যান্য জৈবিক প্রক্রিয়া চালু রাখা,4,9-10-biology_secondary-4-62,False
T0515,976,শ্বসন প্রক্রিয়া,কাজ,কোষ বিভাজনের প্রয়োজনীয় শক্তি ও কিছু আনুষঙ্গিক পদার্থ আনা,4,9-10-biology_secondary-4-62,False
T0516,976,শ্বসন প্রক্রিয়া,কারণ,জীবের দৈহিক বৃদ্ধিকে নিয়ন্ত্রণ করা,4,9-10-biology_secondary-4-62,False
T0517,976,শ্বসন প্রক্রিয়া,কাজ,বিভিন্ন উপ-ক্ষার ও জৈব এসিড সৃষ্টিতে সহায়তা করা,4,9-10-biology_secondary-4-62,False
T0518,976,শ্বসন প্রক্রিয়া,কাজ,জীবনের অন্যান্য জৈবিক কাজে সহায়তা করা,4,9-10-biology_secondary-4-62,False
T0519,763,ব্যাকটেরিয়া,কারণ,অবাত শ্বসন করতে পারে,4,9-10-biology_secondary-4-64,False
T0520,763,ব্যাকটেরিয়া,কারণ,ইথাইল আ্যালকোহল তৈরি করতে পারে,4,9-10-biology_secondary-4-64,False
T0521,763,ব্যাকটেরিয়া,কারণ,ল্যাকটিক এসিড ফার্মেন্টেশন করতে পারে,4,9-10-biology_secondary-4-64,False
T0522,763,ব্যাকটেরিয়া,কারণ,দই তৈরি করতে পারে,4,9-10-biology_secondary-4-64,False
T0523,763,ব্যাকটেরিয়া,কারণ,পনির তৈরি করতে পারে,4,9-10-biology_secondary-4-64,False
T0524,763,ব্যাকটেরিয়া,কারণ,রুটি তৈরিতে ব্যবহৃত হয়,4,9-10-biology_secondary-4-64,False
T0525,124,ইস্ট,কারণ,0০ এবং গ্যাস তৈরি করতে পারে,4,9-10-biology_secondary-4-64,False
T0526,124,ইস্ট,কারণ,গ্যাসের চাপে রুটি ফুলে গিয়ে ভিতরে ফাঁপা হয়,4,9-10-biology_secondary-4-64,False
T0527,451,থার্মোফ্লাস্ক,কাজ,তাপ নির্গমনের পরীক্ষা,4,9-10-biology_secondary-4-65,False
T0528,161,ক' থার্মোফ্লাস্কের অঙ্কুরিত ছোলাগুলো,অবস্থান,সজীব থাকায়,4,9-10-biology_secondary-4-67,False
T0529,161,ক' থার্মোফ্লাস্কের অঙ্কুরিত ছোলাগুলো,কাজ,শ্বসন প্রক্রিয়া অব্যাহত থাকার কারণে,4,9-10-biology_secondary-4-67,False
T0530,161,ক' থার্মোফ্লাস্কের অঙ্কুরিত ছোলাগুলো,কারণ,তাপ নির্গমনের কারণে,4,9-10-biology_secondary-4-67,False
T0531,318,চিত্র ঈ সংঘটিত প্রক্রিয়া,কাজ,পরিবেশকে শীতল রাখে,4,9-10-biology_secondary-4-70,False
T0532,318,চিত্র ঈ সংঘটিত প্রক্রিয়া,কাজ,খাদ্য তৈরিতে ভূমিকা রাখে,4,9-10-biology_secondary-4-70,False
T0533,318,চিত্র ঈ সংঘটিত প্রক্রিয়া,কাজ,শক্তি উৎপাদনে সহায়তা করে,4,9-10-biology_secondary-4-70,False
T0534,647,ফরমালিনে ডুবানো মাছ,লক্ষণ,কয়েক দিন বেশ টাটকা,5,9-10-biology_secondary-5-102,False
T0535,192,কীটনাশক,লক্ষণ,বিষাক্ত খাদ্যের প্রভাবে স্বাস্থ্যবঝুঁকের আশঙ্কা,5,9-10-biology_secondary-5-103,False
T0536,970,শিশুরাই,কারণ,বিষাক্ত কীটনাশক বিরূপ প্রভাব ফেলে,5,9-10-biology_secondary-5-103,False
T0537,968,শিশুর,কাজ,মনের বিকাশ ব্যাহত হয়,5,9-10-biology_secondary-5-103,False
T0538,968,শিশুর,কারণ,নানা রকমের অসুস্থতায় ভূগে থাকে,5,9-10-biology_secondary-5-103,False
T0539,707,বাণিজ্যিক রং,অবস্থান,"আইসক্রিম, গোলা-আইসক্রিম, শরবত",5,9-10-biology_secondary-5-105,False
T0540,646,ফরমালিন,অবস্থান,মর্গে লাশ,5,9-10-biology_secondary-5-105,False
T0541,819,মানবদেহ,অংশ,অসংখ্য কোষ,5,9-10-biology_secondary-5-108,False
T0542,900,রাসায়নিক বিক্রিয়া,কাজ,পরিপাকের দ্বিতীয় ধাপ,5,9-10-biology_secondary-5-110,False
T0543,900,রাসায়নিক বিক্রিয়া,কারণ,পরিপাকের রসের এনজাইম খাদ্যের রাসায়নিক ক্রিয়াকে ত্বরাশ্বিত করতে সাহায্য,5,9-10-biology_secondary-5-110,False
T0544,535,পরিপাকতন্ত্র,অংশ,পৌস্টিকতন্ত্র,5,9-10-biology_secondary-5-111,False
T0545,262,খাদ্যদ্রব্য,কাজ,দেহের গ্রহণ উপযোগী উপাদানে পরিণত ও শোষিত হওয়া,5,9-10-biology_secondary-5-111,False
T0546,595,পৌষ্টিকতন্ত্র,অংশ,পৌষ্টিকনালি,5,9-10-biology_secondary-5-111,False
T0547,595,পৌষ্টিকতন্ত্র,অংশ,গ্রন্থি,5,9-10-biology_secondary-5-111,False
T0548,596,পৌষ্টিকনালি,অবস্থান,মুখ থেকে শুরু হয়ে পায়ুতে শেষ হয়,5,9-10-biology_secondary-5-111,False
T0549,593,পৌন্টিকনালি,অবস্থান,মুখগহ্বর থেকে পায়ুপথ পর্যন্ত,5,9-10-biology_secondary-5-112,False
T0550,593,পৌন্টিকনালি,অংশ,মুখ,5,9-10-biology_secondary-5-112,False
T0551,593,পৌন্টিকনালি,অংশ,মুখগহ্বর,5,9-10-biology_secondary-5-112,False
T0552,461,দাঁত,অবস্থান,মুখের অভ্যন্তরে,5,9-10-biology_secondary-5-113,False
T0553,354,জিহ্বা,অবস্থান,মুখের অভ্যন্তরে,5,9-10-biology_secondary-5-113,False
T0554,928,লালাগ্রন্থি,অবস্থান,মুখের অভ্যন্তরে,5,9-10-biology_secondary-5-113,False
T0555,928,লালাগ্রন্থি,কাজ,চিবিয়ে ছোট ছোট অংশে পরিণত করা,5,9-10-biology_secondary-5-113,False
T0556,354,জিহ্বা,কাজ,পরোক্ষভাবে চিবিয়ে ছোট ছোট অংশে পরিণত করা,5,9-10-biology_secondary-5-113,False
T0557,928,লালাগ্রন্থি,অবস্থান,জিহ্বার নিচে,5,9-10-biology_secondary-5-113,False
T0558,928,লালাগ্রন্থি,অবস্থান,কানের নিচে,5,9-10-biology_secondary-5-113,False
T0559,928,লালাগ্রন্থি,কারণ,চোয়ালের পাশে,5,9-10-biology_secondary-5-113,False
T0560,928,লালাগ্রন্থি,কাজ,এনজাইম ক্ষরণ,5,9-10-biology_secondary-5-113,False
T0561,928,লালাগ্রন্থি,কারণ,টায়ালিন ও মলটেজ নামক এনজাইম শর্করা পরিপাকে অংশ নেয়,5,9-10-biology_secondary-5-113,False
T0562,172,কর্তন দাঁত,কাজ,খাবার কেটে টুকরা করা,5,9-10-biology_secondary-5-114,False
T0563,331,ছেদন দাঁত,কাজ,খাবার ছেঁড়া,5,9-10-biology_secondary-5-115,False
T0564,13,অগ্রপেষণ দাঁত,কাজ,"চর্বণ, পেষণ উভয় কাজ",5,9-10-biology_secondary-5-115,False
T0565,591,পেষণ দাঁত,কাজ,খাদ্যবস্তু চর্বণ ও পেষণে ব্যবহৃত,5,9-10-biology_secondary-5-115,False
T0566,811,মাড়ির আক্কেল দাঁত,পরিমাণ,0-4,5,9-10-biology_secondary-5-116,False
T0567,824,মানুষের কর্তন দাঁত,পরিমাণ,8৪টি,5,9-10-biology_secondary-5-116,False
T0568,825,মানুষের ছেদন দাঁত,পরিমাণ,4টি,5,9-10-biology_secondary-5-116,False
T0569,823,মানুষের অগ্রপেষণ দাঁত,পরিমাণ,8টি,5,9-10-biology_secondary-5-116,False
T0570,826,মানুষের পেষণ দাঁত,পরিমাণ,8টি,5,9-10-biology_secondary-5-116,False
T0571,461,দাঁত,অংশ,মুকুট,5,9-10-biology_secondary-5-116,False
T0572,461,দাঁত,অংশ,মূল,5,9-10-biology_secondary-5-116,False
T0573,461,দাঁত,অংশ,গ্রীবা,5,9-10-biology_secondary-5-116,False
T0574,418,ডেন্টিন,অংশ,দাঁত,5,9-10-biology_secondary-5-117,False
T0575,155,এনামেল,অংশ,দাঁতের মুকুট,5,9-10-biology_secondary-5-117,False
T0576,459,দন্তমজ্জা,অংশ,ডেন্টিনের ভিতরে,5,9-10-biology_secondary-5-117,False
T0577,459,দন্তমজ্জা,কাজ,ডেন্টিনে পুষ্টি ও অক্সিজেন সরবরাহ,5,9-10-biology_secondary-5-117,False
T0578,549,পাতলা আবরণ,অবস্থান,দাঁতের মূল অংশ ডেন্টিনের আবৃত,5,9-10-biology_secondary-5-118,False
T0579,837,মুখগহ্বর,অবস্থান,মুখগহ্বর,5,9-10-biology_secondary-5-118,False
T0580,837,মুখগহ্বর,কাজ,খাদ্যবস্তু গলবিলের মধ্য দিয়ে অন্ননালিতে পৌঁছানো,5,9-10-biology_secondary-5-118,False
T0581,292,গলবিল,অবস্থান,মুখগহ্বরের পরের অংশ,5,9-10-biology_secondary-5-118,False
T0582,263,খাদ্যবস্তু,অবস্থান,অশ্ননালির মধ্যে,5,9-10-biology_secondary-5-118,False
T0583,52,অল্প অংশ,অংশ,পাকস্থলীর পরের অংশ,5,9-10-biology_secondary-5-120,False
T0584,52,অল্প অংশ,কারণ,লম্বা প্যাঁচানো নালি,5,9-10-biology_secondary-5-120,False
T0585,1064,স্কুদ্রান্দ্র,অংশ,"ডিওডেনাম, জেজুনাম, ইলিয়াম",5,9-10-biology_secondary-5-121,False
T0586,88,আল্দিক গ্রন্থি,অবস্থান,স্ষকুদ্রান্দ্রের গায়ে,5,9-10-biology_secondary-5-121,False
T0587,4,অংশ,অবস্থান,স্ষকুদ্রান্দ্রের অন্তঃপ্রাচীরে,5,9-10-biology_secondary-5-121,False
T0588,4,অংশ,কাজ,আঙুলের মতো প্রক্ষেপিত অংশ থাকে,5,9-10-biology_secondary-5-121,False
T0589,778,ভিলাস,কাজ,আঙুলের মতো প্রক্ষেপিত অংশ থাকে,5,9-10-biology_secondary-5-121,False
T0590,120,ইলিয়াম,অবস্থান,বৃহদল্ব,5,9-10-biology_secondary-5-122,False
T0591,120,ইলিয়াম,অংশ,বৃহদন্ত,5,9-10-biology_secondary-5-122,False
T0592,753,বৃহদন্ত,অংশ,সিকাম,5,9-10-biology_secondary-5-122,False
T0593,753,বৃহদন্ত,অংশ,কোলন,5,9-10-biology_secondary-5-122,False
T0594,753,বৃহদন্ত,অংশ,মলাশয়,5,9-10-biology_secondary-5-122,False
T0595,1032,সিকাম,অংশ,আ্যাপেনডিক্স,5,9-10-biology_secondary-5-122,False
T0596,753,বৃহদন্ত,কাজ,পানি শোষিত হওয়া,5,9-10-biology_secondary-5-122,False
T0597,753,বৃহদন্ত,কাজ,মল তৈরি করা,5,9-10-biology_secondary-5-122,False
T0598,753,বৃহদন্ত,কাজ,মল জমার জায়গা হওয়া,5,9-10-biology_secondary-5-122,False
T0599,560,পায়ু,অবস্থান,পৌস্টিক নালির শেষ প্রান্তে,5,9-10-biology_secondary-5-122,False
T0600,592,পৌন্টিকগ্রন্থি,কাজ,রস খাদ্য পরিপাকে অংশ নেয়,5,9-10-biology_secondary-5-123,False
T0601,820,মানবদেহে,অংশ,পিত্তথনি পিত্তনালি দুই কানের সামনে ও নিচে এক জোড়া চোয়ালের নিচে এক জোড়া চিবুকের নিচে,5,9-10-biology_secondary-5-123,False
T0602,1022,সাব-লিঙ্গুয়ালগ্রন্থিী,অবস্থান,পৃথক পৃথক নালির মাধ্যমে,5,9-10-biology_secondary-5-124,False
T0603,928,লালাগ্রন্থি,অংশ,লালারস,5,9-10-biology_secondary-5-124,False
T0604,929,লালারস,কারণ,টায়ালিন এবং পানি,5,9-10-biology_secondary-5-124,False
T0605,790,মধ্যচ্ছদার,অবস্থান,উদরগহ্বরের উপরে পাকস্থলীর ডান পাশে,5,9-10-biology_secondary-5-125,False
T0606,865,যকৃৎ,অংশ,চারটি অসম্পূর্ণ খণ্ড,5,9-10-biology_secondary-5-125,False
T0607,613,প্রতিটি খণ্ড,অংশ,ক্ষুদ্র ক্ষুদ্র লোবিউল,5,9-10-biology_secondary-5-125,False
T0608,620,প্রত্যেকটি লোবিউল,অংশ,অসংখ্য কোষ,5,9-10-biology_secondary-5-125,False
T0609,619,প্রত্যেকটি কোষ,কাজ,পিত্তরস (৮1169) তৈরি করে,5,9-10-biology_secondary-5-125,False
T0610,864,যকৃত,কাজ,বিভিন্ন রকম জৈব রাসায়নিক বিক্রিয়া ঘটাতে এবং রসায়ন গবেষণাগার হিসেবে ব্যবহৃত হয়,5,9-10-biology_secondary-5-125,False
T0611,567,পিত্তথলি,অবস্থান,যকৃতের নিচের অংশ,5,9-10-biology_secondary-5-126,False
T0612,567,পিত্তথলি,কাজ,পিত্তনালির সাহায্যে অগ্ম্যাশয় নালির সাথে মিলিত হয়,5,9-10-biology_secondary-5-126,False
T0613,568,পিত্তনালি,কাজ,যকৃৎ-অগ্ম্যাশয় নালির মাধ্যমে ডিওডেনামে প্রবেশ করে,5,9-10-biology_secondary-5-126,False
T0614,865,যকৃৎ,কাজ,পিত্তরস তৈরি করা,5,9-10-biology_secondary-5-127,False
T0615,569,পিত্তরস,কাজ,রাখে গ্লাইকোজেন,5,9-10-biology_secondary-5-128,False
T0616,569,পিত্তরস,কাজ,খাদ্যের অন্নভাব প্রশমিত করে,5,9-10-biology_secondary-5-128,False
T0617,569,পিত্তরস,কাজ,ক্ষারীয় পরিবেশ সৃষ্টি,5,9-10-biology_secondary-5-128,False
T0618,569,পিত্তরস,কাজ,খাদ্য পরিপাকের অনুকূল,5,9-10-biology_secondary-5-128,False
T0619,569,পিত্তরস,কাজ,চর্বিজাতীয় খাদ্যকে ক্ষুদ্র দানায় পরিণত করে,5,9-10-biology_secondary-5-128,False
T0620,569,পিত্তরস,কাজ,লাইপেজ সহযোগে পরিপাকে সহায়তা করে,5,9-10-biology_secondary-5-128,False
T0621,101,আ্যামাইনো এসিড,কারণ,আ্যামাইনো এসিড যকৃতে আসার পর,5,9-10-biology_secondary-5-128,False
T0622,101,আ্যামাইনো এসিড,কাজ,"ইউরিয়া, ইউরিক এসিড ও আ্যামোনিয়ারূপে নাইট্রোজেনঘটিত বর্জ্য পদার্থ তৈরি করে",5,9-10-biology_secondary-5-128,False
T0623,101,আ্যামাইনো এসিড,কাজ,ম্নেহজাতীয় পদার্থ শোষণে সাহায্য করে,5,9-10-biology_secondary-5-128,False
T0624,304,গ্লাইকোজেন,কারণ,রক্তে গুঁকোজের মাত্রা কমে গেলে,5,9-10-biology_secondary-5-128,False
T0625,304,গ্লাইকোজেন,কাজ,গনলুকোজে পরিণত হয়,5,9-10-biology_secondary-5-128,False
T0626,10,অগ্ন্যাশয়,অবস্থান,অগ্ন্যাশয় পাকস্থলীর পিছনে,5,9-10-biology_secondary-5-129,False
T0627,10,অগ্ন্যাশয়,কাজ,পরিপাকে অংশগ্রহণকারী এনজাইম ও রক্তের গ্লুকোজ নিয়ন্ত্রণকারী হরমোন নিঃসৃত করা,5,9-10-biology_secondary-5-129,False
T0628,10,অগ্ন্যাশয়,কাজ,অর্থাৎ অগ্ন্যাশয় বহিঃক্ষরা ও অন্তঃক্ষরা গ্রন্থির মতো কাজ করা,5,9-10-biology_secondary-5-129,False
T0629,11,অগ্ন্যাশয়রস,অবস্থান,অগ্ন্যাশয় নালির মাধ্যমে,5,9-10-biology_secondary-5-129,False
T0630,11,অগ্ন্যাশয়রস,কারণ,ডিওডেনামে প্রবেশ করা,5,9-10-biology_secondary-5-129,False
T0631,525,পটাশিয়াম,কাজ,উদ্ভিদের বহু জৈবিক ক্রিয়া-বিক্রিয়ায় সহায়ক,5,9-10-biology_secondary-5-13,False
T0632,525,পটাশিয়াম,কাজ,পত্ররন্ধ খোলা এবং বন্ধ হওয়ার ক্ষেত্রে গুরুত্বপূর্ণ,5,9-10-biology_secondary-5-13,False
T0633,525,পটাশিয়াম,কাজ,উদ্ভিদের পানি শোষণে সাহায্য,5,9-10-biology_secondary-5-13,False
T0634,525,পটাশিয়াম,কাজ,কোষবিভাজনের মাধ্যমে উদ্ভিদের বৃদ্ধি নিয়ন্ত্রণ,5,9-10-biology_secondary-5-13,False
T0635,525,পটাশিয়াম,কাজ,"উদ্ভিদের মূল, ফুল ও ফল উৎপাদন এবং",5,9-10-biology_secondary-5-13,False
T0636,300,গ্যাস্ট্রিকগ্রন্থি,অবস্থান,পাকস্থলীর প্রাচীরে,5,9-10-biology_secondary-5-131,False
T0637,300,গ্যাস্ট্রিকগ্রন্থি,কাজ,"ট্রিপসিন, লাইপেজ, আ্যামাইলেজ নিঃসৃত",5,9-10-biology_secondary-5-131,False
T0638,300,গ্যাস্ট্রিকগ্রন্থি,কারণ,গ্যাস্ট্রিক রস বা পাচক রস নামে পরিচিত,5,9-10-biology_secondary-5-131,False
T0639,1093,স্ষুদ্রান্তের প্রাচীরে,অবস্থান,ভিলাইয়ে,5,9-10-biology_secondary-5-131,False
T0640,1093,স্ষুদ্রান্তের প্রাচীরে,কাজ,আন্দ্রিকগ্রন্থি থাকে,5,9-10-biology_secondary-5-131,False
T0641,1093,স্ষুদ্রান্তের প্রাচীরে,কারণ,আন্তরিক রস নামে পরিচিত,5,9-10-biology_secondary-5-131,False
T0642,381,জৈব রাসায়নিক প্রক্রিয়া,কাজ,"মানুষের পৌন্টিক নালির অভ্যন্তরে জটিল, অদ্রবণীয়, অশোষণযোগ্য খাদ্য উপাদানগুলোকে শোষণযোগ্য এবং দ্রবণীয় সরল উপাদানে পরিণত করা",5,9-10-biology_secondary-5-132,False
T0643,253,খাদ্য,অবস্থান,সরল দ্রবণীয় অবস্থায় রূপান্তরিত,5,9-10-biology_secondary-5-132,False
T0644,1009,সরল উপাদান,অবস্থান,কোষ আবরণীর ভিতর দিয়ে অতি সহজে কোষের ভিতরে প্রবেশ করে,5,9-10-biology_secondary-5-132,False
T0645,1009,সরল উপাদান,কাজ,রক্ত দেহের বিভিন্ন অংশে সরবরাহ করে,5,9-10-biology_secondary-5-132,False
T0646,927,লালা,কাজ,খাদ্যবস্তুকে গলাধঃকরণে সাহায্য করা,5,9-10-biology_secondary-5-133,False
T0647,927,লালা,অবস্থান,লালাগ্রন্থি থেকে নিঃসৃত,5,9-10-biology_secondary-5-133,False
T0648,388,টায়ালিন বা স্যালাইভারি আ্যামাইলেজ,অবস্থান,লালায়,5,9-10-biology_secondary-5-133,False
T0649,388,টায়ালিন বা স্যালাইভারি আ্যামাইলেজ,কাজ,শ্বেতসারকে মলটোজে পরিণত করা,5,9-10-biology_secondary-5-133,False
T0650,262,খাদ্যদ্রব্য,প্রকার,অন্ননালি,5,9-10-biology_secondary-5-134,False
T0651,262,খাদ্যদ্রব্য,অবস্থান,খাদ্যদ্রব্য পেরিস্টালসিস প্রক্রিয়ায়,5,9-10-biology_secondary-5-134,False
T0652,597,পৌস্টিক নালিগাত্র,কারণ,খাদ্যদ্রব্য পাকস্থলীতে প্রবেশ,5,9-10-biology_secondary-5-134,False
T0653,262,খাদ্যদ্রব্য,কাজ,পাকস্থলীতে প্রবেশ,5,9-10-biology_secondary-5-134,False
T0654,300,গ্যাস্ট্রিকগ্রন্থি,কারণ,গ্যাস্ট্রিক রস ক্ষরিত হয়,5,9-10-biology_secondary-5-134,False
T0655,299,গ্যাস্ট্রিক রস,অবস্থান,অন্তঃপ্রাচীরে,5,9-10-biology_secondary-5-134,False
T0656,1100,হাইড্রোক্লোরিক এসিড,কাজ,অনিষ্টকারী ব্যাকটেরিয়া মরাতে এবং পেপসিনোজেনকে পেপসিনে পরিণত করাতে এবং পাকস্থলীতে সুষ্ঠু পেপসিনের কাজের জন্য অল্লীয় পরিবেশ সৃষ্টি করাতে,5,9-10-biology_secondary-5-135,False
T0657,547,পাকস্থলী,কাজ,খাদ্যদ্রব্য নিঃসৃত করা,5,9-10-biology_secondary-5-137,False
T0658,547,পাকস্থলী,প্রকার,অবরত সংকোচন ও প্রসারণ,5,9-10-biology_secondary-5-137,False
T0659,264,খাদ্যমণ্ড,অবস্থান,স্ষুদ্রান্দ্রে,5,9-10-biology_secondary-5-137,False
T0660,244,ক্ষারীয় পাচকরস,অবস্থান,অগ্ম্যাশয়,5,9-10-biology_secondary-5-138,False
T0661,548,পাচকরস,কাজ,খাদ্যমণ্ডে অন্পনভাব প্রশমিত করা,5,9-10-biology_secondary-5-138,False
T0662,154,এনজাইম,কাজ,"খাদ্য, পুষ্টি এবং পরিপাক দিয়ে শর্করা এবং আমিষ পরিপাকের কাজ চলতে থাকা",5,9-10-biology_secondary-5-138,False
T0663,154,এনজাইম,কাজ,স্নেহপদার্থের পরিপাক শুরু করা,5,9-10-biology_secondary-5-138,False
T0664,569,পিত্তরস,অবস্থান,যকৃৎ,5,9-10-biology_secondary-5-139,False
T0665,569,পিত্তরস,কাজ,পিত্ত-লবণ মেনহপদার্থের ক্ষুদ্র কণাগুলোকে পানির সাথে মিশতে সাহায্যে করা,5,9-10-biology_secondary-5-139,False
T0666,923,লাইপেজ,কাজ,পিত্ত-লবণের সংস্পর্শে ম্নেহপদার্থকে সাবানের ফেনার মতো স্ষুদ্র ক্ষুদ্র দানায় পরিণত হতে সাহায্য,5,9-10-biology_secondary-5-139,False
T0667,923,লাইপেজ,কারণ,মেনহপদার্থকে সাবানের ফেনার মতো স্ষুদ্র ক্ষুদ্র দানায় পরিণত হতে সাহায্য,5,9-10-biology_secondary-5-139,False
T0668,650,ফসফরাস,অংশ,জীবকোষের ঢাব,5,9-10-biology_secondary-5-14,False
T0669,650,ফসফরাস,অংশ,ঢা 7,5,9-10-biology_secondary-5-14,False
T0670,650,ফসফরাস,কাজ,গাঠনিক উপাদান,5,9-10-biology_secondary-5-14,False
T0671,76,আয়রন,অংশ,সাইটোক্রোমের সাংগঠনিক উপাদান,5,9-10-biology_secondary-5-14,False
T0672,76,আয়রন,কাজ,বায়বীয় শ্বসন উপর নির্ভরশীল,5,9-10-biology_secondary-5-14,False
T0673,76,আয়রন,কারণ,ক্লোরোফিল সৃষ্টিতে ভূমিকা অপরিসীম,5,9-10-biology_secondary-5-14,False
T0674,69,আন্তরিক রস,অংশ,"আল্লিক আ্যামাইলেজ, লাইপেজ, মলটেজ, ল্যাকটেজ, সুক্রেজ ইত্যাদি এনজাইম",5,9-10-biology_secondary-5-140,False
T0675,12,অগ্যাশয় রস,অংশ,"আ্যামাইলেজ, লাইপেজ, ট্রিপসিন",5,9-10-biology_secondary-5-140,False
T0676,777,ভিলাই,অবস্থান,ভাঁজে ভাঁজে,5,9-10-biology_secondary-5-141,False
T0677,777,ভিলাই,কাজ,ইলিয়ামের প্রাচীরগাত্রের আয়তন বৃদ্ধি করা এবং পরিপাককার্য চলাকর্তৃত্ব দেওয়া,5,9-10-biology_secondary-5-141,False
T0678,919,লসিকা,কাজ,খাদ্য উপাদান সরবরাহ করে কোষে পৌঁছে দেয় এবং দূষিত পদার্থ সংগ্রহ করে রন্তস্রোতে ফিরে আসে,5,9-10-biology_secondary-5-143,False
T0679,546,পাকমণ্ডের অবশিষ্টাংশ,অবস্থান,কোলনে,5,9-10-biology_secondary-5-143,False
T0680,268,খাদ্যের অসার অংশ,অবস্থান,কোলনে পাকমণ্ডে,5,9-10-biology_secondary-5-144,False
T0681,271,খাদ্যের অসার অংশের সাথে থাকা পানি,অবস্থান,কোলনে পাকমণ্ডে,5,9-10-biology_secondary-5-144,True
T0682,269,খাদ্যের অসার অংশের সাথে থাকা আমিষ,অবস্থান,কোলনে পাকমণ্ডে,5,9-10-biology_secondary-5-144,True
T0683,273,খাদ্যের অসার অংশের সাথে থাকা লিপিড,অবস্থান,কোলনে পাকমণ্ডে,5,9-10-biology_secondary-5-144,True
T0684,272,খাদ্যের অসার অংশের সাথে থাকা লবণ,অবস্থান,কোলনে পাকমণ্ডে,5,9-10-biology_secondary-5-144,True
T0685,270,খাদ্যের অসার অংশের সাথে থাকা উদ্বৃত্ত এনজাইম,অবস্থান,কোলনে পাকমণ্ডে,5,9-10-biology_secondary-5-144,True
T0686,795,মল,অবস্থান,মলাশয়ে জমা,5,9-10-biology_secondary-5-144,False
T0687,795,মল,অবস্থান,পায়ুপথ দিয়ে বের হয়ে আসে,5,9-10-biology_secondary-5-144,False
T0688,68,আত্তীকরণ,কাজ,শোষিত খাদ্যবস্তুর পরিণত বা রূপান্তর,5,9-10-biology_secondary-5-145,False
T0689,639,প্রোটোপ্লাজম,কাজ,সরল খাদ্য জটিল উপাদানে পরিণত হওয়া,5,9-10-biology_secondary-5-145,False
T0690,639,প্রোটোপ্লাজম,কারণ,নিঃসৃত এনজাইমের সহযোগিতায়,5,9-10-biology_secondary-5-145,False
T0691,871,রক্ত,কারণ,সরল খাদ্য জটিল উপাদানে পরিণত হওয়ার সাহায্য,5,9-10-biology_secondary-5-145,False
T0692,639,প্রোটোপ্লাজম,কারণ,"আমিষ, স্নেহ এবং শর্করা তৈরি করার সাহায্য",5,9-10-biology_secondary-5-145,False
T0693,639,প্রোটোপ্লাজম,কারণ,কোষের ক্ষয়পূরণ ও গঠনে সহায়তা,5,9-10-biology_secondary-5-145,False
T0694,89,আল্লিক,কারণ,বদহজম,5,9-10-biology_secondary-5-146,False
T0695,692,বদহজম,কারণ,পাকস্থলীতে সংক্রমণ,5,9-10-biology_secondary-5-146,False
T0696,692,বদহজম,কারণ,বিষণ্নতা,5,9-10-biology_secondary-5-146,False
T0697,692,বদহজম,কারণ,অগ্ম্যাশয় রোগ,5,9-10-biology_secondary-5-146,False
T0698,692,বদহজম,কারণ,থাইরয়েডের সমস্যা,5,9-10-biology_secondary-5-146,False
T0699,18,অজীর্ণতা,লক্ষণ,পেটের উপরের দিকে ব্যথা,5,9-10-biology_secondary-5-147,False
T0700,18,অজীর্ণতা,লক্ষণ,পেট ফাঁপা,5,9-10-biology_secondary-5-147,False
T0701,18,অজীর্ণতা,লক্ষণ,পেট ভরা মনে হওয়া,5,9-10-biology_secondary-5-147,False
T0702,18,অজীর্ণতা,লক্ষণ,বুক জ্বালা করা,5,9-10-biology_secondary-5-147,False
T0703,18,অজীর্ণতা,লক্ষণ,বমি বমি ভাব বা বমি হওয়া,5,9-10-biology_secondary-5-147,False
T0704,18,অজীর্ণতা,লক্ষণ,বুক ব্যথা,5,9-10-biology_secondary-5-147,False
T0705,18,অজীর্ণতা,লক্ষণ,টক টেকুর উঠা,5,9-10-biology_secondary-5-147,False
T0706,582,পেপটিক আলসার,কারণ,পাকস্থলী বা অস্ত্রের আলসারের,5,9-10-biology_secondary-5-147,False
T0707,293,গষধ,কারণ,হার্ট আ্যাটাকও হতে পারে,5,9-10-biology_secondary-5-149,False
T0708,74,আমাশয় রোগ,লক্ষণ,ঘন ঘন মলত্যাগ,5,9-10-biology_secondary-5-150,False
T0709,74,আমাশয় রোগ,লক্ষণ,মলের সাথে গ্লেষ্মা বের হওয়া,5,9-10-biology_secondary-5-150,False
T0710,74,আমাশয় রোগ,লক্ষণ,পেটে ব্যথা,5,9-10-biology_secondary-5-150,False
T0711,74,আমাশয় রোগ,লক্ষণ,গ্লেষ্মাযুক্ত মলের সাথে রক্ত যাওয়া,5,9-10-biology_secondary-5-150,False
T0712,74,আমাশয় রোগ,লক্ষণ,দুগ্ধজাত দ্রব্য হজম না হওয়া,5,9-10-biology_secondary-5-150,False
T0713,74,আমাশয় রোগ,কারণ,মারাত্মক কিছু ঘটতে পারে,5,9-10-biology_secondary-5-150,False
T0714,217,কোষ্ঠকাঠিন্য,কারণ,পায়খানার বেগ চেপে রাখলে,5,9-10-biology_secondary-5-152,False
T0715,217,কোষ্ঠকাঠিন্য,কারণ,বৃহদন্ছ্রে অপাচ্য খাদ্যাংশ থেকে অতিমাত্রায় পানি শোষিত হলে,5,9-10-biology_secondary-5-152,False
T0716,217,কোষ্ঠকাঠিন্য,কারণ,পৌন্টিক নালির মধ্য দিয়ে খাদ্যের অপাচ্য অংশ ধীরে ধীরে গমনে মল থেকে বেশি পানি শোষিত হলে,5,9-10-biology_secondary-5-152,False
T0717,217,কোষ্ঠকাঠিন্য,কারণ,পরিশ্রম না করলে,5,9-10-biology_secondary-5-152,False
T0718,217,কোষ্ঠকাঠিন্য,কারণ,আন্দ্রিক গোলযোগে,5,9-10-biology_secondary-5-152,False
T0719,217,কোষ্ঠকাঠিন্য,কারণ,কোলনের মাংসপেশি স্বাভাবিকের তুলনায় ধীরে ধীরে সংকুচিত হলে,5,9-10-biology_secondary-5-152,False
T0720,217,কোষ্ঠকাঠিন্য,কারণ,রাফেজ বা আঁশযুক্ত খাবার না খেলে,5,9-10-biology_secondary-5-152,False
T0721,217,কোষ্ঠকাঠিন্য,কারণ,মল ত্যাগ কষ্টদায়ক হয়,5,9-10-biology_secondary-5-153,False
T0722,217,কোষ্ঠকাঠিন্য,লক্ষণ,পেটে অস্বস্তিকর অবস্থা,5,9-10-biology_secondary-5-153,False
T0723,217,কোষ্ঠকাঠিন্য,লক্ষণ,পেট ব্যথা,5,9-10-biology_secondary-5-153,False
T0724,217,কোষ্ঠকাঠিন্য,লক্ষণ,নানা,5,9-10-biology_secondary-5-153,False
T0725,217,কোষ্ঠকাঠিন্য,কারণ,পরিপাক নালির টিউমার,5,9-10-biology_secondary-5-153,False
T0726,217,কোষ্ঠকাঠিন্য,কাজ,চিকিৎসকের শরণাপন্ন হওয়া,5,9-10-biology_secondary-5-153,False
T0727,29,অদ্লের আধিক্য,অবস্থান,পাকস্থলীতে,5,9-10-biology_secondary-5-156,False
T0728,29,অদ্লের আধিক্য,কারণ,পাকস্থলী বা অন্ত ক্ষতের সৃষ্টি,5,9-10-biology_secondary-5-156,False
T0729,892,রবিন ওয়ারেন,কারণ,চিকিৎসাবিজ্ঞানে নোবেল পুরস্কার লাভ,5,9-10-biology_secondary-5-156,False
T0730,766,ব্যারি মার্শাল,কারণ,চিকিৎসাবিজ্ঞানে নোবেল পুরস্কার লাভ,5,9-10-biology_secondary-5-156,False
T0731,267,খাদ্যে অনিয়ম,কারণ,পেপটিক আলসার,5,9-10-biology_secondary-5-156,False
T0732,771,ভাজাপোড়া খাবার খাওয়া,কারণ,পেপটিক আলসার,5,9-10-biology_secondary-5-156,False
T0733,739,বিষঞ্জতা,কারণ,পেপটিক আলসার,5,9-10-biology_secondary-5-156,False
T0734,143,উৎকণ্ঠা,কারণ,পেপটিক আলসার,5,9-10-biology_secondary-5-156,False
T0735,492,নামের একটি ব্যাকটেরিয়া,কারণ,পেপটিক আলসার,5,9-10-biology_secondary-5-156,False
T0736,1099,হাইড্রোক্লোরিক আ্যাসিড,পরিমাণ,৮0 1.5-3.5,5,9-10-biology_secondary-5-156,False
T0737,583,পেপটিক আলসার রোগ,লক্ষণ,"পেটের ঠিক মাঝ বরাবর, নাভির একটু উপরে একঘেয়ে ব্যথা অনুভূত হয়",5,9-10-biology_secondary-5-157,False
T0738,583,পেপটিক আলসার রোগ,লক্ষণ,খালি পেটে বা অতিরিক্ত তেলজাতীয় খাদ্য খেলে ব্যথা বাড়ে,5,9-10-biology_secondary-5-157,False
T0739,583,পেপটিক আলসার রোগ,লক্ষণ,বমি এবং মলের সাথে রক্তু নির্গত হয়,5,9-10-biology_secondary-5-157,False
T0740,97,আ্যাপেনডিক্স,অবস্থান,পেটের ডান দিকের নিচে বৃহদন্দ্রের সিকামের সাথে যুক্ত,5,9-10-biology_secondary-5-159,False
T0741,98,আ্যাপেনডিক্সের সংক্রমণ,কারণ,আ্যাপেনডিসাইটিস,5,9-10-biology_secondary-5-159,False
T0742,99,আ্যাপেনডিসাইটিস,লক্ষণ,নাভির চারদিকে ব্যথা অনুভব হয়,5,9-10-biology_secondary-5-159,False
T0743,99,আ্যাপেনডিসাইটিস,লক্ষণ,ব্যথা শুরু হওয়ার কয়েক ঘণ্টার মধ্যে তলপেটের ডান দিকে সরে যায়,5,9-10-biology_secondary-5-159,False
T0744,99,আ্যাপেনডিসাইটিস,লক্ষণ,স্ষুধামন্দা,5,9-10-biology_secondary-5-159,False
T0745,99,আ্যাপেনডিসাইটিস,লক্ষণ,বমি,5,9-10-biology_secondary-5-159,False
T0746,99,আ্যাপেনডিসাইটিস,লক্ষণ,কোষ্ঠকাঠিন্য,5,9-10-biology_secondary-5-159,False
T0747,193,কৃমি,কারণ,পেটে ব্যথা,5,9-10-biology_secondary-5-161,False
T0748,193,কৃমি,কারণ,দুর্বলবোধ,5,9-10-biology_secondary-5-161,False
T0749,193,কৃমি,কারণ,বদহজম,5,9-10-biology_secondary-5-161,False
T0750,193,কৃমি,কারণ,পেটে অস্বস্তিবোধ,5,9-10-biology_secondary-5-161,False
T0751,193,কৃমি,কারণ,বমি বমি ভাব,5,9-10-biology_secondary-5-161,False
T0752,193,কৃমি,কারণ,অনিদ্রা,5,9-10-biology_secondary-5-161,False
T0753,193,কৃমি,কারণ,খাওয়ায় অরুচি,5,9-10-biology_secondary-5-161,False
T0754,193,কৃমি,কারণ,রোগীর চেহারা ফ্যাকাশে হওয়া,5,9-10-biology_secondary-5-161,False
T0755,193,কৃমি,কারণ,রন্তাল্পতা দেখা দেওয়া,5,9-10-biology_secondary-5-161,False
T0756,193,কৃমি,কারণ,হাত-পা ফুলে যাওয়া,5,9-10-biology_secondary-5-161,False
T0757,193,কৃমি,কারণ,পেট বড় হয়ে ফুলে উঠা,5,9-10-biology_secondary-5-161,False
T0758,193,কৃমি,কারণ,খাদ্য কৃমি বিস্তারে সহায়তা করে,5,9-10-biology_secondary-5-163,False
T0759,174,কাঁচা ফলমূল,কাজ,ধুয়ে খাওয়ার অভ্যাস গড়ে তোলা,5,9-10-biology_secondary-5-163,False
T0760,276,খাবার,কারণ,হাত ভালোভাবে ধোয়া,5,9-10-biology_secondary-5-163,False
T0761,1091,স্বাস্থ্যসম্মত,কারণ,পায়খানা ব্যবহার করা,5,9-10-biology_secondary-5-163,False
T0762,279,খালি পায়ে,কারণ,না হাঁটা,5,9-10-biology_secondary-5-163,False
T0763,53,অল্প সিদ্ধ,কারণ,শাকসবজি বা মাংস না খাওয়া,5,9-10-biology_secondary-5-163,False
T0764,1092,স্যালাইন,অবস্থান,পাতলা পায়খানা বন্ধ না হওয়া পর্যন্ত,5,9-10-biology_secondary-5-169,False
T0765,1092,স্যালাইন,কারণ,রোগীকে স্যালাইন খাওয়াতে হবে,5,9-10-biology_secondary-5-169,False
T0766,966,শিশু রোগী,কারণ,বুকের দুধ খাওয়াতে হবে,5,9-10-biology_secondary-5-169,False
T0767,913,রোগী,কারণ,নিয়মিত অন্যান্য খাবারও খেতে হবে,5,9-10-biology_secondary-5-169,False
T0768,407,ডায়রিয়া,কারণ,সেরে যাওয়ার পরও অন্তত এক সপ্তাহ রোগীকে বাড়তি খাবার দিতে হবে,5,9-10-biology_secondary-5-169,False
T0769,45,অভাবজনিত লক্ষণ,কারণ,উদ্ভিদের কোনো পুষ্টি উপাদানের অভাব,5,9-10-biology_secondary-5-17,False
T0770,200,কোলেস্টেরল,প্রকার,বর্ণনা করতে পারব,5,9-10-biology_secondary-5-179,False
T0771,886,রক্তে অস্বাভাবিকতা,কারণ,ব্যাখ্যা করতে পারব,5,9-10-biology_secondary-5-179,False
T0772,1112,হৃৎপিণ্ড সম্পর্কিত রোগ,লক্ষণ,বিশ্লেষণ করতে পারব,5,9-10-biology_secondary-5-179,False
T0773,1112,হৃৎপিণ্ড সম্পর্কিত রোগ,কারণ,বিশ্লেষণ করতে পারব,5,9-10-biology_secondary-5-179,False
T0774,1112,হৃৎপিণ্ড সম্পর্কিত রোগ,প্রতিরোধ,বিশ্লেষণ করতে পারব,5,9-10-biology_secondary-5-179,False
T0775,240,ক্লোরোফিল অভাবের,লক্ষণ,পাতার সবুজ রং হালকা হতে হালকা হয় এবং হলুদ হয়ে যায়,5,9-10-biology_secondary-5-18,False
T0776,240,ক্লোরোফিল অভাবের,লক্ষণ,অন্যান্য বর্ণকণা বা পিগমেন্ট মিলিতভাবে হলুদ দেখায়,5,9-10-biology_secondary-5-18,False
T0777,240,ক্লোরোফিল অভাবের,লক্ষণ,ক্লোরোসিস,5,9-10-biology_secondary-5-18,False
T0778,242,ক্লোরোসিসে,কারণ,কোষের বৃদ্ধি এবং বিভাজন হ্রাস পায়,5,9-10-biology_secondary-5-18,False
T0779,242,ক্লোরোসিসে,কারণ,উদ্ভিদের বৃদ্ধি কমে যায়,5,9-10-biology_secondary-5-18,False
T0780,554,পানি,পরিমাণ,শতকরা 90 ভাগ,5,9-10-biology_secondary-5-181,False
T0781,554,পানি,কারণ,ফ্লুইড অফ লাইফ বলা হয়ে থাকে,5,9-10-biology_secondary-5-181,False
T0782,557,পানির পরিমাণ,কারণ,প্রোটোপ্লাজম সংকুচিত হয়ে অকার্যকর পর্যন্ত হতে পারে,5,9-10-biology_secondary-5-181,False
T0783,555,পানির অভাব,কারণ,উদ্ভিদের বিপাকীয় বিক্রিয়া বন্ধ হয়ে যাবে,5,9-10-biology_secondary-5-181,False
T0784,173,কলয়েড জাতীয় শুকনা বা আধা শুকনা পদার্থ,কাজ,তরল পদার্থ শুষে নেয়,5,9-10-biology_secondary-5-185,True
T0785,1060,সেলুলোজ,প্রকার,হাইড্রোফিলিক পদার্থ,5,9-10-biology_secondary-5-185,False
T0786,1066,স্টার্চ,প্রকার,হাইড্রোফিলিক পদার্থ,5,9-10-biology_secondary-5-185,False
T0787,353,জিলাটিন,প্রকার,হাইড্রোফিলিক পদার্থ,5,9-10-biology_secondary-5-185,False
T0788,181,কাঠের খণ্ডটি,কারণ,ইমবাইবিশন প্রক্রিয়ায় পানি শোষণ করে স্ফীত হয়ে ওঠে,5,9-10-biology_secondary-5-185,False
T0789,858,মেসোফিল টিস্যু,কারণ,পাতার পানির ঘাটতি,5,9-10-biology_secondary-5-188,False
T0790,858,মেসোফিল টিস্যু,কাজ,পানি টেনে নেয়,5,9-10-biology_secondary-5-188,False
T0791,651,ফসফরাসের অভাব,লক্ষণ,পাতা বেগুনি হয়ে যায়,5,9-10-biology_secondary-5-19,False
T0792,651,ফসফরাসের অভাব,লক্ষণ,মৃত অঞ্চল সৃষ্টি হয়,5,9-10-biology_secondary-5-19,False
T0793,651,ফসফরাসের অভাব,লক্ষণ,"পাতা, ফুল ও ফল ঝরে যেতে পারে",5,9-10-biology_secondary-5-19,False
T0794,651,ফসফরাসের অভাব,লক্ষণ,উদ্ভিদের বৃদ্ধি বন্ধ হয়ে যায়,5,9-10-biology_secondary-5-19,False
T0795,651,ফসফরাসের অভাব,লক্ষণ,উদ্ভিদ খর্বাকার হয়,5,9-10-biology_secondary-5-19,False
T0796,47,অভিপ্রবণ,কারণ,দ্রাবকের ব্যাপন,5,9-10-biology_secondary-5-190,False
T0797,526,পটাশিয়ামের অভাব,লক্ষণ,পাতার শীর্ষ এবং কিনারা হলুদ হয় এবং মৃত অঞ্চল সৃষ্টি হয়,5,9-10-biology_secondary-5-20,False
T0798,526,পটাশিয়ামের অভাব,লক্ষণ,পাতার শিরার মধ্যবর্তী স্থানে ক্লোরোসিস হয়ে হলুদবর্ণ ধারণ করে,5,9-10-biology_secondary-5-20,False
T0799,526,পটাশিয়ামের অভাব,লক্ষণ,পাতার কিনারায় পুড়ে যাওয়া সদৃশ বাদামি রং দেখা যায় এবং পাতা কুঁকড়ে আসে,5,9-10-biology_secondary-5-20,False
T0800,526,পটাশিয়ামের অভাব,লক্ষণ,উদ্ভিদের বৃদ্ধি কম হয়,5,9-10-biology_secondary-5-20,False
T0801,526,পটাশিয়ামের অভাব,লক্ষণ,শীর্ষ ও পার্শ্ব মুকুল মরে যায়,5,9-10-biology_secondary-5-20,False
T0802,526,পটাশিয়ামের অভাব,লক্ষণ,"খাদ্য, পুষ্টি এবং পরিপাক",5,9-10-biology_secondary-5-20,False
T0803,141,উদ্ভিদের বর্ধনশীল শীর্ষ অঞ্চল,লক্ষণ,মরে যায়,5,9-10-biology_secondary-5-21,False
T0804,551,পাতার কিনারা বরাবর অঞ্চলগুলো,লক্ষণ,মরে যায়,5,9-10-biology_secondary-5-21,False
T0805,550,পাতা,লক্ষণ,কুঁকড়ে যায়,5,9-10-biology_secondary-5-21,False
T0806,663,ফুল ফোটার সময় উদ্ভিদের কাণ্ড,লক্ষণ,শুকিয়ে যায়,5,9-10-biology_secondary-5-21,False
T0807,132,উদ্ভিদ,লক্ষণ,হঠাৎ নেতিয়ে পড়ে,5,9-10-biology_secondary-5-21,False
T0808,863,ম্যাগনেসিয়ামের অভাব,লক্ষণ,সবুজ রং হালকা হয়ে যায় এবং সালোকসংশ্লেষণের হার কমে যায়,5,9-10-biology_secondary-5-22,False
T0809,863,ম্যাগনেসিয়ামের অভাব,লক্ষণ,তুলনামূলকভাবে ক্লোরোসিস হয় মধ্যবতী স্থানে,5,9-10-biology_secondary-5-22,False
T0810,946,লৌহের অভাব,লক্ষণ,পাতার রং হালকা হয়ে যায়,5,9-10-biology_secondary-5-22,False
T0811,946,লৌহের অভাব,লক্ষণ,পাতার সরু শিরার মধ্যবতী স্থানে প্রথম হালকা হয় এবং ক্লোরোসিস হয়,5,9-10-biology_secondary-5-22,False
T0812,946,লৌহের অভাব,লক্ষণ,সম্পূর্ণ পাতা বিবর্ণ হয়ে যায়,5,9-10-biology_secondary-5-22,False
T0813,946,লৌহের অভাব,লক্ষণ,কাণ্ড দুর্বল এবং ছোট হয়,5,9-10-biology_secondary-5-22,False
T0814,1025,সালফার,কারণ,পাতা হালকা সবুজ হওয়া,5,9-10-biology_secondary-5-23,False
T0815,1025,সালফার,কারণ,পাতায় লাল ও বেগুনি দাগ দেখা যাওয়া,5,9-10-biology_secondary-5-23,False
T0816,1026,সালফারের অভাব,কারণ,কচি পাতায় বেশি ক্লোরোসিস হওয়া,5,9-10-biology_secondary-5-23,False
T0817,1026,সালফারের অভাব,কারণ,বয়োবৃদ্ধ পাতায় কম ক্লোরোসিস হওয়া,5,9-10-biology_secondary-5-23,False
T0818,1026,সালফারের অভাব,কারণ,"মূল, কাণ্ড এবং পাতার শীর্ষ ছোট হওয়া",5,9-10-biology_secondary-5-23,False
T0819,1026,সালফারের অভাব,কারণ,গাছ খর্বাকৃতির হওয়া,5,9-10-biology_secondary-5-23,False
T0820,762,বোরন,অবস্থান,কোষপ্রাচীরের কাঠামোর মধ্যে,5,9-10-biology_secondary-5-24,False
T0821,762,বোরন,কারণ,পর্যাপ্ত দৃঢ়তা না পেয়ে এবং বিপাকে গোলযোগ হওয়া,5,9-10-biology_secondary-5-24,False
T0822,253,খাদ্য,কাজ,দেহে তাপ এবং শত্তি তৈরি,5,9-10-biology_secondary-5-25,False
T0823,253,খাদ্য,কাজ,জীবকোষে জারিত হয়ে,5,9-10-biology_secondary-5-25,False
T0824,253,খাদ্য,কাজ,শত্তি প্রয়োজন,5,9-10-biology_secondary-5-25,False
T0825,254,খাদ্য উপাদান,সংজ্ঞা,রাসায়নিক বস্তু,5,9-10-biology_secondary-5-26,False
T0826,254,খাদ্য উপাদান,কারণ,পুষ্টি,5,9-10-biology_secondary-5-26,False
T0827,274,খাদ্যের উপাদান,কাজ,খাদ্য হিসেবে শ্রেণিভুক্ত করা,5,9-10-biology_secondary-5-26,False
T0828,263,খাদ্যবস্তু,অংশ,তিন ভাগ,5,9-10-biology_secondary-5-26,False
T0829,75,আমিষ,কাজ,দেহের বৃদ্ধিসাধন এবং ক্ষয়পূরণ,5,9-10-biology_secondary-5-27,False
T0830,956,শর্করা,কাজ,দেহে শক্তি উৎপাদন,5,9-10-biology_secondary-5-27,False
T0831,1082,স্নেহ ও চর্বিজাতীয় খাদ্য,কাজ,দেহে তাপ এবং শত্তি উৎপাদন,5,9-10-biology_secondary-5-27,False
T0832,554,পানি,কাজ,দেহে পানি এবং তাপের সমতা রক্ষা করে,5,9-10-biology_secondary-5-28,False
T0833,554,পানি,কাজ,কোষের কার্যাদি নিয়ন্ত্রণ করে,5,9-10-biology_secondary-5-28,False
T0834,554,পানি,কাজ,রন কোষ ও তার অঙ্গাণুগুলোকে ধারণ করে,5,9-10-biology_secondary-5-28,False
T0835,897,রাফেজ,কাজ,পানি শোষণ,5,9-10-biology_secondary-5-29,False
T0836,897,রাফেজ,কাজ,মলের পরিমাণ বৃদ্ধি,5,9-10-biology_secondary-5-29,False
T0837,897,রাফেজ,কাজ,বৃহদন থেকে মল নিষ্কাশনে সাহায্য,5,9-10-biology_secondary-5-29,False
T0838,75,আমিষ,পরিমাণ,শতকরা 16 ভাগ নাইট্রোজেন,5,9-10-biology_secondary-5-30,False
T0839,75,আমিষ,কারণ,গুরুত্ব শর্করা ও স্নেহ পদার্থ থেকে আলাদা করার,5,9-10-biology_secondary-5-30,False
T0840,75,আমিষ,কারণ,শরীরে নাইট্রোজেন সরবরাহ করার,5,9-10-biology_secondary-5-30,False
T0841,956,শর্করা,কাজ,শরীরে কাজ করার শত্তি যোগায়,5,9-10-biology_secondary-5-33,False
T0842,956,শর্করা,প্রকার,এক শর্করা,5,9-10-biology_secondary-5-34,False
T0843,956,শর্করা,প্রকার,দ্বি-শর্করা,5,9-10-biology_secondary-5-34,False
T0844,956,শর্করা,প্রকার,শর্করা,5,9-10-biology_secondary-5-34,False
T0845,312,চর্বি,কাজ,তাপ উৎপাদন,5,9-10-biology_secondary-5-36,False
T0846,312,চর্বি,অবস্থান,পাকস্থলীতে,5,9-10-biology_secondary-5-36,False
T0847,312,চর্বি,অবস্থান,ত্বকের নিচে,5,9-10-biology_secondary-5-36,False
T0848,312,চর্বি,অবস্থান,যকৃৎ,5,9-10-biology_secondary-5-36,False
T0849,312,চর্বি,অবস্থান,মস্তিষ্ক,5,9-10-biology_secondary-5-36,False
T0850,312,চর্বি,অবস্থান,মাংস পেশি,5,9-10-biology_secondary-5-36,False
T0851,312,চর্বি,কাজ,উপবাসের সময় কাজে লাগা,5,9-10-biology_secondary-5-36,False
T0852,278,খাবার তেল বা ঘি,কাজ,খাবার সুস্বাদু করা,5,9-10-biology_secondary-5-36,False
T0853,278,খাবার তেল বা ঘি,কাজ,খাবার পুষন্টিমান বেড়ানো,5,9-10-biology_secondary-5-36,False
T0854,314,চর্বিতে দ্রবণীয় ভিটামিন,প্রকার,ভিটামিন /,5,9-10-biology_secondary-5-40,False
T0855,314,চর্বিতে দ্রবণীয় ভিটামিন,প্রকার,ভিটামিন &,5,9-10-biology_secondary-5-40,False
T0856,314,চর্বিতে দ্রবণীয় ভিটামিন,প্রকার,ভিটামিন 7,5,9-10-biology_secondary-5-40,False
T0857,775,ভিটামিন চ,প্রতিরোধ,ভিটামিন ঢ এবং 1,5,9-10-biology_secondary-5-41,False
T0858,250,খনিজ লবণ,অবস্থান,দেহ গঠন ও দেহের অভ্যন্তরীণ কাজ নিয়ন্দ্রণ,5,9-10-biology_secondary-5-43,False
T0859,250,খনিজ লবণ,কাজ,"হাড়, দাঁত, পেশি, এনজাইম এবং হরমোন গঠন",5,9-10-biology_secondary-5-43,False
T0860,250,খনিজ লবণ,কারণ,"স্নায়ুর উদ্দীপনা, পেশি সংকোচন, দেহকোষে পানির সাম্যতা বজায় রাখা, অল্প ও ক্ষারের সমতাবিধান",5,9-10-biology_secondary-5-43,False
T0861,470,দেহের গঠন,অবস্থান,দেহকোষের গঠন এবং প্রতিপালন,5,9-10-biology_secondary-5-45,False
T0862,578,পূর্ণবয়স্ক মানুষের দৈহিক ওজন,পরিমাণ,পানির 50%-65%,5,9-10-biology_secondary-5-45,False
T0863,1060,সেলুলোজ,কাজ,উদ্ভিদের কাঠামো তৈরি,5,9-10-biology_secondary-5-48,False
T0864,932,লিগনিন,কাজ,উদ্ভিদের কাঠামো তৈরি,5,9-10-biology_secondary-5-48,False
T0865,1101,হাড়,কাজ,মানবদেহের কাঠামো তৈরি,5,9-10-biology_secondary-5-48,False
T0866,897,রাফেজ,কাজ,বৃহদন্তর থেকে মল নিষ্কাশনে সাহায্য,5,9-10-biology_secondary-5-48,False
T0867,898,রাফেজযুক্ত খাবার,কারণ,খাদ্যনালির ক্যাঙ্গারের আশঙ্কা হ্রাস,5,9-10-biology_secondary-5-48,False
T0868,65,আঁশযুক্ত খাবার,কারণ,স্থূলতা হ্রাস,5,9-10-biology_secondary-5-48,False
T0869,65,আঁশযুক্ত খাবার,কারণ,ক্ষুধাপ্রবণতা হ্রাস,5,9-10-biology_secondary-5-48,False
T0870,65,আঁশযুক্ত খাবার,কারণ,চর্বি জমার প্রবণতা হ্রাস,5,9-10-biology_secondary-5-48,False
T0871,956,শর্করা,অবস্থান,সবচেয়ে নিচে,5,9-10-biology_secondary-5-50,False
T0872,313,চর্বিজাতীয় খাদ্য,অবস্থান,সবচেয়ে উপরে,5,9-10-biology_secondary-5-50,False
T0873,277,খাবার তালিকা,অবস্থান,৫.৪ নং চিত্রে পিরামিডের আকারে,5,9-10-biology_secondary-5-51,False
T0874,256,খাদ্য পিরামিড,অবস্থান,আমাদের প্রতিদিনের খাবারে,5,9-10-biology_secondary-5-51,False
T0875,275,খাদ্যের তালিকা,অবস্থান,অন্তর্ভুন্ত,5,9-10-biology_secondary-5-55,False
T0876,275,খাদ্যের তালিকা,কাজ,সুষম খাদ্যের পরিকল্পনা,5,9-10-biology_secondary-5-55,False
T0877,28,অত্যাবশ্যকীয় উপাদান,কাজ,"বৃদ্ধি, শারীরবৃত্তীয় কাজ, প্রজনন",5,9-10-biology_secondary-5-6,False
T0878,28,অত্যাবশ্যকীয় উপাদান,লক্ষণ,লক্ষণ,5,9-10-biology_secondary-5-6,False
T0879,291,গলগণ্ড,কারণ,আয়োডিনের অভাব,5,9-10-biology_secondary-5-62,False
T0880,291,গলগণ্ড,কারণ,খাবারে আয়োডিনের অভাব,5,9-10-biology_secondary-5-62,False
T0881,291,গলগণ্ড,কারণ,সমুদ্র থেকে দূরে উত্তরবঙ্গ এবং পার্বত্য এলাকার মাটিতে আয়োডিন কম,5,9-10-biology_secondary-5-62,False
T0882,379,জেরোফথ্যালমিয়ার চোখের সংবেদী রড কোষ,কারণ,ক্ষতিগ্রস্ত হয়,5,9-10-biology_secondary-5-64,False
T0883,774,ভিটামিন ॥ সমৃদ্ধ খাদ্য,প্রতিরোধ,রোগ,5,9-10-biology_secondary-5-66,False
T0884,912,রোগ,কারণ,ভিটামিন 7 এর অভাব,5,9-10-biology_secondary-5-67,False
T0885,881,রক্তশূন্যতা,অবস্থান,দেহের এমন একটি অবস্থা,5,9-10-biology_secondary-5-71,False
T0886,945,লৌহ,কারণ,রক্তস্বল্পতা দেখা যায়,5,9-10-biology_secondary-5-71,False
T0887,649,ফলিক আ্যাসিড,কারণ,রক্তস্বল্পতা দেখা যায়,5,9-10-biology_secondary-5-71,False
T0888,776,ভিটামিন বি-12,কারণ,রক্তস্বল্পতা দেখা যায়,5,9-10-biology_secondary-5-71,False
T0889,883,রক্তস্বল্পতা,কারণ,পুষ্টি উপাদানের ঘাটতি না হয়েও হতে পারে,5,9-10-biology_secondary-5-71,False
T0890,947,লৌহের ঘাটতি,কারণ,রক্তস্বল্পতা বেশি হতে পারে,5,9-10-biology_secondary-5-71,False
T0891,967,শিশুদের,অবস্থান,রক্তস্বল্পতা বেশি হয়,5,9-10-biology_secondary-5-71,False
T0892,607,প্রজননের উপযুক্ত বয়সী নারীদের,অবস্থান,15-45 বছর,5,9-10-biology_secondary-5-71,False
T0893,287,গর্ভবতীদের,অবস্থান,রক্তস্বল্পতা বেশি হয়,5,9-10-biology_secondary-5-71,False
T0894,946,লৌহের অভাব,অবস্থান,অন্তরে,5,9-10-biology_secondary-5-72,False
T0895,946,লৌহের অভাব,কারণ,রক্তশূন্যতা,5,9-10-biology_secondary-5-72,False
T0896,881,রক্তশূন্যতা,লক্ষণ,দুর্বলতা অনুভব করা,5,9-10-biology_secondary-5-72,False
T0897,881,রক্তশূন্যতা,লক্ষণ,মাথাব্যথা,5,9-10-biology_secondary-5-72,False
T0898,881,রক্তশূন্যতা,লক্ষণ,মনমরা,5,9-10-biology_secondary-5-72,False
T0899,799,মাংসপেশি,কাজ,চলনে সাহায্য,5,9-10-biology_secondary-5-76,False
T0900,258,খাদ্য শক্তি পরিমাপের একক,পরিমাণ,৫.৪.১,5,9-10-biology_secondary-5-78,False
T0901,255,খাদ্য ক্যালরি,পরিমাণ,১ কিলোক্যালরি,5,9-10-biology_secondary-5-80,False
T0902,472,দৈনিক প্রয়োজন,পরিমাণ,২০০০ কিলোক্যালরি,5,9-10-biology_secondary-5-85,False
T0903,729,বিএমআর ও বিএমআই,কাজ,শরীরের সুস্থতা এবং স্থূলতার নির্ণয়,5,9-10-biology_secondary-5-86,False
T0904,495,নারীর বিএমআর,পরিমাণ,655 + (9.6 * 94) + (1.8 * 165) - (4.7 * 33,5,9-10-biology_secondary-5-87,False
T0905,332,ছেলেদের বিএমআর,পরিমাণ,66 + (13.7 * 94) + (5 * 165) - (6.8 * 33,5,9-10-biology_secondary-5-87,False
T0906,803,মাইক্রোনিউট্রিয়েন্ট,প্রকার,7 টি,5,9-10-biology_secondary-5-9,False
T0907,803,মাইক্রোনিউট্রিয়েন্ট,কারণ,দস্তা বা জিংক (710,5,9-10-biology_secondary-5-9,False
T0908,803,মাইক্রোনিউট্রিয়েন্ট,কারণ,ম্যাংগানিজ (410,5,9-10-biology_secondary-5-9,False
T0909,803,মাইক্রোনিউট্রিয়েন্ট,কারণ,মোলিবডেনাম (040,5,9-10-biology_secondary-5-9,False
T0910,803,মাইক্রোনিউট্রিয়েন্ট,কারণ,বোরন (8,5,9-10-biology_secondary-5-9,False
T0911,803,মাইক্রোনিউট্রিয়েন্ট,কারণ,তামা বা কপার (দস,5,9-10-biology_secondary-5-9,False
T0912,803,মাইক্রোনিউট্রিয়েন্ট,কারণ,ক্লোরিন (0,5,9-10-biology_secondary-5-9,False
T0913,803,মাইক্রোনিউট্রিয়েন্ট,কারণ,লৌহ (৮6,5,9-10-biology_secondary-5-9,False
T0914,728,বিএমআর,অবস্থান,শরীরের 60 থেকে 75 ভাগ,5,9-10-biology_secondary-5-90,False
T0915,728,বিএমআর,কাজ,শক্তির উৎপাদন নিয়ন্ত্রণ,5,9-10-biology_secondary-5-90,False
T0916,253,খাদ্য,পরিমাণ,মাত্র 10-20 শতাংশ,5,9-10-biology_secondary-5-90,False
T0917,961,শারীরিক শ্রম,পরিমাণ,20 থেকে 30 শতাংশ,5,9-10-biology_secondary-5-90,False
T0918,727,বিএমআই,সংজ্ঞা,দেহের ওজন (কেজি)/ দেহের উচ্চতা (মিটার,5,9-10-biology_secondary-5-91,False
T0919,727,বিএমআই,পরিমাণ,18.5-24.9,5,9-10-biology_secondary-5-91,False
T0920,727,বিএমআই,পরিমাণ,18.5-এর নিচে,5,9-10-biology_secondary-5-91,False
T0921,0,25-29.9 শরীরের ওজন,কাজ,অতিরিক্ত ওজন কমানো প্রয়োজন,5,9-10-biology_secondary-5-92,False
T0922,1,30-34.9 শরীরের ওজন,কাজ,বেছে খাদ্যগ্রহণ ও ব্যায়াম করা প্রয়োজন,5,9-10-biology_secondary-5-92,False
T0923,2,35-39.9 শরীরের ওজন,কাজ,পরিমিত খাদ্যগ্রহণ ও ব্যায়াম করা প্রয়োজন,5,9-10-biology_secondary-5-92,False
T0924,3,40 এর উপরে শরীরের ওজন,কাজ,মৃত্যুঝুকির আশঙ্কা ও ডাক্তারের পরামর্শের প্রয়োজন,5,9-10-biology_secondary-5-92,False
T0925,114,ইন্টারনেট আসন্তি,কারণ,খুবই কম হাঁটাচলা কিংবা দৌড়া দৌড়ি করা,5,9-10-biology_secondary-5-95,False
T0926,953,শরীরচর্চা,অংশ,জীববিজ্ঞান,5,9-10-biology_secondary-5-96,False
T0927,259,খাদ্য সংরক্ষণ,কাজ,খাদ্যের পচন রোধ করে,5,9-10-biology_secondary-5-97,False
T0928,259,খাদ্য সংরক্ষণ,কাজ,খাদ্যের গুণাগুণ রাসায়নিক পদার্থের ব্যবহার দ্বারা গ্রহণযোগ্যতা বজায় রাখে,5,9-10-biology_secondary-5-97,False
T0929,259,খাদ্য সংরক্ষণ,কারণ,পচনসৃষ্টিকারী ব্যাকটেরিয়া ও ছত্রাকের সংক্রমণ বন্ধ করা,5,9-10-biology_secondary-5-97,False
T0930,259,খাদ্য সংরক্ষণ,কারণ,খাদ্যের চর্বিজাতীয় অংশের জারণ বন্ধ করা,5,9-10-biology_secondary-5-97,False
T0931,1090,স্বাভাবিক সিস্টোলিক চাপ,পরিমাণ,১২০ মিলিমিটার পারদের নিচে,6,9-10-biology_secondary-6-102,False
T0932,1089,স্বাভাবিক ডায়াস্টোলিক চাপ,পরিমাণ,৮০ মিলিমিটার পারদের নিচে,6,9-10-biology_secondary-6-102,False
T0933,126,উচ্চ রক্তচাপ,কারণ,বাবা বা মায়ের উচ্চ রক্তচাপ,6,9-10-biology_secondary-6-103,False
T0934,126,উচ্চ রক্তচাপ,কারণ,স্নায়বিক চাপে বেশি ভোগ ও ধূমপানের অভ্যাস,6,9-10-biology_secondary-6-103,False
T0935,126,উচ্চ রক্তচাপ,কারণ,দেহের ওজন বেশি বেড়ে গেলে লবণ এবং চর্বিযুক্ত খাদ্য বেশি খেলা,6,9-10-biology_secondary-6-103,False
T0936,126,উচ্চ রক্তচাপ,কারণ,পরিবারের সদস্যদের ডায়াবেটিস বা কোলেস্টেরলের পূর্ব ইতিহাস,6,9-10-biology_secondary-6-103,False
T0937,126,উচ্চ রক্তচাপ,কারণ,খিঁচুনি রোগের কারণে মায়ের রক্তচাপ বৃদ্ধি,6,9-10-biology_secondary-6-103,False
T0938,127,উচ্চ রক্তচাপের প্রতিকার,কারণ,টাটকা ফল এবং শাক-সবজি খাওয়ার অভ্যাস করা,6,9-10-biology_secondary-6-107,False
T0939,127,উচ্চ রক্তচাপের প্রতিকার,কারণ,দেহের ওজন নিয়ন্ত্রণে রেখে শারীরিক পরিশ্রম করা বা ব্যায়াম করা,6,9-10-biology_secondary-6-107,False
T0940,127,উচ্চ রক্তচাপের প্রতিকার,কারণ,ধূমপান ত্যাগ করা,6,9-10-biology_secondary-6-107,False
T0941,875,রক্তচাপের মাত্রা,কারণ,"কর্মতৎপরতা, স্বাস্থ্য, বয়স এবং রোগের কারণ",6,9-10-biology_secondary-6-108,False
T0942,202,কোলেস্টেরল হাইড্রোকার্বন কোলেস্টেইন,অংশ,কোলেস্টেরল লিপোপ্রোটিন,6,9-10-biology_secondary-6-109,False
T0943,935,লিপোপ্রোটিন,অবস্থান,রক্তে,6,9-10-biology_secondary-6-109,False
T0944,885,রক্তে,পরিমাণ,৩ ধরনের লিপোপ্রোটিন,6,9-10-biology_secondary-6-109,False
T0945,200,কোলেস্টেরল,কারণ,হৃদরোগের ঝুঁকি বাড়ায়,6,9-10-biology_secondary-6-109,False
T0946,46,অভিন্রবণ,কাজ,উদ্ভিদ মাটি থেকে মূল দিয়ে পানি শোষণ,6,9-10-biology_secondary-6-11,False
T0947,843,মূলরোম,কাজ,পানি শোষণ,6,9-10-biology_secondary-6-11,False
T0948,132,উদ্ভিদ,কাজ,মাটি থেকে খনিজ পুষ্টি শোষণ,6,9-10-biology_secondary-6-11,False
T0949,213,কোষরস,সংজ্ঞা,কোষের ভিতরকার পানি এবং পানিতে দ্রবীভূত খনিজ লবণ,6,9-10-biology_secondary-6-11,False
T0950,30,অধিক মাত্রার কোলেস্টেরল,অবস্থান,খাদ্যে,6,9-10-biology_secondary-6-111,False
T0951,1114,হৃৎপিণ্ডের করোনারি ধমনিগাত্রে,কারণ,ধমনিতে স্বাভাবিক র্তুপ্রবাহে বিঘ্ন ঘটে,6,9-10-biology_secondary-6-112,False
T0952,1111,হৃৎপিণ্ড,কাজ,অক্সিজেন এবং খাদ্যসার সরবরাহ,6,9-10-biology_secondary-6-112,False
T0953,1111,হৃৎপিণ্ড,অবস্থান,হৃৎপিণ্ডে,6,9-10-biology_secondary-6-112,False
T0954,743,বুকে,লক্ষণ,ব্যথা অনুভূত হয়,6,9-10-biology_secondary-6-112,False
T0955,479,ধমনির গায়ে,কারণ,ধমনির র্তপ্রবাহ বাধাগ্রস্ত হয়,6,9-10-biology_secondary-6-112,False
T0956,201,কোলেস্টেরল কোষপ্রাচীর,কাজ,তৈরি এবং রক্ষার,6,9-10-biology_secondary-6-114,False
T0957,200,কোলেস্টেরল,কাজ,হরমোন এনড্রোজেন ও ইস্ট্রোজেন তৈরিতে সাহায্য,6,9-10-biology_secondary-6-114,False
T0958,200,কোলেস্টেরল,কাজ,পিত্ত তৈরি,6,9-10-biology_secondary-6-114,False
T0959,944,লোহিত রক্তকোষ,কাজ,সরবরাহের কাজ,6,9-10-biology_secondary-6-118,False
T0960,930,লিউকেমিয়া,কারণ,অস্বাভাবিক শ্বেত রক্তকোষের বৃদ্ধি,6,9-10-biology_secondary-6-118,False
T0961,913,রোগী,লক্ষণ,দুর্বল বোধ,6,9-10-biology_secondary-6-118,False
T0962,913,রোগী,লক্ষণ,ফ্যাকাশে হওয়া,6,9-10-biology_secondary-6-118,False
T0963,913,রোগী,লক্ষণ,শ্বাসকষ্ট,6,9-10-biology_secondary-6-118,False
T0964,467,দেহ,লক্ষণ,অস্বাভাবিক রক্তক্ষরণ,6,9-10-biology_secondary-6-118,False
T0965,467,দেহ,লক্ষণ,লাল বর্ণের দাগ,6,9-10-biology_secondary-6-118,False
T0966,561,পায়ের গিঁটে,লক্ষণ,ব্যথা,6,9-10-biology_secondary-6-118,False
T0967,931,লিউকেমিয়ায় আক্রান্ত ব্যক্তি,লক্ষণ,বিভিন্ন রোগজীবাণু দ্বারা আক্রান্ত হন,6,9-10-biology_secondary-6-118,False
T0968,871,রক্ত,লক্ষণ,দীর্ঘমেয়াদি জ্বর,6,9-10-biology_secondary-6-118,False
T0969,920,লসিকা গ্রন্থি,লক্ষণ,ফুলে যেতে পারে,6,9-10-biology_secondary-6-118,False
T0970,1106,হার্ট আ্যাটাক,কারণ,চর্বি জমে রক্ত চলাচলে ব্যাঘাত সৃষ্টি,6,9-10-biology_secondary-6-121,False
T0971,1106,হার্ট আ্যাটাক,কারণ,প্রাণঘাতী রোগ,6,9-10-biology_secondary-6-121,False
T0972,1111,হৃৎপিণ্ড,কাজ,রক্তের মাধ্যমে অক্সিজেন এবং খাবারের সারবস্তু পৌঁছান,6,9-10-biology_secondary-6-121,False
T0973,1111,হৃৎপিণ্ড,অংশ,তিনটি প্রধান রক্তনালি,6,9-10-biology_secondary-6-121,False
T0974,912,রোগ,কারণ,দেহের ওজন বেড়ে যাওয়া,6,9-10-biology_secondary-6-122,False
T0975,912,রোগ,কারণ,রক্তে গ্লুকোজের মাত্রা অনিয়ন্ত্রিত থাকা,6,9-10-biology_secondary-6-122,False
T0976,912,রোগ,কারণ,অস্বাস্থ্যকর খাদ্যাভ্যাস,6,9-10-biology_secondary-6-122,False
T0977,912,রোগ,কারণ,অলস জীবনযাপন,6,9-10-biology_secondary-6-122,False
T0978,912,রোগ,কারণ,শারীরিক পরিশ্রম না করা,6,9-10-biology_secondary-6-122,False
T0979,912,রোগ,কারণ,"হতাশা, দুশ্চিন্তাগ্রস্ত ও বিমর্ষ থাকা",6,9-10-biology_secondary-6-122,False
T0980,1069,স্ট্রেপটোকক্কাস,লক্ষণ,"জ্বর, টনসিলের প্রদাহ অথবা মধ্যকর্ণের সংককামক রোগ",6,9-10-biology_secondary-6-125,False
T0981,1111,হৃৎপিণ্ড,অবস্থান,হৃৎপেশি এবং হৃৎপিণ্ডের কপাটিকা বা ভালভ,6,9-10-biology_secondary-6-125,False
T0982,1111,হৃৎপিণ্ড,কারণ,হৃৎপিণ্ড যদি এ রোগে পূর্ণভাবে আক্রান্ত নাও হয়,6,9-10-biology_secondary-6-125,False
T0983,1111,হৃৎপিণ্ড,কারণ,হৃৎপেশি এবং হৃৎপিণ্ডের কপাটিকা বা ভালভ অনেক সময় ক্ষতিগ্রস্ত হয়,6,9-10-biology_secondary-6-125,False
T0984,1111,হৃৎপিণ্ড,কাজ,মানুষের বাঁচা-মরায়,6,9-10-biology_secondary-6-128,False
T0985,1111,হৃৎপিণ্ড,অবস্থান,ভূমিষ্ঠ,6,9-10-biology_secondary-6-128,False
T0986,1111,হৃৎপিণ্ড,কাজ,সঠিক জীবনধারা এবং খাদ্য নির্বাচন,6,9-10-biology_secondary-6-128,False
T0987,441,তেল বা চর্বিজাতীয় খাদ্য,কারণ,হৃৎপিণ্ডের কার্যক্কমকে ব্যাহত করা,6,9-10-biology_secondary-6-128,False
T0988,888,রক্তের কোলেস্টেরল,প্রতিরোধ,হৃৎপিণ্ডের রন্তনালিতে প্রতিবন্ধকতা সৃষ্টি করা,6,9-10-biology_secondary-6-128,False
T0989,813,মাদক সেবন,কারণ,হৃৎপিণ্ডের ক্রিয়া ও হৃৎস্পন্দন সাধারণ মান থেকে বৃদ্ধি পায়,6,9-10-biology_secondary-6-129,False
T0990,814,মাদকসেবী,কারণ,তার হৃৎপিণ্ডের অনেক ক্ষতি হয়,6,9-10-biology_secondary-6-129,False
T0991,1033,সিগারেটের তামাক,কারণ,হৃৎপেশির ক্ষতি করে,6,9-10-biology_secondary-6-129,False
T0992,996,সঠিক খাদ্য নির্বাচন,কারণ,হৃৎপিন্ডকে সুস্থ রাখা যায়,6,9-10-biology_secondary-6-129,False
T0993,850,মেদ সৃষ্টিকারী খাদ্য,কারণ,হৃৎপিন্ডকে সুস্থ রাখা যায়,6,9-10-biology_secondary-6-129,False
T0994,1042,সুষম খাদ্য গ্রহণ,কারণ,হৃৎপিন্ডকে সুস্থ রাখা যায়,6,9-10-biology_secondary-6-129,False
T0995,617,প্রতিদিন পরিমিত ব্যায়াম,কারণ,সুস্থ জীবন লাভ করা যায়,6,9-10-biology_secondary-6-129,False
T0996,1096,হাঁটা-চলার মাধ্যমে,কারণ,সুস্থ জীবন লাভ করা যায়,6,9-10-biology_secondary-6-129,False
T0997,368,জীবের,কাজ,গ্যাসীয় বিনিময়,6,9-10-biology_secondary-6-134,False
T0998,135,উদ্ভিদের কোষ,কাজ,শত্তির যোগান দেয়,6,9-10-biology_secondary-6-16,False
T0999,648,ফল,অংশ,খাদ্য জমা থাকে,6,9-10-biology_secondary-6-16,False
T1000,741,বীজ,অংশ,খাদ্য জমা থাকে,6,9-10-biology_secondary-6-16,False
T1001,182,কাণ্ড,অংশ,খাদ্য জমা থাকে,6,9-10-biology_secondary-6-16,False
T1002,842,মূল,অংশ,খাদ্য জমা থাকে,6,9-10-biology_secondary-6-16,False
T1003,550,পাতা,অংশ,খাদ্য জমা থাকে,6,9-10-biology_secondary-6-16,False
T1004,678,ফ্লোয়েম,কাজ,খাদ্য চলাচলে দ্রুত ও কার্যকর পরিবহণব্যবস্থা থাকার দরকার,6,9-10-biology_secondary-6-18,False
T1005,1036,সিভনল,কারণ,পাতলা প্রাচীরযুক্ত কেন্দ্রিকাবিহীন কোষ,6,9-10-biology_secondary-6-18,False
T1006,1036,সিভনল,কারণ,দুটো কোষের মধ্যবর্তী অনুপ্রস্থ প্রাচীর,6,9-10-biology_secondary-6-18,False
T1007,1036,সিভনল,কারণ,খাদ্যদ্রব্য সহজেই এক কোষ থেকে অন্য কোষে চলাচল করতে পারে,6,9-10-biology_secondary-6-18,False
T1008,1036,সিভনল,কারণ,চালুনির মতো আকার ধারণ করে,6,9-10-biology_secondary-6-18,False
T1009,1036,সিভনল,কারণ,খাদ্য চলাচলে বিঘ্ন ঘটে,6,9-10-biology_secondary-6-18,False
T1010,132,উদ্ভিদ,কাজ,মাটির কৈশিক পানি শোষণ,6,9-10-biology_secondary-6-2,False
T1011,132,উদ্ভিদ,প্রকার,মূল দিয়ে তার প্রয়োজনীয় পানি শোষণ করে,6,9-10-biology_secondary-6-20,False
T1012,974,শোষিত পানির অংশ,কাজ,উদ্ভিদের বিভিন্ন জৈবিক কার্যাবলির জন্য ব্যয় হয়,6,9-10-biology_secondary-6-20,False
T1013,42,অবশিষ্ট পানি,অবস্থান,উদ্ভিদের বায়বীয় অংশ,6,9-10-biology_secondary-6-20,False
T1014,42,অবশিষ্ট পানি,কাজ,বাধ্পাকারে বাইরে বের হয়ে যায়,6,9-10-biology_secondary-6-20,False
T1015,1075,স্থলজ উদ্ভিদ,কাজ,স্থলজ উদ্ভিদ যে শারীরতন্ত্বীয় প্রক্রিয়ায় তার বায়বীয় অঙ্গের মাধ্যমে বাধ্পাকারে পানি বের করে দেয়,6,9-10-biology_secondary-6-20,False
T1016,1075,স্থলজ উদ্ভিদ,কারণ,প্রস্বেদন বা বাঞ্পমোচন প্রক্রিয়া,6,9-10-biology_secondary-6-20,False
T1017,1075,স্থলজ উদ্ভিদ,অংশ,পত্ররন্ধীয় প্রস্বেদন,6,9-10-biology_secondary-6-20,False
T1018,1075,স্থলজ উদ্ভিদ,অংশ,কিউটিকুলার প্রস্বেদন,6,9-10-biology_secondary-6-20,False
T1019,1075,স্থলজ উদ্ভিদ,অংশ,লেন্টিকুলার প্রস্বেদন,6,9-10-biology_secondary-6-20,False
T1020,527,পত্ররন্ধ,প্রকার,রম্ধ,6,9-10-biology_secondary-6-21,False
T1021,527,পত্ররন্ধ,অবস্থান,"পত্ররনম্বীয় প্রস্বেদন, কচিকান্ডে, ফুলের বৃতি ও পাপড়ি",6,9-10-biology_secondary-6-21,False
T1022,940,লেন্টিসেল,কাজ,কোষগুলো আলাদাভাবে সজ্জিত থাকে,6,9-10-biology_secondary-6-23,False
T1023,940,লেন্টিসেল,কারণ,লেন্টিকুলার প্রস্বেদন,6,9-10-biology_secondary-6-23,False
T1024,709,বায়ু,অবস্থান,অসম্পৃষ্ট,6,9-10-biology_secondary-6-26,False
T1025,709,বায়ু,অবস্থান,সম্পৃক্ত,6,9-10-biology_secondary-6-26,False
T1026,83,আলো,লক্ষণ,পত্ররস্ব খুলে যান,6,9-10-biology_secondary-6-27,False
T1027,83,আলো,লক্ষণ,প্রস্বেদনের হার বৃদ্ধি পায়,6,9-10-biology_secondary-6-27,False
T1028,83,আলো,কাজ,আকারেও হাস-বৃদ্ধি ঘটায়,6,9-10-biology_secondary-6-27,False
T1029,83,আলো,লক্ষণ,প্রস্বেদনের হারও ওঠা-নামা করে,6,9-10-biology_secondary-6-27,False
T1030,714,বায়ুপ্রবাহ,কারণ,প্রস্বেদনের হারের তারতম্য,6,9-10-biology_secondary-6-28,False
T1031,716,বাষ্দীয়ভবন,কারণ,বাধ্দীয়ভবন ক্রিয়া হাস,6,9-10-biology_secondary-6-28,False
T1032,716,বাষ্দীয়ভবন,কারণ,প্রস্বেদনের হার কমে যায়,6,9-10-biology_secondary-6-28,False
T1033,1061,সেলোফেন ব্যাগ,অবস্থান,ভেতরে,6,9-10-biology_secondary-6-32,False
T1034,556,পানির কণা,অবস্থান,পাতা থেকেই বেরিয়েছে,6,9-10-biology_secondary-6-32,False
T1035,132,উদ্ভিদ,কাজ,পানি বাষ্পাকারে দেহের বাইরে বের করে দেয়,6,9-10-biology_secondary-6-32,False
T1036,971,শীত মৌসুমে,কারণ,উদ্ভিদের পাতা ঝরিয়ে দেয়,6,9-10-biology_secondary-6-35,False
T1037,624,প্রস্বেদন,কারণ,অত্যাবশ্যকীয় কার্যক্কম উদ্ভিদের জন্য,6,9-10-biology_secondary-6-36,False
T1038,871,রক্ত,অবস্থান,রন্তনালির মধ্য,6,9-10-biology_secondary-6-38,False
T1039,871,রক্ত,কাজ,দেহের সর্বত্র প্রবাহিত হওয়া,6,9-10-biology_secondary-6-38,False
T1040,871,রক্ত,কাজ,কোষে অক্সিজেন ও খাদ্য উপাদান সরবরাহ করায় দেহের সব কোষ সজীব এবং সক্রিয় থাকায়,6,9-10-biology_secondary-6-38,False
T1041,872,রক্ত সংবহনতজ্ত্র,কাজ,রক্ত প্রতিনিয়ত দেহের বিভিন্ন অঙ্গ ও অংশে চলাচল করায়,6,9-10-biology_secondary-6-38,False
T1042,871,রক্ত,কাজ,"খাদ্য, অক্সিজেন এবং রক্তের বর্জ্য পদার্থ দেহের এক স্থান থেকে অন্য স্থানে পরিবাহিত করায়",6,9-10-biology_secondary-6-38,False
T1043,693,বদ্ধ সংবহনতন্দ্র,কাজ,রক্তু সরাসরি দেহের বিভিন্ন অঙ্গে গিয়ে পৌঁছে,6,9-10-biology_secondary-6-39,False
T1044,325,চোষক শত্তি,অবস্থান,মূলরোমে,6,9-10-biology_secondary-6-4,False
T1045,325,চোষক শত্তি,কাজ,কোষ থেকে কোষান্তরে অভিস্বণ,6,9-10-biology_secondary-6-4,False
T1046,325,চোষক শত্তি,কাজ,মূলের কর্টেক্সে প্রবেশ,6,9-10-biology_secondary-6-4,False
T1047,554,পানি,অবস্থান,মূলরোমে,6,9-10-biology_secondary-6-4,False
T1048,538,পরিবহণতন্ত্র,অংশ,রক্তু সংবহনতন্ত্র,6,9-10-biology_secondary-6-41,False
T1049,884,রক্তু সংবহনতন্ত্র,অংশ,হৃৎপিণ্ড,6,9-10-biology_secondary-6-41,False
T1050,884,রক্তু সংবহনতন্ত্র,অংশ,ধমনি,6,9-10-biology_secondary-6-41,False
T1051,884,রক্তু সংবহনতন্ত্র,অংশ,শিরা,6,9-10-biology_secondary-6-41,False
T1052,884,রক্তু সংবহনতন্ত্র,অংশ,কৈশিকনালি,6,9-10-biology_secondary-6-41,False
T1053,538,পরিবহণতন্ত্র,অংশ,লসিকাতন্ত্র,6,9-10-biology_secondary-6-41,False
T1054,921,লসিকাতন্ত্র,অংশ,লসিকা,6,9-10-biology_secondary-6-41,False
T1055,921,লসিকাতন্ত্র,অংশ,লসিকানালি,6,9-10-biology_secondary-6-41,False
T1056,921,লসিকাতন্ত্র,অংশ,ল্যাকটিয়েলনালি,6,9-10-biology_secondary-6-41,False
T1057,871,রক্ত,কারণ,রং লাল দেখায়,6,9-10-biology_secondary-6-42,False
T1058,871,রক্ত,অবস্থান,"হৃৎপিণ্ড, শিরা, উপশিরা, ধমনি, শখা, ধমনি এবং কৈশিকনালি পথে",6,9-10-biology_secondary-6-42,False
T1059,871,রক্ত,প্রকার,তরল যোজক টিস্যু,6,9-10-biology_secondary-6-43,False
T1060,871,রক্ত,অংশ,রক্তরস,6,9-10-biology_secondary-6-43,False
T1061,871,রক্ত,অংশ,lohita raktakosha,6,9-10-biology_secondary-6-43,False
T1062,871,রক্ত,অংশ,shweta raktakosha,6,9-10-biology_secondary-6-43,False
T1063,871,রক্ত,অংশ,anuchakrarika raktakosa,6,9-10-biology_secondary-6-43,False
T1064,878,রক্তরস,পরিমাণ,শতকরা প্রায় 55 ভাগ,6,9-10-biology_secondary-6-44,False
T1065,880,রক্তরসের উপাদান,প্রকার,পানি,6,9-10-biology_secondary-6-44,False
T1066,880,রক্তরসের উপাদান,প্রকার,প্রোটিন,6,9-10-biology_secondary-6-44,False
T1067,880,রক্তরসের উপাদান,প্রকার,জৈবযৌগ,6,9-10-biology_secondary-6-44,False
T1068,880,রক্তরসের উপাদান,প্রকার,অজৈব লবণ,6,9-10-biology_secondary-6-44,False
T1069,873,রক্তকোষ,প্রকার,তিন,6,9-10-biology_secondary-6-46,False
T1070,873,রক্তকোষ,প্রকার,লোহিত রক্তকোষ,6,9-10-biology_secondary-6-46,False
T1071,873,রক্তকোষ,প্রকার,শ্বেত রক্তকোষ,6,9-10-biology_secondary-6-46,False
T1072,873,রক্তকোষ,প্রকার,অণুচক্রিকা,6,9-10-biology_secondary-6-46,False
T1073,944,লোহিত রক্তকোষ,কাজ,শ্বাসকার্যে অক্সিজেন পরিবহণ,6,9-10-biology_secondary-6-48,False
T1074,944,লোহিত রক্তকোষ,অবস্থান,লাল অস্থিমজ্জায়,6,9-10-biology_secondary-6-48,False
T1075,138,উদ্ভিদের পাতা,অবস্থান,ফর্মা-১৭,6,9-10-biology_secondary-6-5,False
T1076,605,প্রক্রিয়া,কাজ,অভিস্রবণ ও প্রসশ্বেদন,6,9-10-biology_secondary-6-5,False
T1077,250,খনিজ লবণ,কাজ,শোষণ,6,9-10-biology_secondary-6-5,False
T1078,1107,হিমোগ্লোবিন,কারণ,রক্ত লাল দেখায়,6,9-10-biology_secondary-6-50,False
T1079,1109,হিমোগ্লোবিন না থাকলে,লক্ষণ,রক্তস্বল্পতা বা রক্তশূন্যতা,6,9-10-biology_secondary-6-50,False
T1080,988,শ্বেত রন্তকোষ,কারণ,দেহ বাইরের জীবাণু দ্বারা আক্রান্ত হলে দ্রুত শ্বেত রক্তকোষের বৃদ্ধি ঘটে,6,9-10-biology_secondary-6-53,False
T1081,820,মানবদেহে,পরিমাণ,প্রতি ঘনমিলিমিটার রক্তে 4-10 হাজার শ্বেত রক্তকোষ,6,9-10-biology_secondary-6-53,False
T1082,54,অসুস্থ মানবদেহে,কারণ,এর সংখ্যা বেড়ে যায়,6,9-10-biology_secondary-6-53,False
T1083,1072,স্তন্যপায়ীদের রন্তকোষণগুলোর,অংশ,শুধু শ্বেত রক্তকোষে ঢা4& থাকে,6,9-10-biology_secondary-6-53,False
T1084,987,শ্বেত রক্তকোষ,প্রকার,আ্যাগ্রানূলোসাইট,6,9-10-biology_secondary-6-54,False
T1085,936,লিফ্ফোসাইট,অংশ,আ্যাগ্রানূলোসাইট,6,9-10-biology_secondary-6-54,False
T1086,794,মনোসাইট,কাজ,দেহে প্রবেশ করা রোগজীবাণু ধ্বংস করা এবং প্রতিরোধ ক্ষমতা বৃদ্ধি করা,6,9-10-biology_secondary-6-55,False
T1087,938,লিম্ফোসাইট,কাজ,ত্যযান্টিবডি গঠন,6,9-10-biology_secondary-6-55,False
T1088,673,ফ্যাগোসাইটোসিস,কারণ,রোগজীবাণুকে ধ্বংস করা,6,9-10-biology_secondary-6-55,False
T1089,302,গ্রানূলোসাইট,প্রকার,তিন প্রকার,6,9-10-biology_secondary-6-56,False
T1090,302,গ্রানূলোসাইট,লক্ষণ,সাইটোগ্লাজম সূক্ষ্ম দানাযুক্ত,6,9-10-biology_secondary-6-56,False
T1091,302,গ্রানূলোসাইট,কাজ,নিউট্রোফিল ফ্যাগোসাইটোসিস প্রক্রিয়ায় জীবাণু ভক্ষণ করে,6,9-10-biology_secondary-6-56,False
T1092,107,ইওসিনোফিল,কাজ,হিস্টামিন নামক রাসায়নিক পদার্থ নিঃসৃত করে দেহে এলার্জি প্রতিরোধ করে,6,9-10-biology_secondary-6-56,False
T1093,755,বেসোফিল,কাজ,হেপারিন নিঃসৃত করে রক্তকে রন্তবাহিকার ভিতরে জমাট বাঁধতে বাধা দেয়,6,9-10-biology_secondary-6-56,False
T1094,22,অণুচক্কিকা,অংশ,"গোলাকার, ডিম্বাকার অথবা রড আকারের",6,9-10-biology_secondary-6-57,False
T1095,22,অণুচক্কিকা,অবস্থান,"কোষ অঙ্গাণু- মাইটোকন্ট্রিয়া, গলজি বস্তু",6,9-10-biology_secondary-6-57,False
T1096,22,অণুচক্কিকা,অংশ,অস্থি মজ্জার বৃহদাকার কোষের ছিন্ন অংশ,6,9-10-biology_secondary-6-57,False
T1097,23,অণুচক্কিকার,কাজ,রক্ত তঞ্চন করা বা জমাট বাঁধানোতে,6,9-10-biology_secondary-6-58,False
T1098,24,অণুচক্রিকা,কাজ,অনিয়মিত আকার ধারণ এবং থোষ্বোপ্লাসটিন তৈরি করা,6,9-10-biology_secondary-6-59,False
T1099,452,থোষ্বোপ্লাসটিন,কাজ,প্রোথোমশ্বিনকে ধোঘিনে পরিণত করা,6,9-10-biology_secondary-6-59,False
T1100,487,ধোম্বিন,কাজ,রক্তরসের প্রোটিন-ফাইব্রিনোজেনকে ফাইব্রিন জালে পরিণত করে রক্তকে জমাট বাধায় কিংবা রক্তের তঞ্চন ঘটায়,6,9-10-biology_secondary-6-59,False
T1101,660,ফাইব্রিন,কারণ,অদ্রবণীয় প্রোটিন,6,9-10-biology_secondary-6-59,False
T1102,660,ফাইব্রিন,কাজ,রক্তক্ষরণ বন্ধ করে এবং রক্ত তঞ্চন বাধায়,6,9-10-biology_secondary-6-59,False
T1103,132,উদ্ভিদ,কাজ,কিছু পরিমাণ খনিজ লবণ শোষণ,6,9-10-biology_secondary-6-6,False
T1104,250,খনিজ লবণ,প্রকার,আয়ন,6,9-10-biology_secondary-6-6,False
T1105,250,খনিজ লবণ,কারণ,নিষ্ক্রিয় শোষণ ও সক্রিয় শোষণ,6,9-10-biology_secondary-6-6,False
T1106,871,রক্ত,কাজ,অক্সিজেন পরিবহণ,6,9-10-biology_secondary-6-61,False
T1107,871,রক্ত,কাজ,কার্বন ডাই-অস্সীইড অপসারণ,6,9-10-biology_secondary-6-61,False
T1108,871,রক্ত,কাজ,খাদ্যসার পরিবহণ,6,9-10-biology_secondary-6-61,False
T1109,460,দহনক্রিয়া,কাজ,বিভিন্ন অঙ্গে বিভিন্ন মাত্রার তাপ সৃষ্টি এবং তা রক্তের মাধ্যমে দেহের সর্বত্র ছড়িয়ে পড়া,6,9-10-biology_secondary-6-62,False
T1110,871,রক্ত,কাজ,"দেহের জন্য ক্ষতিকর বর্জ্য পদার্থ বহন এবং বিভিন্ন অঙ্গের মাধ্যমে সেসব ইউরিয়া, ইউরিক এসিড ও কার্বন ডাই-অক্সাইড হিসেবে নিষ্কাশন করা",6,9-10-biology_secondary-6-62,False
T1111,1094,হরমোন,কাজ,বিভিন্ন অঙ্গে সঞ্চালিত হয়,6,9-10-biology_secondary-6-63,False
T1112,1094,হরমোন,কারণ,বিভিন্ন জৈবিক কাজে গুরুত্বপূর্ণ ভূমিকা পালন করে,6,9-10-biology_secondary-6-63,False
T1113,985,শ্বেত রকন্তকোষ,প্রতিরোধ,জীবাণুর আক্রমণ,6,9-10-biology_secondary-6-64,False
T1114,871,রক্ত,প্রতিরোধ,রোগ প্রতিরোধ ক্ষমতা বৃদ্ধি,6,9-10-biology_secondary-6-64,False
T1115,24,অণুচক্রিকা,প্রতিরোধ,রক্ত জমাট বাঁধা,6,9-10-biology_secondary-6-64,False
T1116,879,রক্তরসে,পরিমাণ,৪ ও ৮ দুধরনের আ্যান্টিবডি,6,9-10-biology_secondary-6-65,False
T1117,943,লোহিত রক্ত কণিকায়,পরিমাণ,"৪, এবং ৮ নামক দুই ধরনের আ্যান্টিজেন",6,9-10-biology_secondary-6-65,False
T1118,827,মানুষের রক্ত,অবস্থান,চারটি গ্রুপে,6,9-10-biology_secondary-6-65,False
T1119,827,মানুষের রক্ত,কাজ,র্লা্ড গ্রুপ বলে ভাগ করা,6,9-10-biology_secondary-6-65,False
T1120,911,রেসাস (80) ফ্যাক্টর,কারণ,গ্রহীতা বা রোগী আরও অসুস্থ হয়ে পড়তে পারেন,6,9-10-biology_secondary-6-71,False
T1121,910,রেসাস (8) ফ্যাক্টর,অবস্থান,না মিলিয়ে গ্রহীতাকে রক্ত পরিসঞ্চালন করলে,6,9-10-biology_secondary-6-71,False
T1122,889,রক্তের গ্রুপগুলো,পরিমাণ,"/%+, এ&-, 8+ 8-, &8+, &8-, 0+ এবং 0",6,9-10-biology_secondary-6-71,False
T1123,1030,সি ইত্যাদি) সংক্রমণের শিকার,কারণ,সেটি নিশ্চিত করতে দাতার রক্তের স্ক্রিনিং পরীক্ষা,6,9-10-biology_secondary-6-71,False
T1124,37,অন্যকে রক্তদান,কাজ,একটি মহৎ কাজ,6,9-10-biology_secondary-6-76,False
T1125,1044,সুস্থ মানুষের দেহ,পরিমাণ,৪৫০ মিলি রক্তু,6,9-10-biology_secondary-6-76,False
T1126,1044,সুস্থ মানুষের দেহ,পরিমাণ,প্রতি সেকেন্ডে 20 লক্ষ লোহিত রক্তকোষ,6,9-10-biology_secondary-6-76,False
T1127,1111,হৃৎপিণ্ড,অবস্থান,বক্ষ গহ্বরের বাম দিকে দুই ফুসফুসের মাঝখানে ত্রিকোণাকার ফাঁপা অঙ্গ,6,9-10-biology_secondary-6-78,False
T1128,1111,হৃৎপিণ্ড,কাজ,হৃৎপেশি দিয়ে গঠিত,6,9-10-biology_secondary-6-78,False
T1129,1111,হৃৎপিণ্ড,অংশ,হৃৎপেশি,6,9-10-biology_secondary-6-78,False
T1130,1111,হৃৎপিণ্ড,অংশ,পাতলা পর্দা দিয়ে আবৃত,6,9-10-biology_secondary-6-78,False
T1131,1113,হৃৎপিণ্ড-প্রাচীর,অংশ,তিনটি স্তর,6,9-10-biology_secondary-6-78,False
T1132,702,বহিঃম্তর,অবস্থান,গঠিত,6,9-10-biology_secondary-6-79,False
T1133,702,বহিঃম্তর,অবস্থান,চর্বি থাকে,6,9-10-biology_secondary-6-79,False
T1134,702,বহিঃম্তর,অবস্থান,আবরণী টিস্যু দিয়ে আবৃত,6,9-10-biology_secondary-6-79,False
T1135,793,মধ্যস্তর,অবস্থান,বহিঃস্তর এবং অন্তঃস্তরের মাঝখানে,6,9-10-biology_secondary-6-79,False
T1136,793,মধ্যস্তর,কাজ,দৃঢ় অনৈচ্ছিক পেশি দিয়ে গঠিত,6,9-10-biology_secondary-6-79,False
T1137,36,অন্তঃম্তর,অংশ,সবচেয়ে ভিতরের স্তর,6,9-10-biology_secondary-6-80,False
T1138,36,অন্তঃম্তর,কারণ,হৃৎপিণ্ডের প্রকোষ্ঠগুলো অন্তঃস্তর দিয়ে আবৃত এই স্তরটি হৃৎপিণ্ডের কপাটিকাগুলোকেও আবৃত করে রাখে,6,9-10-biology_secondary-6-80,False
T1139,1117,হৃৎপিণ্ডের ভিতরের স্তর,কারণ,ফাঁপা এবং বাম অলিন্দ বলে এবং নিচের প্রকোষ্ঠ দুটিকে ডান এবং বাম নিলয় বলে,6,9-10-biology_secondary-6-80,False
T1140,51,অলিন্দ,কারণ,তুলনামূলকভাবে পাতলা,6,9-10-biology_secondary-6-80,False
T1141,520,নিলয়,কারণ,পুরু,6,9-10-biology_secondary-6-80,False
T1142,51,অলিন্দ,কারণ,আন্তঃঅলিন্দ পর্দা দিয়ে পরস্পর পৃথক,6,9-10-biology_secondary-6-80,False
T1143,520,নিলয়,কারণ,আন্তঃনিলয় পর্দা দিয়ে পরস্পর পৃথক,6,9-10-biology_secondary-6-80,False
T1144,1111,হৃৎপিণ্ড,কাজ,সারা দেহে রক্ত সঞ্চালন,6,9-10-biology_secondary-6-83,False
T1145,1111,হৃৎপিণ্ড,কারণ,সংকোচন এবং প্রসারণ,6,9-10-biology_secondary-6-83,False
T1146,1118,হৃৎপিণ্ডের সংকোচন,কাজ,সিস্টোল,6,9-10-biology_secondary-6-83,False
T1147,1116,হৃৎপিণ্ডের প্রসারণ,কাজ,ডায়াস্টোল,6,9-10-biology_secondary-6-83,False
T1148,1119,হৃৎপিণ্ডের সিস্টোল-ডায়াস্টোল,কাজ,হৃৎস্পন্দন,6,9-10-biology_secondary-6-83,False
T1149,520,নিলয়,অবস্থান,পেশি প্রসারিত,6,9-10-biology_secondary-6-85,False
T1150,401,ট্রাইকাসপিড,কারণ,ডান অলিন্দ-নিলয়ের ছিদ্রপথ ভালভ খুলে যাওয়া,6,9-10-biology_secondary-6-85,False
T1151,871,রক্ত,কাজ,ডান অলিন্দ থেকে ডান নিলয়ে প্রবেশ,6,9-10-biology_secondary-6-85,False
T1152,704,বাইকাসপিড,কারণ,বাম অলিন্দ এবং বাম নিলয়ের ছিদ্রপথ ভালভ খুলে যাওয়া,6,9-10-biology_secondary-6-85,False
T1153,871,রক্ত,কাজ,বাম অলিন্দ থেকে বাম নিলয়ে প্রবেশ,6,9-10-biology_secondary-6-85,False
T1154,330,ছিদ্র,কারণ,কপাটিকা দিয়ে বন্ধ হয়ে যাওয়া,6,9-10-biology_secondary-6-85,False
T1155,1111,হৃৎপিণ্ড,কাজ,রক্ত সঞ্চালন,6,9-10-biology_secondary-6-87,False
T1156,780,ভ্বৎপিণ্ড,অংশ,রক্ত সঞ্চালন তন্ত্রের প্রধান অঙ্গ,6,9-10-biology_secondary-6-87,False
T1157,1115,হৃৎপিণ্ডের প্রকোষ্ঠগুলো,অবস্থান,সম্পূর্ণ বিভক্ত,6,9-10-biology_secondary-6-87,False
T1158,876,রক্তনালি,কাজ,রক্ত প্রবাহিত বা সঞ্চালিত করা,6,9-10-biology_secondary-6-88,False
T1159,877,রক্তবাহিকা,প্রকার,রক্তনালি,6,9-10-biology_secondary-6-88,False
T1160,877,রক্তবাহিকা,কাজ,হৃৎপিণ্ড থেকে দেহের বিভিন্ন অংশে রক্ত বাহিত করা এবং দেহের বিভিন্ন অংশ থেকে পুনরায় হৃৎপিণ্ডে ফিরে আসাকরোনা,6,9-10-biology_secondary-6-88,False
T1161,877,রক্তবাহিকা,কারণ,"গঠন, আকৃতি এবং কাজের ভিত্তিতে",6,9-10-biology_secondary-6-88,False
T1162,877,রক্তবাহিকা,প্রকার,"ধমনি, শিরা এবং কৈশিক জালিকা",6,9-10-biology_secondary-6-88,False
T1163,478,ধমনি,কারণ,সাধারণত উচ্চমাত্রায় অক্সিজেনসমৃদ্ধ রক্ত হৃৎপিণ্ড থেকে সারাদেহে বাহিত হয়,6,9-10-biology_secondary-6-89,False
T1164,478,ধমনি,প্রকার,ফুসফুসীয় ধমনি,6,9-10-biology_secondary-6-89,False
T1165,478,ধমনি,কারণ,হৃৎপিন্ড থেকে উচ্চমাত্রায় কার্বন ডাই-অক্সাইডযুক্ত রক্ত ফুসফুসে পৌঁছে দেয়,6,9-10-biology_secondary-6-89,False
T1166,345,জাইলেম ভেসেল বা ফ্লোয়েমের সিভনল,কারণ,বন্ধ হয়ে গেলে উদ্ভিদের মৃত্যু অবধারিত,6,9-10-biology_secondary-6-9,False
T1167,390,টিউনিকা এক্সটার্না,অংশ,তন্তুময় যোজক টিস্যু,6,9-10-biology_secondary-6-90,False
T1168,391,টিউনিকা মিডিয়া,অংশ,বৃত্তাকার অনৈচ্ছিক পেশি,6,9-10-biology_secondary-6-90,False
T1169,389,টিউনিকা ইন্টারনা,অংশ,সরল আবরণী টিস্যু,6,9-10-biology_secondary-6-90,False
T1170,478,ধমনি,কারণ,ধমনিগাত্র সংকোচিত বা প্রসারিত হয়,6,9-10-biology_secondary-6-91,False
T1171,480,ধমনির ভিতর,কারণ,"ধমনিগাত্রের সংকোচন, প্রসারণ এবং স্থিতিস্থাপকতা",6,9-10-biology_secondary-6-91,False
T1172,491,নাড়িস্পন্দন,কারণ,"ধমনির ভিতর রক্তপ্রবাহ, ধমনিগাত্রের সংকোচন, প্রসারণ এবং স্থিতিস্থাপকতা",6,9-10-biology_secondary-6-91,False
T1173,964,শিরা,অবস্থান,"সূক্ষ্র শিরা, উপশিরা, অতঃপর শিরা এবং মহাশিরায়",6,9-10-biology_secondary-6-93,False
T1174,964,শিরা,কাজ,হৃৎপিণ্ডে ফিরে আসে,6,9-10-biology_secondary-6-93,False
T1175,669,ফুসফুসীয় শিরা,কাজ,অক্সিজেন সমৃদ্ধ রক্ত ফুসফুস থেকে হৃৎপিণ্ডে পৌঁছে দেয়,6,9-10-biology_secondary-6-93,False
T1176,196,কৈশিক জালিকা,অবস্থান,চুলের মতো অতি সৃক্ষন রক্তনালি,6,9-10-biology_secondary-6-95,False
T1177,196,কৈশিক জালিকা,কাজ,ধমনি শাখা-প্রশাখায় বিভক্তু হয়ে ক্রমে ক্রমে সূক্মতর কৈশিক নালিতে পরিণত হয়,6,9-10-biology_secondary-6-95,False
T1178,196,কৈশিক জালিকা,কাজ,প্রত্যেকটি কোষকে পরিবেষ্টন করে রাখে,6,9-10-biology_secondary-6-95,False
T1179,196,কৈশিক জালিকা,কারণ,ধমনি শাখা-প্রশাখায় বিভক্তু হয়,6,9-10-biology_secondary-6-95,False
T1180,196,কৈশিক জালিকা,লক্ষণ,পাতলা প্রাচীর,6,9-10-biology_secondary-6-95,False
T1181,1104,হাতের কক্জিতে রেট,পরিমাণ,60-100,6,9-10-biology_secondary-6-99,False
T1182,1105,হাতের কক্জিতে হালকা,কাজ,চাপ দিয়ে ধরে পালস রেট বের করা,6,9-10-biology_secondary-6-99,False
T1183,733,বিপি যন্ত্র,কাজ,রক্তচাপ মাপা,6,9-10-biology_secondary-6-99,False
T1184,733,বিপি যন্ত্র,অংশ,ডায়াস্টোলিক ও সিস্টোলিক চাপ দেখে রক্তচাপ নির্ণয়,6,9-10-biology_secondary-6-99,False
T1185,978,শ্বসনতন্ত্র,অংশ,নাসারস্ব ও নাসাপথ,7,9-10-biology_secondary-7-10,False
T1186,978,শ্বসনতন্ত্র,অংশ,গলনালি বা গলবিল,7,9-10-biology_secondary-7-10,False
T1187,978,শ্বসনতন্ত্র,অংশ,স্বরযন্দ্র,7,9-10-biology_secondary-7-10,False
T1188,978,শ্বসনতন্ত্র,অংশ,শ্বাসনালি বা ট্রাকিয়া,7,9-10-biology_secondary-7-10,False
T1189,978,শ্বসনতন্ত্র,অংশ,বায়ুনালি বা ব্রংকাস,7,9-10-biology_secondary-7-10,False
T1190,978,শ্বসনতন্ত্র,অংশ,ফুসফুস,7,9-10-biology_secondary-7-10,False
T1191,978,শ্বসনতন্ত্র,অংশ,মধ্যচ্ছদা,7,9-10-biology_secondary-7-10,False
T1192,499,নাসিকা,অবস্থান,মুখগহ্বরের উপরে,7,9-10-biology_secondary-7-11,False
T1193,499,নাসিকা,কাজ,গন্ধ পাওয়া,7,9-10-biology_secondary-7-11,False
T1194,499,নাসিকা,কাজ,বাতাসকে ফুসফুসের গ্রহণের উপযোগী করা,7,9-10-biology_secondary-7-11,False
T1195,497,নাসাপথ,অবস্থান,লোমাবৃত এবং গ্লেষ্মা প্রস্তুতকারী একটি পাতলা পর্দা দিয়ে আবৃত,7,9-10-biology_secondary-7-12,False
T1196,497,নাসাপথ,অংশ,সামনের অংশ,7,9-10-biology_secondary-7-12,False
T1197,497,নাসাপথ,অংশ,পিছনের অংশ,7,9-10-biology_secondary-7-12,False
T1198,497,নাসাপথ,কাজ,"ধূলিকণা, রোগজীবাণু এবং আবর্জনা থাকলে তা আটকে যায়",7,9-10-biology_secondary-7-12,False
T1199,497,নাসাপথ,কাজ,বায়ু ফুসফুসে প্রবেশ করার পূর্বে কিছু পরিমাণে নির্মল হয়ে যায়,7,9-10-biology_secondary-7-12,False
T1200,497,নাসাপথ,কাজ,শ্বসনের জন্য গৃহীত বায়ু নাসাপথ দিয়ে যাওয়ার সময় কিছুটা উষ্ণ এবং আর্দ্র হয়,7,9-10-biology_secondary-7-12,False
T1201,292,গলবিল,অবস্থান,মুখ হাঁ করলে মুখগহ্বরের পিছনে,7,9-10-biology_secondary-7-13,False
T1202,292,গলবিল,অবস্থান,নাসাপথের পিছনের অংশ থেকে স্বরযন্ত্রের উপরিভাগ পর্যন্ত বিস্তৃত,7,9-10-biology_secondary-7-13,False
T1203,292,গলবিল,অংশ,ছোট জিহ্বার মতো অংশ,7,9-10-biology_secondary-7-13,False
T1204,498,নাসাপথের পশ্চাৎপথ,কাজ,খাদ্য এবং পানীয় গলাধঃকরণের সময় বন্ধ করা,7,9-10-biology_secondary-7-14,False
T1205,292,গলবিল,অবস্থান,গলার নিচে এবং শ্বাসনালির উপরে,7,9-10-biology_secondary-7-15,False
T1206,584,পেশি,অংশ,স্বরযন্ত্রের দুই ধারে,7,9-10-biology_secondary-7-15,False
T1207,310,ঘোমটা,কারণ,পেশি,7,9-10-biology_secondary-7-15,False
T1208,310,ঘোমটা,কাজ,জিহ্বা ঢাকনা,7,9-10-biology_secondary-7-15,False
T1209,310,ঘোমটা,পরিমাণ,০০১০,7,9-10-biology_secondary-7-15,False
T1210,142,উপজিহ্বা,কারণ,ঘোমটা,7,9-10-biology_secondary-7-15,False
T1211,354,জিহ্বা,অংশ,স্বরযন্ত্রের উপরে,7,9-10-biology_secondary-7-15,False
T1212,422,ঢাকনা,কারণ,জিহ্বা,7,9-10-biology_secondary-7-15,False
T1213,708,বাতাস,কাজ,শ্বাস-প্রশ্বাস নেওয়ার সময় খোলা থাকে,7,9-10-biology_secondary-7-15,False
T1214,708,বাতাস,পরিমাণ,ফুসফুসে চিত্র ৭.০৩: নাসাপথ ও গলবিল,7,9-10-biology_secondary-7-15,False
T1215,655,ফাঁপা নল,অবস্থান,খাদ্যনালির সামনে,7,9-10-biology_secondary-7-16,False
T1216,655,ফাঁপা নল,অংশ,কিছু দূর নালিটি,7,9-10-biology_secondary-7-16,False
T1217,655,ফাঁপা নল,অংশ,দুটি বায়ুনল,7,9-10-biology_secondary-7-16,False
T1218,655,ফাঁপা নল,কারণ,অসম্পূর্ণ বলায়াকার তরুণাস্থি ও পেশি,7,9-10-biology_secondary-7-16,False
T1219,655,ফাঁপা নল,কারণ,ঝিল্লি দিয়ে আবৃত,7,9-10-biology_secondary-7-16,False
T1220,655,ফাঁপা নল,কারণ,সূক্ষ্ম লোমযুক্ত কোষ থাকে,7,9-10-biology_secondary-7-16,False
T1221,655,ফাঁপা নল,কারণ,বায়ু আসা-যাওয়া করে,7,9-10-biology_secondary-7-16,False
T1222,655,ফাঁপা নল,কারণ,সূক্ষ্ম লোমগুলো অপ্রয়োজনীয় বস্তুকণা গ্লেষ্মার সাথে বাইরে বের করে,7,9-10-biology_secondary-7-16,False
T1223,983,শ্বাসনালি স্বরযন্ত্রের নিম্নাংশ,অবস্থান,ফুসফুসের নিকটবর্তী স্থানে,7,9-10-biology_secondary-7-17,False
T1224,983,শ্বাসনালি স্বরযন্ত্রের নিম্নাংশ,কাজ,ডান এবং বাম দিকে দুটি শাখায় বিভক্ত হওয়া,7,9-10-biology_secondary-7-17,False
T1225,958,শাখাগুলো,অবস্থান,ফুসফুসে,7,9-10-biology_secondary-7-17,False
T1226,958,শাখাগুলো,কাজ,ব্রংকাই নামে পরিচিত হওয়া,7,9-10-biology_secondary-7-17,False
T1227,767,ব্রংকাই,অবস্থান,ফুসফুসে,7,9-10-biology_secondary-7-17,False
T1228,767,ব্রংকাই,কাজ,অসংখ্য শাখা-প্রশাখায় বিভক্ত হওয়া,7,9-10-biology_secondary-7-17,False
T1229,21,অণুক্লোম শাখা,অবস্থান,শ্বাসনালির,7,9-10-biology_secondary-7-17,False
T1230,667,ফুসফুস,অবস্থান,বক্ষগহ্বরের ভিতর,7,9-10-biology_secondary-7-18,False
T1231,667,ফুসফুস,কারণ,"স্পঞ্জের মতো নরম, কোমল ও হালকা লালচে রঙের",7,9-10-biology_secondary-7-18,False
T1232,667,ফুসফুস,অংশ,ডান ফুসফুস তিন খণ্ডে এবং বাম হৃৎপিণ্ড বকে ফুসফুলে,7,9-10-biology_secondary-7-18,False
T1233,667,ফুসফুস,অংশ,দুই খণ্ড,7,9-10-biology_secondary-7-19,False
T1234,667,ফুসফুস,অংশ,দুই ভাঁজ,7,9-10-biology_secondary-7-19,False
T1235,667,ফুসফুস,অবস্থান,বক্ষগাত্র,7,9-10-biology_secondary-7-19,False
T1236,667,ফুসফুস,কাজ,বায়ু সরাসরি বায়ুথলিতে যাতায়াত করতে পারে,7,9-10-biology_secondary-7-19,False
T1237,710,বায়ুথলি,কারণ,বায়ু প্রবেশ করলে এগুলো বেলুনের মতো ফুলে ওঠে এবং পরে আপনা-আপনি সংকুচিত হয়,7,9-10-biology_secondary-7-19,False
T1238,710,বায়ুথলি,অবস্থান,ফুসফুসে,7,9-10-biology_secondary-7-19,False
T1239,789,মধ্যচ্ছদা,কারণ,বক্ষগহ্বরের আয়তন বৃদ্ধি পায়,7,9-10-biology_secondary-7-20,False
T1240,789,মধ্যচ্ছদা,কারণ,উপরের দিকে উঠে,7,9-10-biology_secondary-7-20,False
T1241,789,মধ্যচ্ছদা,অবস্থান,বক্ষগহ্বরে,7,9-10-biology_secondary-7-20,False
T1242,789,মধ্যচ্ছদা,কাজ,প্রশ্বাস গ্রহণে গুরুত্বপূর্ণ ভূমিকা পালন করে,7,9-10-biology_secondary-7-20,False
T1243,981,শ্বাস-প্রশ্বাসের অঙ্গগুলো,অবস্থান,"গলবিলের দিকে খোলা, অন্য সবদিকে বন্ধ",7,9-10-biology_secondary-7-22,False
T1244,686,বক্ষগহ্বরের ভিতর এবং বাইরের চাপের সমতা,কারণ,প্রশ্বাস বায়ু ফুসফুসের ভিতর সহজে প্রবেশ করতে পারে,7,9-10-biology_secondary-7-22,True
T1245,789,মধ্যচ্ছদা,কারণ,পেশি সংকোচনের পরপরই প্রসারিত হয়,7,9-10-biology_secondary-7-22,False
T1246,789,মধ্যচ্ছদা,অবস্থান,উপরের দিকে উঠে যায়,7,9-10-biology_secondary-7-22,False
T1247,298,গ্যাসীয় বিনিময়,কাজ,অক্সিজেন ও কার্বন ডাই-অক্সাইড বিনিময়কে বুঝানো,7,9-10-biology_secondary-7-23,False
T1248,1108,হিমোগ্লোবিন + অক্সিজেন,অবস্থান,হিমোগ্লোবিন (অস্থায়ী যৌগ,7,9-10-biology_secondary-7-25,False
T1249,9,অক্সিহিমোগ্লোবিন,কাজ,মুক্ত অক্সিজেন + হিমোগ্লোবিন,7,9-10-biology_secondary-7-25,False
T1250,180,কাজ,কাজ,নিঃশ্বাসের সাথে নির্গত গ্যাসের প্রকৃতি নির্ণয়,7,9-10-biology_secondary-7-27,False
T1251,132,উদ্ভিদ,অবস্থান,পাতার স্টোমাটা ও পরিণত কাণ্ডের বাকলে অবস্থিত লেন্টিসেলে,7,9-10-biology_secondary-7-3,False
T1252,667,ফুসফুস,কারণ,ভাইরাস এবং ব্যাকটেরিয়ার আক্রমণ,7,9-10-biology_secondary-7-32,False
T1253,667,ফুসফুস,কারণ,বায়ুদূষণ,7,9-10-biology_secondary-7-32,False
T1254,667,ফুসফুস,কারণ,ভাসমান কণা,7,9-10-biology_secondary-7-32,False
T1255,667,ফুসফুস,কারণ,রাসায়নিক,7,9-10-biology_secondary-7-32,False
T1256,667,ফুসফুস,লক্ষণ,অজ্ঞতা,7,9-10-biology_secondary-7-32,False
T1257,667,ফুসফুস,লক্ষণ,অসাবধানতা,7,9-10-biology_secondary-7-32,False
T1258,667,ফুসফুস,কারণ,সংক্রমণ,7,9-10-biology_secondary-7-32,False
T1259,671,ফুসফুসের রোগ,কারণ,জটিল রোগ,7,9-10-biology_secondary-7-32,False
T1260,671,ফুসফুসের রোগ,কারণ,সাবধানতা,7,9-10-biology_secondary-7-32,False
T1261,276,খাবার,কারণ,এলার্জি হয়,7,9-10-biology_secondary-7-35,False
T1262,709,বায়ু,কারণ,হাঁপানি হতে পারে,7,9-10-biology_secondary-7-35,False
T1263,486,ধোঁয়া,কারণ,হাঁপানি হতে পারে,7,9-10-biology_secondary-7-35,False
T1264,483,ধুলাবালি,কারণ,হাঁপানি হতে পারে,7,9-10-biology_secondary-7-35,False
T1265,666,ফুলের রেণু,কারণ,হাঁপানি হতে পারে,7,9-10-biology_secondary-7-35,False
T1266,316,চিংড়ি,কারণ,এলার্জি হয়,7,9-10-biology_secondary-7-35,False
T1267,284,গরুর মাংস,কারণ,এলার্জি হয়,7,9-10-biology_secondary-7-35,False
T1268,121,ইলিশ মাছ,কারণ,এলার্জি হয়,7,9-10-biology_secondary-7-35,False
T1269,687,বছরের বিশেষ খতু,কারণ,রোগ বেড়ে যেতে পারে,7,9-10-biology_secondary-7-35,False
T1270,248,খতু পরিবর্তন,কারণ,রোগ বেড়ে যেতে পারে,7,9-10-biology_secondary-7-35,False
T1271,965,শিশু,কারণ,সর্দি কাশি থেকে হাঁপানি হওয়ার আশঙ্কা থাকে,7,9-10-biology_secondary-7-35,False
T1272,1097,হাঁপানি,লক্ষণ,হঠাৎ শ্বাসকষ্ট বেড়ে যায়,7,9-10-biology_secondary-7-35,False
T1273,43,অবস্থা,লক্ষণ,শ্বাসকন্টে দম বন্ধ হওয়া,7,9-10-biology_secondary-7-36,False
T1274,43,অবস্থা,লক্ষণ,ঠোঁট নীল হয়ে যাওয়া,7,9-10-biology_secondary-7-36,False
T1275,43,অবস্থা,লক্ষণ,গলার শিরা ফুলে যাওয়া,7,9-10-biology_secondary-7-36,False
T1276,711,বায়ুথলিত,কারণ,বাধাগ্রস্ত হওয়া,7,9-10-biology_secondary-7-36,False
T1277,913,রোগী,কাজ,বেশি কষ্ট পাওয়া,7,9-10-biology_secondary-7-36,False
T1278,186,কাশি,লক্ষণ,সাদা কফ বের হওয়া,7,9-10-biology_secondary-7-36,False
T1279,913,রোগী,অবস্থান,দুর্বল হওয়া,7,9-10-biology_secondary-7-36,False
T1280,160,ওঁষধ সেবন,কারণ,রোগী কিছুটা আরাম বোধ করে,7,9-10-biology_secondary-7-37,False
T1281,253,খাদ্য,প্রতিরোধ,শ্বাসকষ্ট বেড়ে যায়,7,9-10-biology_secondary-7-37,False
T1282,84,আলো-বাতাসপূর্ণ গৃহে বসবাস,কারণ,স্বাস্থ্যকর পরিবেশে বাস করা,7,9-10-biology_secondary-7-37,False
T1283,712,বায়ুদূষণ,কারণ,শ্বাসকষ্ট,7,9-10-biology_secondary-7-38,False
T1284,1098,হাঁপানি রোগী,কারণ,শ্বাসকষ্ট,7,9-10-biology_secondary-7-38,False
T1285,159,ওঁষধ,কাজ,শ্বাসকষ্ট লাঘবার জন্য সাথে ব্যবহার করা,7,9-10-biology_secondary-7-38,False
T1286,298,গ্যাসীয় বিনিময়,পরিমাণ,১৭১,7,9-10-biology_secondary-7-38,False
T1287,136,উদ্ভিদের গ্যাসীয় বিনিময়,কারণ,রাতের বেলা সালোকসংশ্লেষণ প্রক্রিয়ার আলোক পর্যায় বন্ধ থাকে,7,9-10-biology_secondary-7-4,False
T1288,462,দিবারাত্রি,কারণ,24 ঘণ্টা শ্বসনপ্রক্রিয়া সংঘটিত হয়,7,9-10-biology_secondary-7-4,False
T1289,979,শ্বসনপ্রক্রিয়া,কারণ,কার্বন ডাই-অক্সাইড গ্যাসের উৎপাদন চলতে থাকে,7,9-10-biology_secondary-7-4,False
T1290,690,বড় গাছের নিচে,কারণ,রাত্রিবেলা ঘুমালে শ্বাসকষ্ট দেখা দিতে পারে,7,9-10-biology_secondary-7-4,False
T1291,768,ব্রংকাইটিস,কারণ,ধূমপান,7,9-10-biology_secondary-7-40,False
T1292,768,ব্রংকাইটিস,কারণ,অস্বাস্থ্যকর পরিবেশ,7,9-10-biology_secondary-7-40,False
T1293,768,ব্রংকাইটিস,কারণ,দূষণ,7,9-10-biology_secondary-7-40,False
T1294,768,ব্রংকাইটিস,কারণ,শিশু,7,9-10-biology_secondary-7-40,False
T1295,768,ব্রংকাইটিস,কারণ,বয়স্ক ব্যক্তি,7,9-10-biology_secondary-7-40,False
T1296,317,চিকিৎসা,প্রকার,ডাক্তারের পরমার্শ অনুযায়ী রোগীর চিকিৎসা করানো,7,9-10-biology_secondary-7-43,False
T1297,509,নিউমোনিয়া,কারণ,অত্যধিক ঠান্ডা লাগলে,7,9-10-biology_secondary-7-44,False
T1298,509,নিউমোনিয়া,কারণ,হাম ও ব্রংকাইটিস রোগের পর ঠান্ডা লেগে,7,9-10-biology_secondary-7-44,False
T1299,509,নিউমোনিয়া,কারণ,শিশু এবং বয়স্কদের জন্য একটি মারাত্মক রোগ,7,9-10-biology_secondary-7-44,False
T1300,508,নিউমোকক্কাস,কারণ,রোগ,7,9-10-biology_secondary-7-45,False
T1301,763,ব্যাকটেরিয়া,কারণ,রোগ,7,9-10-biology_secondary-7-45,False
T1302,769,ভাইরাস,কারণ,রোগ,7,9-10-biology_secondary-7-45,False
T1303,326,ছত্রাক,কারণ,রোগ,7,9-10-biology_secondary-7-45,False
T1304,280,খেয়ে খাদ্যনালির রস,কারণ,রোগ,7,9-10-biology_secondary-7-45,False
T1305,322,চূড়ান্ত পর্যায়ে,লক্ষণ,বুকের মধ্যে ঘড়ঘড় আওয়াজ,7,9-10-biology_secondary-7-45,False
T1306,322,চূড়ান্ত পর্যায়ে,লক্ষণ,মারাত্মক শ্বাসকষ্ট,7,9-10-biology_secondary-7-45,False
T1307,866,যক্ষ্মা,লক্ষণ,উল্লেখ্য,7,9-10-biology_secondary-7-47,False
T1308,866,যক্ষ্মা,কারণ,লোক অধিক পরিশ্রম করে,7,9-10-biology_secondary-7-47,False
T1309,866,যক্ষ্মা,কারণ,দুর্বল,7,9-10-biology_secondary-7-47,False
T1310,866,যক্ষ্মা,কারণ,স্যাঁতসেতে বা অস্বাস্থ্যকর পরিবেশে বাস,7,9-10-biology_secondary-7-47,False
T1311,866,যক্ষ্মা,কারণ,অপুষ্টিতে ভোগে,7,9-10-biology_secondary-7-47,False
T1312,866,যক্ষ্মা,কারণ,যস্মা রোগীর সাথে বসবাস,7,9-10-biology_secondary-7-47,False
T1313,912,রোগ,কারণ,17০০৮৭০0711 8৮6%7001055 ব্যাকটেরিয়া,7,9-10-biology_secondary-7-48,False
T1314,912,রোগ,কারণ,17৮০০৮৫০1৮1 ব্যাকটেরিয়া,7,9-10-biology_secondary-7-48,False
T1315,138,উদ্ভিদের পাতা,কাজ,গ্যাসীয় বিনিময়,7,9-10-biology_secondary-7-5,False
T1316,132,উদ্ভিদ,কাজ,মূল মাটি থেকে পানি শোষণ,7,9-10-biology_secondary-7-5,False
T1317,1020,সাধারণত,সংজ্ঞা,তিন সপ্তাহের বেশি সময় কাশি থাকে,7,9-10-biology_secondary-7-50,False
T1318,186,কাশি,লক্ষণ,খুসখুসে হয়,7,9-10-biology_secondary-7-50,False
T1319,186,কাশি,লক্ষণ,কখনো কখনো রক্ত যায়,7,9-10-biology_secondary-7-50,False
T1320,896,রাতে,সংজ্ঞা,ঘাম হয়,7,9-10-biology_secondary-7-50,False
T1321,730,বিকেলের দিকে,সংজ্ঞা,জ্বর আসে,7,9-10-biology_secondary-7-50,False
T1322,744,বুকে পিঠে,সংজ্ঞা,ব্যথা হয়,7,9-10-biology_secondary-7-50,False
T1323,17,অজীর্ণ,সংজ্ঞা,পীড়া দেখা দেয়,7,9-10-biology_secondary-7-50,False
T1324,580,পেটের পীড়া,সংজ্ঞা,দেখা দেয়,7,9-10-biology_secondary-7-50,False
T1325,406,ডাক্তারের পরামর্শ,প্রতিরোধ,চিকিৎসা করা,7,9-10-biology_secondary-7-50,False
T1326,670,ফুসফুসের ক্যাঙ্গার,কারণ,পুরুষের ক্যাঙ্গারজনিত মৃত্যুর প্রধান কারণ,7,9-10-biology_secondary-7-53,False
T1327,667,ফুসফুস,প্রকার,ক্যাঙ্গারে রূপান্তরিত ক্ষত,7,9-10-biology_secondary-7-53,False
T1328,668,ফুসফুস ক্যান্সার,কারণ,ধুমপান,7,9-10-biology_secondary-7-54,False
T1329,668,ফুসফুস ক্যান্সার,কারণ,বায়ু ও পরিবেশদূষণ,7,9-10-biology_secondary-7-54,False
T1330,668,ফুসফুস ক্যান্সার,কারণ,"বস্তুর সংস্পর্শ (যেমন: এ্যাসবেস্টাস, আর্সেনিক, ক্রোমিয়াম, নিকেল, কঠিন ধাতুর গুঁড়া",7,9-10-biology_secondary-7-54,False
T1331,915,লক্ষণ,প্রকার,দীর্ঘদিন ধরে খুসখুসে কাশি ও বুকে ব্যথা,7,9-10-biology_secondary-7-55,False
T1332,915,লক্ষণ,প্রকার,ভরগ্নস্বর,7,9-10-biology_secondary-7-55,False
T1333,915,লক্ষণ,প্রকার,ওজন হাস,7,9-10-biology_secondary-7-55,False
T1334,915,লক্ষণ,প্রকার,স্কুধামান্দ্য,7,9-10-biology_secondary-7-55,False
T1335,915,লক্ষণ,প্রকার,হাঁপানি,7,9-10-biology_secondary-7-55,False
T1336,915,লক্ষণ,প্রকার,ঘনঘন জ্বর,7,9-10-biology_secondary-7-55,False
T1337,915,লক্ষণ,প্রকার,বারবার ব্রংকাইটিস বা নিউমোনিয়ায় সংক্রমিত হওয়া,7,9-10-biology_secondary-7-55,False
T1338,355,জীব,কাজ,সুচারুরূপে সম্পাদিত হয়,7,9-10-biology_secondary-7-64,False
T1339,282,গনুঁকোজ,লক্ষণ,কার্বন ডাই-অক্সাইড উৎপন্ন হয়,7,9-10-biology_secondary-7-64,False
T1340,891,রপ্ত কার্বন ডাই-অক্সাইড,কাজ,ফুসফুসে নিয়ে যায়,7,9-10-biology_secondary-7-64,False
T1341,667,ফুসফুস,কাজ,দেহের বাইরে নির্গত হয়,7,9-10-biology_secondary-7-64,False
T1342,752,বৃল্ধ বা কিডনি,কাজ,নাইট্রোজেনঘটিত বর্জ্য ও অতিরিক্ত অল্প শরীর থেকে বের করে দেয়,7,9-10-biology_secondary-7-64,False
T1343,871,রক্ত,কাজ,উপাদানগুলোকে ফুসফুসে নিয়ে যাওয়া,7,9-10-biology_secondary-7-7,False
T1344,667,ফুসফুস,কাজ,অক্সিজেন শোষিত এবং কার্বন ডাই-অক্সাইড ছেড়ে দাওয়া,7,9-10-biology_secondary-7-7,False
T1345,982,শ্বাসকার্য,কাজ,অক্সিজেন গ্রহণ এবং কার্বন ডাই-অক্সাইড নিষ্কাশন,7,9-10-biology_secondary-7-7,False
T1346,975,শ্বসন,কাজ,খাদ্যবস্তুকে বায়ুর অক্সিজেনের সাথে জারিত করে মজুত শক্তিকে রূপান্তর এবং কার্বন ডাই-অক্সাইড নিষ্কাশন,7,9-10-biology_secondary-7-7,False
T1347,467,দেহ,অবস্থান,চেতন এবং অচেতন,7,9-10-biology_secondary-7-9,False
T1348,467,দেহ,কাজ,অক্সিজেন গ্রহণ এবং কার্বন ডাই-অক্সাইডের নির্গমন,7,9-10-biology_secondary-7-9,False
T1349,633,প্রাণী,কাজ,প্রতিনিয়ত দেহরক্ষার নানাবিধ প্রক্রিয়া চলায়,7,9-10-biology_secondary-7-9,False
T1350,746,বৃক্ধের ইউরিনিফেরাস,অংশ,ক্ষরণকারী অংশ,8,9-10-biology_secondary-8-10,False
T1351,746,বৃক্ধের ইউরিনিফেরাস,কাজ,করার একক,8,9-10-biology_secondary-8-10,False
T1352,615,প্রতিটি বৃক্ধে,পরিমাণ,10-12 লক্ষ নেষ্রন,8,9-10-biology_secondary-8-10,False
T1353,614,প্রতিটি নেফ্রন,অংশ,রেনাল করপাসল,8,9-10-biology_secondary-8-10,False
T1354,614,প্রতিটি নেফ্রন,অংশ,রেনাল টিউব্যুল,8,9-10-biology_secondary-8-10,False
T1355,616,প্রতিটি রেনাল করপাসল,অংশ,গ্লোমেরুলাস,8,9-10-biology_secondary-8-10,False
T1356,616,প্রতিটি রেনাল করপাসল,অংশ,বোম্যান্স ক্যাপসুল,8,9-10-biology_secondary-8-10,False
T1357,761,বোম্যান্স ক্যাপসুল,অবস্থান,গ্লোমেরুলাসকে বেষ্টন করে,8,9-10-biology_secondary-8-10,False
T1358,760,বোম্যাঈস ক্যাপসুল,অংশ,পেয়ালার মতো প্রসারিত অংশ,8,9-10-biology_secondary-8-11,False
T1359,306,গ্লোমেরুলাস,প্রকার,একগুচ্ছ কৈশিক,8,9-10-biology_secondary-8-11,False
T1360,346,জালিকা,অংশ,রেনাল ধমনি,8,9-10-biology_secondary-8-12,False
T1361,346,জালিকা,কাজ,আ্যাফারেন্ট আর্টারিওল তৈরি করা,8,9-10-biology_secondary-8-12,False
T1362,100,আ্যাফারেন্ট আর্টারিওল,অংশ,ক্যাপসুল,8,9-10-biology_secondary-8-12,False
T1363,100,আ্যাফারেন্ট আর্টারিওল,কাজ,কৈশিকনালি তৈরি করা,8,9-10-biology_secondary-8-12,False
T1364,197,কৈশিকনালি,অংশ,জালিকা,8,9-10-biology_secondary-8-12,False
T1365,197,কৈশিকনালি,কাজ,ইফারেন্ট আর্টারিওল তৈরি করা,8,9-10-biology_secondary-8-12,False
T1366,117,ইফারেন্ট আর্টারিওল,অবস্থান,ক্যাপসুল থেকে বেরিয়ে আসে,8,9-10-biology_secondary-8-12,False
T1367,306,গ্লোমেরুলাস,কাজ,রক্ত থেকে পরিসুত তরল উৎপন্ন করা,8,9-10-biology_secondary-8-13,False
T1368,87,আল্ট্রাফিলট্রেট,অবস্থান,রেনাল টিউব্যুলের মধ্য,8,9-10-biology_secondary-8-13,False
T1369,87,আল্ট্রাফিলট্রেট,কাজ,শোষণ এবং নিঃসরণ প্রক্রিয়ার মধ্য দিয়ে প্রবাহিত হওয়া,8,9-10-biology_secondary-8-13,False
T1370,838,মূত্র,অবস্থান,মূত্রথলিতে জমা হওয়া,8,9-10-biology_secondary-8-13,False
T1371,909,রেনাল টিউব্যুল,অংশ,গোড়াদেশীয় বা নিকটবতী প্যাঁচানো নালিকা,8,9-10-biology_secondary-8-14,False
T1372,909,রেনাল টিউব্যুল,অংশ,হেনলি-র লুপ,8,9-10-biology_secondary-8-14,False
T1373,909,রেনাল টিউব্যুল,অংশ,প্রান্তীয় প্যাঁচানো নালিকা,8,9-10-biology_secondary-8-14,False
T1374,745,বৃক্ধ,কাজ,মূত্র উৎপন্ন করা,8,9-10-biology_secondary-8-16,False
T1375,745,বৃক্ধ,অবস্থান,পেলভিসে,8,9-10-biology_secondary-8-16,False
T1376,838,মূত্র,অবস্থান,মূত্রথলিতে,8,9-10-biology_secondary-8-16,False
T1377,839,মূত্রথলি,অবস্থান,মূত্রথলিতে,8,9-10-biology_secondary-8-16,False
T1378,838,মূত্র,কাজ,ত্যাগের ইচ্ছা জাগাতে,8,9-10-biology_secondary-8-16,False
T1379,838,মূত্র,অবস্থান,মূত্রথলির নিচের দিকে অবস্থিত ছিদ্রপথে,8,9-10-biology_secondary-8-16,False
T1380,874,রক্তচাপ,কাজ,"পানি, অল্প এবং ক্ষারের ভারসাম্য রক্ষা করে",8,9-10-biology_secondary-8-17,False
T1381,738,বিশুদ্ধ দ্রাবক,অবস্থান,দ্রবণের মধ্যে,8,9-10-biology_secondary-8-18,False
T1382,362,জীবদেহ,কাজ,পানি এবং লবণের পরিমাণ ও ঘনত্ব নিয়ন্ত্রিত করা,8,9-10-biology_secondary-8-18,False
T1383,362,জীবদেহ,লক্ষণ,অভিপ্রবণ চাপ প্রায় অপরিবর্তিত,8,9-10-biology_secondary-8-18,False
T1384,751,বৃল্ধ নেফ্নের মাধ্যমে,কাজ,পুনঃশোষণ প্রক্রিয়ায় দেহে পানির সমতা বজায় রাখা,8,9-10-biology_secondary-8-19,False
T1385,307,গ্লোমেরুলাসে,কাজ,"রেচন বর্জ্য, পানি এবং অন্যান্য তরল পদার্থ পরিস্তুত হতে দেখা যায়",8,9-10-biology_secondary-8-19,False
T1386,750,বৃল্ধ অকার্যকর হয়ে গেলে,কারণ,দেহে পানি জমতে থাকা,8,9-10-biology_secondary-8-19,False
T1387,323,চোখ-মুখসহ সারা শরীর,কারণ,ফুলে যেতে পারা,8,9-10-biology_secondary-8-19,False
T1388,323,চোখ-মুখসহ সারা শরীর,লক্ষণ,উচ্চ রন্তচাপ সৃষ্টি হতে পারা,8,9-10-biology_secondary-8-19,False
T1389,191,কিডনির রোগ,লক্ষণ,শরীর ফুলে যাওয়া,8,9-10-biology_secondary-8-21,False
T1390,191,কিডনির রোগ,লক্ষণ,প্রস্রাবে অতিরিক্ত প্রোটিন যাওয়া,8,9-10-biology_secondary-8-21,False
T1391,191,কিডনির রোগ,লক্ষণ,রক্ত মিশ্রিত প্রস্রাব হওয়া,8,9-10-biology_secondary-8-21,False
T1392,191,কিডনির রোগ,লক্ষণ,প্রস্রাবে জ্বালাপোড়া করা,8,9-10-biology_secondary-8-21,False
T1393,191,কিডনির রোগ,লক্ষণ,ঘন ঘন প্রস্রাব হওয়া,8,9-10-biology_secondary-8-21,False
T1394,191,কিডনির রোগ,লক্ষণ,ক্ষেত্রবিশেষে প্রস্রাব বন্ধ হয়ে যাওয়া,8,9-10-biology_secondary-8-21,False
T1395,747,বৃক্ধের পাথর,অবস্থান,প্রস্রাব নালিতে,8,9-10-biology_secondary-8-22,False
T1396,747,বৃক্ধের পাথর,কাজ,প্রস্রাবে বাধা দেয়,8,9-10-biology_secondary-8-22,False
T1397,747,বৃক্ধের পাথর,লক্ষণ,কোমরের পিছনে ব্যথা,8,9-10-biology_secondary-8-22,False
T1398,747,বৃক্ধের পাথর,লক্ষণ,রক্ত বের হয়,8,9-10-biology_secondary-8-22,False
T1399,747,বৃক্ধের পাথর,লক্ষণ,কাঁপুনি দিয়ে জ্বর আসে,8,9-10-biology_secondary-8-22,False
T1400,188,কিডনি,কারণ,"নেফ্রাইটিস, ডায়াবেটিস, উচ্চ রক্তচাপ, কিডনিতে পাথর ইত্যাদি",8,9-10-biology_secondary-8-23,False
T1401,188,কিডনি,কারণ,আকস্মিক কিডনি অকেজো বা বিকল হওয়া,8,9-10-biology_secondary-8-23,False
T1402,189,কিডনি বিকলতা,লক্ষণ,মূত্রের পরিমাণ কমে যাবে,8,9-10-biology_secondary-8-24,False
T1403,189,কিডনি বিকলতা,লক্ষণ,রক্তে ক্রিয়েটিনিন বৃদ্ধি পাবে,8,9-10-biology_secondary-8-24,False
T1404,410,ডায়ালাইসিস,অবস্থান,ডায়ালাইসিস মেশিনের,8,9-10-biology_secondary-8-25,False
T1405,411,ডায়ালাইসিস টিউব,অবস্থান,ডায়ালাইসিস মেশিনের,8,9-10-biology_secondary-8-25,False
T1406,412,ডায়ালাইসিস মেশিন,কাজ,নাইট্রোজেনঘটিত ক্ষতিকর বর্জ্য পদার্থ নাইট্রোজেনঘটিত ক্ষতিকর বর্জ্য পদার্থ বাইরে নিষ্কাশিত করা,8,9-10-biology_secondary-8-26,False
T1407,190,কিডনি সংযোজন,কাজ,কিডনি বিকল ব্যক্তির দেহে প্রতিস্থাপন,8,9-10-biology_secondary-8-27,False
T1408,190,কিডনি সংযোজন,প্রকার,নিকট আত্মীয়ের কিডনি অথবা মৃত ব্যক্তির কিডনি,8,9-10-biology_secondary-8-27,False
T1409,188,কিডনি,অবস্থান,সংযোজনের মাধ্যমে সুস্থ জীবন যাপন করছে,8,9-10-biology_secondary-8-28,False
T1410,188,কিডনি,কাজ,জীবনধারণ,8,9-10-biology_secondary-8-28,False
T1411,63,অস্বাস্থ্যকর জীবনযাপন,কারণ,মূত্রনালির সংক্রমণ,8,9-10-biology_secondary-8-29,False
T1412,840,মূত্রনালির সংক্রমণ,লক্ষণ,মূত্রনালি জ্বালাপোড়া,8,9-10-biology_secondary-8-29,False
T1413,317,চিকিৎসা,কাজ,আরোগ্য লাভ,8,9-10-biology_secondary-8-29,False
T1414,906,রেচন,কাজ,দেহের বর্জ্য পদার্থগুলো বের করে দেওয়া,8,9-10-biology_secondary-8-4,False
T1415,906,রেচন,কারণ,দেহের বর্জ্য পদার্থগুলো জমতে থাকলে অসুখ দেখা দেয়,8,9-10-biology_secondary-8-4,False
T1416,908,রেচনতন্দ্রা,কাজ,দেহের বিষাক্ত পদার্থ নিষ্কাশিত করা,8,9-10-biology_secondary-8-4,False
T1417,906,রেচন,অংশ,কিডনি অথবা বৃক্ধ,8,9-10-biology_secondary-8-4,False
T1418,745,বৃক্ধ,অংশ,নেফষ্রন,8,9-10-biology_secondary-8-4,False
T1419,841,মূত্রের রং,লক্ষণ,হালকা হলুদ,8,9-10-biology_secondary-8-6,False
T1420,745,বৃক্ধ,অবস্থান,"মানবদেহের উদরগহ্বরের পেছনের অংশে, মেরুদণ্ডের দুদিকে বক্ষপিঞ্জরের নিচে পিঠ-সংলগ্ন",8,9-10-biology_secondary-8-7,False
T1421,749,বৃল্ক,অবস্থান,এক ধরনের তন্তুময় আবরণ দিয়ে বেস্টিত,8,9-10-biology_secondary-8-8,False
T1422,221,ক্যাপসুল-সংলগ্ন অংশ,কারণ,কর্টেক্স,8,9-10-biology_secondary-8-8,False
T1423,221,ক্যাপসুল-সংলগ্ন অংশ,কারণ,মেডুলা,8,9-10-biology_secondary-8-8,False
T1424,848,মেডুলা,কাজ,যোজক কলা এবং রন্তবাহী নালি দিয়ে গঠিত,8,9-10-biology_secondary-8-8,False
T1425,848,মেডুলা,পরিমাণ,৮-১২টি রেনাল পিরামিড,8,9-10-biology_secondary-8-8,False
T1426,106,ইউরিনিফেরাস নালিকা,অংশ,নেফ্রন,8,9-10-biology_secondary-8-9,False
T1427,106,ইউরিনিফেরাস নালিকা,অংশ,সংগ্রাহক বা সংগ্রাহী নালিকা,8,9-10-biology_secondary-8-9,False
T1428,523,নেফ্রন,কাজ,মূত্র তৈরি করা,8,9-10-biology_secondary-8-9,False
T1429,992,সংগ্রাহক বা সংগ্রাহী নালিকা,কাজ,মূত্র বহন করা,8,9-10-biology_secondary-8-9,False
T1430,818,মানবকঙ্কাল,কাজ,বর্ণনা,9,9-10-biology_secondary-9-1,False
T1431,162,কঙ্কাল,কাজ,দৃঢ়তা প্রদান এবং চলন,9,9-10-biology_secondary-9-1,False
T1432,56,অস্থি,কাজ,ব্যাখ্যা,9,9-10-biology_secondary-9-1,False
T1433,60,অস্থিসন্ধি,কাজ,ব্যাখ্যা,9,9-10-biology_secondary-9-1,False
T1434,584,পেশি,কাজ,ব্যাখ্যা,9,9-10-biology_secondary-9-1,False
T1435,396,টেনডন,কাজ,ব্যাখ্যা,9,9-10-biology_secondary-9-1,False
T1436,933,লিগামেন্ট,কাজ,ব্যাখ্যা,9,9-10-biology_secondary-9-1,False
T1437,55,অস্টিওপোরোসিস,কারণ,কারণ,9,9-10-biology_secondary-9-1,False
T1438,55,অস্টিওপোরোসিস,লক্ষণ,লক্ষণ,9,9-10-biology_secondary-9-1,False
T1439,80,আর্থাইটিস,কারণ,কারণ,9,9-10-biology_secondary-9-1,False
T1440,80,আর্থাইটিস,লক্ষণ,লক্ষণ,9,9-10-biology_secondary-9-1,False
T1441,56,অস্থি,কারণ,হাড় ক্ষয়ের দিকে বেশি ঝুঁকে পড়ে,9,9-10-biology_secondary-9-10,False
T1442,430,তরুণাস্থি,অবস্থান,অপেক্ষাকৃত নরম এবং স্থিতিস্থাপক,9,9-10-biology_secondary-9-12,False
T1443,431,তরুণাস্থি কোষ,কারণ,কন্ত্রিন দিয়ে গঠিত,9,9-10-biology_secondary-9-12,False
T1444,433,তরুণাস্থি কোষের প্রোটোগ্লাজম,অবস্থান,খুব স্বচ্ছ,9,9-10-biology_secondary-9-12,False
T1445,432,তরুণাস্থি কোষের নিউক্লিয়াস,অবস্থান,গোলাকার,9,9-10-biology_secondary-9-12,False
T1446,430,তরুণাস্থি,কারণ,কন্ডত্রিনের মাঝে গহ্বর,9,9-10-biology_secondary-9-12,False
T1447,430,তরুণাস্থি,কারণ,কন্ডত্রোসাইট নামক কোষ,9,9-10-biology_secondary-9-12,False
T1448,430,তরুণাস্থি,অবস্থান,তন্তুময় যোজক কলা নির্মিত আবরণী দিয়ে পরিবেষ্টিত,9,9-10-biology_secondary-9-12,False
T1449,430,তরুণাস্থি,প্রকার,কয়েক রকম,9,9-10-biology_secondary-9-12,False
T1450,430,তরুণাস্থি,অবস্থান,অস্থির সংযোগস্থলে,9,9-10-biology_secondary-9-12,False
T1451,60,অস্থিসন্ধি,কাজ,দুই বা ততোধিক অস্থির সংযোগস্থলকে অস্থিসন্ধি বলে,9,9-10-biology_secondary-9-13,False
T1452,60,অস্থিসন্ধি,কারণ,অস্থিগুলো একরকম স্থিতিস্থাপক রজ্জুর মতো বন্ধনী দিয়ে দৃঢ়ভাবে আটকানো থাকে,9,9-10-biology_secondary-9-13,False
T1453,60,অস্থিসন্ধি,লক্ষণ,সম্ধিস্থল বিভিন্ন অঙ্গপ্রত্যঙ্গ সঞ্চালনে সাহায্য করে,9,9-10-biology_secondary-9-13,False
T1454,60,অস্থিসন্ধি,প্রকার,অনড়,9,9-10-biology_secondary-9-14,False
T1455,60,অস্থিসন্ধি,প্রকার,সহজে সঞ্চালন করা যায়,9,9-10-biology_secondary-9-14,False
T1456,60,অস্থিসন্ধি,কাজ,সরল সাইনোভিয়াল অস্থিসন্ধি গঠন,9,9-10-biology_secondary-9-14,False
T1457,60,অস্থিসন্ধি,কাজ,জটিল সাইনোভিয়াল অস্থিসন্ধি গঠন,9,9-10-biology_secondary-9-14,False
T1458,1017,সাইনোভিয়াল অস্থিসন্ধি,অংশ,এব�ং অস্থিসন্ধিকে দৃঢ়ভাবে চিত্র ৯.০২: সাইনোভিয়াল সন্ধি আটকে রাখার জন্য অস্থিবন্ধনী বা লিগামেন্ট বেষ্টিত একটি মজবুত আবরণী বা ক্যাপসুল,9,9-10-biology_secondary-9-15,False
T1459,1017,সাইনোভিয়াল অস্থিসন্ধি,লক্ষণ,অস্থিতে অস্থিতে ঘর্ষণ এবং তজ্জনিত ক্ষয় হাস পায় ও অস্থিসম্ধি নড়াচড়া করাতে কম শত্তি ব্যয় হয়,9,9-10-biology_secondary-9-15,False
T1460,125,ঈষৎ সচল অস্থিসন্ধি,কাজ,"দেহকে সামনে, পিছনে এবং পাশে বাঁকাতে পারি",9,9-10-biology_secondary-9-16,False
T1461,697,বল ও কোটরসম্ধি,অবস্থান,সম্ধিস্থলে,9,9-10-biology_secondary-9-17,False
T1462,1006,সম্ধিস্থলে,কাজ,একটি অস্থির মাথার মতো গোল অংশ অন্য কন্দা সম্দি,9,9-10-biology_secondary-9-17,False
T1463,165,কজা,কাজ,কঙ্কালের চিত্র অঙ্কন করে বিভিন্ন অংশ চিহ্নিত করো,9,9-10-biology_secondary-9-19,False
T1464,588,পেশিতন্দ্র,কাজ,অঙ্গ-প্রত্যঙ্গ সঞ্চালন,9,9-10-biology_secondary-9-20,False
T1465,588,পেশিতন্দ্র,কাজ,চলাফেরায় সহায়তা,9,9-10-biology_secondary-9-20,False
T1466,588,পেশিতন্দ্র,কাজ,অঙ্গবিন্যাস রক্ষা,9,9-10-biology_secondary-9-20,False
T1467,588,পেশিতন্দ্র,কাজ,ভারসাম্য রক্ষা,9,9-10-biology_secondary-9-20,False
T1468,588,পেশিতন্দ্র,কাজ,কঙ্কালতন্ত্রের সাথে যৌথভাবে দেহের নির্দিষ্ট আকার গঠন,9,9-10-biology_secondary-9-20,False
T1469,1111,হৃৎপিণ্ড,কাজ,হুৎপেশির স্পন্দন এবং রক্তু সঞ্চালন,9,9-10-biology_secondary-9-21,False
T1470,584,পেশি,কাজ,খাদ্যবস্তুর চলন প্রভৃতি স্বয়ংক্রিয় কাজে ভূমিকা পালন,9,9-10-biology_secondary-9-21,False
T1471,57,অস্থি ও পেশি,কাজ,চলনে অস্থি ও পেশির ভূমিকা,9,9-10-biology_secondary-9-21,False
T1472,584,পেশি,কাজ,অস্থিকে আটকে রাখা,9,9-10-biology_secondary-9-22,False
T1473,584,পেশি,কাজ,সংলগ্ন অস্থির নড়াচড়া সম্ভব করা,9,9-10-biology_secondary-9-22,False
T1474,705,বাইসেপস পেশি,কাজ,কনুই বাঁকা করতে সাহায্য,9,9-10-biology_secondary-9-24,False
T1475,402,ট্রাইসেপস পেশি,কাজ,কনুই সোজা করতে সাহায্য,9,9-10-biology_secondary-9-24,False
T1476,108,ইচ্ছাধীন স্নায়ু,কারণ,পেশির সংকুচন ও শিথিলতায় ঘটানো কার্যক্রম,9,9-10-biology_secondary-9-24,False
T1477,396,টেনডন,অবস্থান,গায়ের সাথে সংযুক্ত,9,9-10-biology_secondary-9-26,False
T1478,396,টেনডন,কারণ,মাংসপেশির প্রান্তভাগ দড়ি বা রজ্জ্র মতো শত্ত হয়ে অস্থির,9,9-10-biology_secondary-9-26,False
T1479,393,টিস্যু,কারণ,"টেনডন ঘন, শ্বেত তন্দুময়",9,9-10-biology_secondary-9-26,False
T1480,396,টেনডন,কাজ,গুচ্ছাকারে এবং পরস্পর সমান্তরালভাবে বিন্যস্ত থাকে,9,9-10-biology_secondary-9-26,False
T1481,395,টিস্যুগুচ্ছ,কারণ,অনেকগুলো তন্তু একত্রে আঁটি বা বান্ডিল তৈরি করে,9,9-10-biology_secondary-9-26,False
T1482,64,আঁটিগুচ্ছ,কারণ,অনেকগুলো তন্তু একত্রে আঁটি বা বান্ডিল তৈরি করে,9,9-10-biology_secondary-9-26,False
T1483,64,আঁটিগুচ্ছ,কারণ,আঁটিগুলো একত্রে দলবদ্ধ হয়ে আঁটিগুচ্ছ তৈরি করে,9,9-10-biology_secondary-9-26,False
T1484,64,আঁটিগুচ্ছ,কারণ,আঁটিগুচ্ছগুলো আবার তন্তুময় টিস্যুগুচ্ছ বা আ্যারিওলার টিস্যু দিয়ে বেষ্টিত হয়ে আরো বড় আঁটিতে শ্রেণিবদ্ধ হয়,9,9-10-biology_secondary-9-26,False
T1485,396,টেনডন,অবস্থান,পেশিতন্তুর সারকোলেমায়,9,9-10-biology_secondary-9-28,False
T1486,397,টেনডনের আঁটিগুচ্ছ,কারণ,"টেনডনের আবরক টিস্যু, পেশি বান্ডিল বা আঁটির আবরক টিস্যুর সাথে অবিচ্ছিন্ন যোগাযোগ তৈরি করার",9,9-10-biology_secondary-9-28,False
T1487,396,টেনডন,কাজ,পেশি এবং টেনডনের সংযোগস্থলে শক্তিশালী করার,9,9-10-biology_secondary-9-28,False
T1488,396,টেনডন,কারণ,পেশি বা অস্থির তুলনায় ভেঙে বা ছিড়ে যাওয়ার সম্ভাবনা অনেক কম,9,9-10-biology_secondary-9-28,False
T1489,589,পেশিবন্ধনী,কারণ,পেশিপ্রান্তে রজ্জুর মতো শত্ত হয়ে অস্থির সাথে সংযুক্ত থাকে,9,9-10-biology_secondary-9-28,False
T1490,584,পেশি,কারণ,"পেশি অস্থির সাথে আবদ্ধ হয়ে দেহকাঠামো গঠনে, দৃঢ়তা দানে, অস্থিবন্ধনী গঠনে সাহায্য করে",9,9-10-biology_secondary-9-28,False
T1491,584,পেশি,কারণ,চাপটানের বিরুদ্ধে যাত্রিক প্রতিরোধ গড়ে তোলে,9,9-10-biology_secondary-9-28,False
T1492,933,লিগামেন্ট,অবস্থান,শ্বেততন্তু,9,9-10-biology_secondary-9-29,False
T1493,933,লিগামেন্ট,কারণ,"সরু, শাখা-প্রশাখা বিশিষ্ট জালাকারে বিন্যস্ত কতগুলো তন্তুও ছড়ানো থাকে",9,9-10-biology_secondary-9-29,False
T1494,162,কঙ্কাল,অংশ,অস্থি,9,9-10-biology_secondary-9-3,False
T1495,969,শিশুর কঙ্কাল,অংশ,অস্থি,9,9-10-biology_secondary-9-3,False
T1496,162,কঙ্কাল,কাজ,মানবদেহকে নির্দিষ্ট আকার দেয়,9,9-10-biology_secondary-9-3,False
T1497,119,ইলাস্টিন,কাজ,পাল্লাকে দরজার কাঠামোর সাথে আটকে রাখা,9,9-10-biology_secondary-9-30,False
T1498,119,ইলাস্টিন,কাজ,হাড়কে আটকে রাখা,9,9-10-biology_secondary-9-30,False
T1499,19,অঞঙ্গ,কাজ,সবদিকে সোজা বা বাঁকা হয়ে নড়াচড়া করতে পারা,9,9-10-biology_secondary-9-30,False
T1500,55,অস্টিওপোরোসিস,কারণ,ক্যালসিয়ামের অভাব,9,9-10-biology_secondary-9-31,False
T1501,250,খনিজ লবণ,কারণ,রোগটি হয়,9,9-10-biology_secondary-9-33,False
T1502,493,নারী,অবস্থান,মেনোপজ হওয়ার পর,9,9-10-biology_secondary-9-33,False
T1503,56,অস্থি,লক্ষণ,"ভঙ্গুর হয়ে যায়, ঘনত্ব কমতে থাকে",9,9-10-biology_secondary-9-33,False
T1504,566,পিঠের পিছন দিক,লক্ষণ,ব্যথা অনুভব হয়,9,9-10-biology_secondary-9-33,False
T1505,56,অস্থি,লক্ষণ,ব্যথা অনুভব হয়,9,9-10-biology_secondary-9-33,False
T1506,912,রোগ,প্রতিরোধ,হঠাৎ করেই সামান্য আঘাতে কোমর বা দেহের অন্যান্য কোনো প্রতিকার,9,9-10-biology_secondary-9-34,False
T1507,167,কমলার রস,প্রতিরোধ,খাওয়া,9,9-10-biology_secondary-9-35,False
T1508,1004,সবুজ শাকসবজি,প্রতিরোধ,খাওয়া,9,9-10-biology_secondary-9-35,False
T1509,1008,সয়াদ্রব্য,প্রতিরোধ,খাওয়া,9,9-10-biology_secondary-9-35,False
T1510,228,ক্যালসিয়াম-সমৃদ্ধ খাবার,প্রতিরোধ,গ্রহণ করা,9,9-10-biology_secondary-9-35,False
T1511,1046,সূর্যালোক,প্রতিরোধ,সংস্পর্শে আসা,9,9-10-biology_secondary-9-35,False
T1512,227,ক্যালসিয়াম,প্রতিরোধ,গ্রহণ করা,9,9-10-biology_secondary-9-35,False
T1513,773,ভিটামিন 1,প্রতিরোধ,গ্রহণ করা,9,9-10-biology_secondary-9-35,False
T1514,518,নিয়মিত ব্যায়াম,প্রতিরোধ,করা,9,9-10-biology_secondary-9-35,False
T1515,1043,সুষম খাবার,প্রতিরোধ,গ্রহণ করা,9,9-10-biology_secondary-9-35,False
T1516,90,আশযুন্ত খাবার,প্রতিরোধ,গ্রহণ করা,9,9-10-biology_secondary-9-35,False
T1517,902,রিউমাটয়েড আর্জরাইটিস,প্রকার,বাতরোগের মধ্যে,9,9-10-biology_secondary-9-37,False
T1518,754,বেলায় গিঁটে ব্যথা,লক্ষণ,রিউমেটিক ফিভার,9,9-10-biology_secondary-9-37,False
T1519,754,বেলায় গিঁটে ব্যথা,লক্ষণ,বাতজ্বর,9,9-10-biology_secondary-9-37,False
T1520,61,অস্থিসন্ধির অসুখ,প্রকার,চিকিৎসার পার্থক্য,9,9-10-biology_secondary-9-37,False
T1521,56,অস্থি,অংশ,কঙ্কাল,9,9-10-biology_secondary-9-4,False
T1522,56,অস্থি,অংশ,অস্থি দুটো,9,9-10-biology_secondary-9-4,False
T1523,56,অস্থি,অংশ,তরুণাস্থি,9,9-10-biology_secondary-9-4,False
T1524,56,অস্থি,অংশ,অস্থি সন্ধি,9,9-10-biology_secondary-9-4,False
T1525,56,অস্থি,কাজ,অস্থির চলনে সাহায্য করা,9,9-10-biology_secondary-9-4,False
T1526,56,অস্থি,অংশ,চলন,9,9-10-biology_secondary-9-4,False
T1527,56,অস্থি,সংজ্ঞা,পর্দা ক্ষতিগ্রস্ত হয়েছে,9,9-10-biology_secondary-9-43,False
T1528,960,শারীরবৃত্তীয় ক্রিয়া বিক্রিয়া,অবস্থান,অবিরামভাবে চলছে,9,9-10-biology_secondary-9-45,False
T1529,1005,সমন্বয়,কাজ,অত্যন্ত গুরুত্বপূর্ণ বিষয়,9,9-10-biology_secondary-9-45,False
T1530,110,ইচ্ছামতো,অবস্থান,অঞঙ্গা,9,9-10-biology_secondary-9-5,False
T1531,163,কঙ্কালতন্ত্র,অংশ,"অস্থি এবং তরুণাস্থি, পেশি, পেশিবন্ধনী এবং অস্থিবন্ধনী",9,9-10-biology_secondary-9-5,False
T1532,164,কঙ্কালতল্কে,অংশ,দুটি প্রধান ভাগ,9,9-10-biology_secondary-9-5,False
T1533,699,বহিঃকঙ্কাল,পরিমাণ,৮0516166010,9,9-10-biology_secondary-9-5,False
T1534,699,বহিঃকঙ্কাল,অবস্থান,কঙ্কালের এ অংশগুলো বাইরে অবস্থান করে,9,9-10-biology_secondary-9-5,False
T1535,162,কঙ্কাল,অবস্থান,শরীরের ভেতরকার,9,9-10-biology_secondary-9-6,False
T1536,162,কঙ্কাল,কাজ,দেহকাঠামো গঠন,9,9-10-biology_secondary-9-6,False
T1537,162,কঙ্কাল,কাজ,নিচের অঙ্গগুলোর সাথে উপরের অঙ্গগুলোর সংযুক্তি সাধন,9,9-10-biology_secondary-9-6,False
T1538,798,মস্তিষ্ক করোটি,অবস্থান,মেরুরজ্জু মেরুদণ্ডের ভেতরে,9,9-10-biology_secondary-9-7,False
T1539,798,মস্তিষ্ক করোটি,অবস্থান,হৃৎপিণ্ড ও ফুসফুস বক্ষগহ্বরে,9,9-10-biology_secondary-9-7,False
T1540,587,পেশিগুলো,অবস্থান,কঙ্কালের সাথে আটকে,9,9-10-biology_secondary-9-7,False
T1541,1103,"হাত, পা, স্কবন্ধচক্র ও শ্রোণিচত্ব",কাজ,নড়াচড়ায় সাহায্য,9,9-10-biology_secondary-9-7,False
T1542,588,পেশিতন্দ্র,কাজ,নড়াচড়ায় সাহায্য,9,9-10-biology_secondary-9-7,False
T1543,58,অস্থিমজ্জা,অংশ,লোহিত রক্তকণিকা উৎপাদন,9,9-10-biology_secondary-9-8,False
T1544,56,অস্থি,কাজ,খনিজ লবণ অস্ঞ্চয় করে রাখা,9,9-10-biology_secondary-9-8,False
T1545,56,অস্থি,কারণ,অস্থি শত্তু এবং মজবুত থাকা,9,9-10-biology_secondary-9-8,False
T1546,56,অস্থি,অবস্থান,দেহের সবচেয়ে দৃঢ় কলা,9,9-10-biology_secondary-9-9,False
T1547,59,অস্থির মাতৃকা,অংশ,অস্থিকোষগুলো,9,9-10-biology_secondary-9-9,False
T1548,562,পারকিনসন রোগ,অবস্থান,মস্তিষ্ক,10,9-10-biology_secondary-10-100,False
T1549,562,পারকিনসন রোগ,লক্ষণ,হাতে ও পায়ের কাঁপুনি,10,9-10-biology_secondary-10-100,False
T1550,562,পারকিনসন রোগ,কাজ,আক্রান্ত রোগীর নড়াচড়া ও হাঁটাহাঁটি করতে সমস্যা হওয়া,10,9-10-biology_secondary-10-100,False
T1551,562,পারকিনসন রোগ,অবস্থান,50 বছর বয়সের পরে,10,9-10-biology_secondary-10-100,False
T1552,562,পারকিনসন রোগ,কারণ,ব্যতিক্রম হিসেবে যুবক-যুবতীদেরও হতে পারে,10,9-10-biology_secondary-10-100,False
T1553,562,পারকিনসন রোগ,লক্ষণ,রোগটি তার বংশে রয়েছে বলে ধরা হয়,10,9-10-biology_secondary-10-100,False
T1554,590,পেশির নড়াচড়া,কারণ,শরীরের পেশির নড়াচড়ায় সাহায্য করে,10,9-10-biology_secondary-10-101,False
T1555,419,ডোপামিন তৈরির কোষগুলো,অবস্থান,মস্তিষ্কে,10,9-10-biology_secondary-10-101,False
T1556,419,ডোপামিন তৈরির কোষগুলো,কাজ,ডোপামিন তৈরি,10,9-10-biology_secondary-10-101,False
T1557,563,পারকিনসন রোগাক্রান্ত রোগীর মস্তিষ্কে,কারণ,ডোপামিন তৈরির কোষগুলো ধীরে ধীরে নষ্ট হয়ে যায়,10,9-10-biology_secondary-10-101,False
T1558,585,পেশি কোষগুলো,কারণ,পারকিনসন রোগাক্রান্ত রোগীর মস্তিষ্কে,10,9-10-biology_secondary-10-101,False
T1559,800,মাংসপেশি তার কোষগুলো,কারণ,মাংসপেশি তার কার্যকারিতা হারায়,10,9-10-biology_secondary-10-101,False
T1560,694,বয়স,কারণ,পারকিনসনের কারণে রোগীর মাংসপেশি আরও অকার্যকর হয়ে উঠে,10,9-10-biology_secondary-10-101,False
T1561,562,পারকিনসন রোগ,অবস্থান,ধীরে ধীরে প্রকটরূপে,10,9-10-biology_secondary-10-102,False
T1562,913,রোগী,অবস্থান,হালকা হাত বা পা কাঁপা,10,9-10-biology_secondary-10-102,False
T1563,324,চোখের পাতা,অবস্থান,কাঁপুনি,10,9-10-biology_secondary-10-102,False
T1564,216,কোষ্ঠ,অবস্থান,কাঠিন্য,10,9-10-biology_secondary-10-102,False
T1565,836,মুখ,অবস্থান,অনড় থাকা মাংসপেশিতে টান পড়া বা ব্যথা হওয়া,10,9-10-biology_secondary-10-102,False
T1566,815,মাদকাসন্তি,কারণ,স্বাভাবিক সামাজিক ও পারিবারিক সম্পর্কের ঘাটতি,10,9-10-biology_secondary-10-105,False
T1567,513,নিকোটিন,কাজ,স্নায়ু কোষগুলোকে উদ্দীপিত করা,10,9-10-biology_secondary-10-106,False
T1568,513,নিকোটিন,কাজ,দেহে নিকোটিনের চাহিদা বেড়ানো,10,9-10-biology_secondary-10-106,False
T1569,515,নিকোটিনের চাহিদা,কাজ,জর্দা ব্যবহার বা ধূমপানের নেশা পাওয়া,10,9-10-biology_secondary-10-106,False
T1570,514,নিকোটিনের গ্রহণ,কারণ,স্নায়ুকোষের কার্যকারিতা নষ্ট হতে থাকা,10,9-10-biology_secondary-10-106,False
T1571,514,নিকোটিনের গ্রহণ,লক্ষণ,"হাত, পা কিংবা মাথা অনৈচ্ছিকভাবে কাঁপতে থাকা",10,9-10-biology_secondary-10-106,False
T1572,514,নিকোটিনের গ্রহণ,লক্ষণ,সূক্ষ্ম কাজে ব্যর্থতাজনিত সমস্যা দেখা দেয়,10,9-10-biology_secondary-10-106,False
T1573,320,চিত্র-১ উদ্ভিদটির অগ্রভাগ,অবস্থান,এরূপ,10,9-10-biology_secondary-10-112,False
T1574,355,জীব,কারণ,তার জীবদ্দশায় নিজের প্রতিরূপ সৃষ্টির মাধ্যমে তার প্রজাতিকে বাঁচিয়ে রাখে,10,9-10-biology_secondary-10-116,False
T1575,369,জীবের প্রজনন,প্রকার,জীবদ্দশায় নিজের প্রতিরূপ সৃষ্টির মাধ্যমে তার প্রজাতিকে বাঁচিয়ে রাখে,10,9-10-biology_secondary-10-116,False
T1576,369,জীবের প্রজনন,লক্ষণ,ভিন্ন ভিন্ন হতে পারে,10,9-10-biology_secondary-10-116,False
T1577,326,ছত্রাক,কারণ,ধানগাছের অতিবৃদ্ধি,10,9-10-biology_secondary-10-12,False
T1578,352,জিবেরেলিন,অবস্থান,উদ্ভিদের পাকা বীজ,10,9-10-biology_secondary-10-12,False
T1579,352,জিবেরেলিন,অবস্থান,চারাগাছের বর্ধিয়ণ অঞ্চল,10,9-10-biology_secondary-10-12,False
T1580,352,জিবেরেলিন,অবস্থান,বীজপত্রের বর্ধিয়ণ অঞ্চল,10,9-10-biology_secondary-10-12,False
T1581,352,জিবেরেলিন,কারণ,উদ্ভিদের পর্বমধ্যগুলু দৈর্ঘ্যে বেড়ে যাওয়া,10,9-10-biology_secondary-10-12,False
T1582,352,জিবেরেলিন,কারণ,উদ্ভিদের কাণ্ডের অতিবৃদ্ধি,10,9-10-biology_secondary-10-12,False
T1583,1011,সাইটোকাইনিন,কাজ,কোষ বিভাজনকে উদ্দীপিত করা,10,9-10-biology_secondary-10-13,False
T1584,1011,সাইটোকাইনিন,কাজ,কোষবৃদ্ধি,10,9-10-biology_secondary-10-13,False
T1585,1011,সাইটোকাইনিন,কাজ,অঙ্গের বিকাশসাধন,10,9-10-biology_secondary-10-13,False
T1586,1011,সাইটোকাইনিন,কাজ,বীজ এবং অঙ্গের সুপ্তাবস্থা ভঙ্গকরণ,10,9-10-biology_secondary-10-13,False
T1587,1011,সাইটোকাইনিন,কাজ,বার্ধক্য বিলম্বিতকরণ,10,9-10-biology_secondary-10-13,False
T1588,111,ইথিলিন,কাজ,ফল পাকাতে সাহায্য,10,9-10-biology_secondary-10-14,False
T1589,111,ইথিলিন,কাজ,"ফল, ফুল, বীজ, পাতা এবং মূলে দেখা যায়",10,9-10-biology_secondary-10-14,False
T1590,111,ইথিলিন,কাজ,বীজ এবং মুকুলের সুপ্তাবস্থা ভঙ্গ,10,9-10-biology_secondary-10-14,False
T1591,111,ইথিলিন,কাজ,চারা গাছের কাণ্ডের বৃদ্ধি,10,9-10-biology_secondary-10-14,False
T1592,111,ইথিলিন,কাজ,চারা গাছকে লম্বা হতে সাহায্য,10,9-10-biology_secondary-10-14,False
T1593,111,ইথিলিন,কাজ,ফুল এবং ফল সৃষ্টির সূচনা,10,9-10-biology_secondary-10-14,False
T1594,111,ইথিলিন,কাজ,"পাতা, ফুল এবং ফলের ঝরে পড়া ত্বরাষ্বিত",10,9-10-biology_secondary-10-14,False
T1595,111,ইথিলিন,কাজ,কৃত্রিম উপায়ে ফল পাকাতে ব্যবহার,10,9-10-biology_secondary-10-14,False
T1596,8,অক্সিন,কাজ,মূল উৎপাদনে সাহায্য করা,10,9-10-biology_secondary-10-15,False
T1597,116,ইন্ডোল আ্যাসিটিক এসিড (4&&,কারণ,ক্যাম্বিয়ামের কার্যকারিতা বৃদ্ধি,10,9-10-biology_secondary-10-15,False
T1598,222,ক্যাম্বিয়াম,কাজ,ক্যালাস নামক কোষগুচ্ছের সৃষ্টি এবং ক্ষতস্থান পূরণ,10,9-10-biology_secondary-10-15,False
T1599,8,অক্সিন,কাজ,ফলের মোচন বিলম্বিত করা,10,9-10-biology_secondary-10-15,False
T1600,352,জিবেরেলিন,কাজ,বীজহীন ফল উৎপাদনে ব্যবহার,10,9-10-biology_secondary-10-15,False
T1601,8,অক্সিন,কারণ,অন্ধকারের দিকে বেশি বৃদ্ধি বেসামরিত,10,9-10-biology_secondary-10-16,False
T1602,8,অক্সিন,কারণ,আলোকিত অংশের বৃদ্ধি ব্যাহত হয়,10,9-10-biology_secondary-10-16,False
T1603,5,অক্ষরণগুলি,কারণ,কাণ্ড আলোর দিকে বেঁকে যায়,10,9-10-biology_secondary-10-16,False
T1604,784,ভ্রণমূল,অংশ,অভিকর্ষের উদ্দীপনা,10,9-10-biology_secondary-10-17,False
T1605,215,কোষের উপাদান,অবস্থান,নিচের দিকে,10,9-10-biology_secondary-10-17,False
T1606,564,পাশ্বীয় কোষের প্রাচীর,অবস্থান,চাপে,10,9-10-biology_secondary-10-17,False
T1607,140,উদ্ভিদের ফুল ধারণ ত্বরাস্বিত করার প্রক্রিয়া,লক্ষণ,ভার্নালাইজেশন,10,9-10-biology_secondary-10-21,True
T1608,139,উদ্ভিদের পুষ্প সৃষ্টি,কারণ,উষ্ণতা,10,9-10-biology_secondary-10-21,False
T1609,742,বীজ রোপণের পূর্বে,পরিমাণ,২৭ সেলসিয়াস থেকে ৫০ সেলসিয়াস উষ্ণতা,10,9-10-biology_secondary-10-21,False
T1610,132,উদ্ভিদ,কাজ,স্বাভাবিক পুষ্প প্রস্ফুটন ঘটান,10,9-10-biology_secondary-10-22,False
T1611,315,চলন,কারণ,কোনো না কোনো প্রভাবকের,10,9-10-biology_secondary-10-23,False
T1612,684,বক্চচলন,কারণ,"কাণ্ডের স্ব আলোকমুখী চলন, মূলের অন্ধকারমুখী চলন, আকষ্ষী অবলম্বন",10,9-10-biology_secondary-10-25,False
T1613,684,বক্চচলন,প্রকার,"কাণ্ডের স্ব আলোকমুখী চলন, মূলের অন্ধকারমুখী চলন, আকষ্ষী অবলম্বন",10,9-10-biology_secondary-10-25,False
T1614,1024,সামগ্রিক চলন,প্রকার,নানা,10,9-10-biology_secondary-10-25,False
T1615,685,বক্রচলন,প্রকার,নানা,10,9-10-biology_secondary-10-25,False
T1616,645,ফটোট্রপিক চলন,কাজ,উদ্ভিদের আলোর প্রতি সাড়া প্রদান,10,9-10-biology_secondary-10-26,False
T1617,182,কাণ্ড,কাজ,আলোর দিকে চলন,10,9-10-biology_secondary-10-26,False
T1618,957,শাখা-প্রশাখা,কাজ,আলোর দিকে চলন,10,9-10-biology_secondary-10-26,False
T1619,842,মূল,কাজ,আলোর বিপরীত দিকে চলন,10,9-10-biology_secondary-10-26,False
T1620,183,কাণ্ডের চলন,কারণ,পজিটিভ ফটোট্রপিজম,10,9-10-biology_secondary-10-26,False
T1621,844,মূলের চলন,কারণ,নেগেটিভ ফটোট্রপিজম,10,9-10-biology_secondary-10-26,False
T1622,1094,হরমোন,কাজ,শারীরবৃত্তীয় কাজ বা পদ্ধতি নিয়ন্ত্রণ,10,9-10-biology_secondary-10-29,False
T1623,1094,হরমোন,কারণ,"উত্তেজক বা নিস্তেজক হিসেবে দেহের পরিস্ফুটন, বৃদ্ধি এবং বিভিন্ন টিস্যুর কার্য নিয়ন্ত্রণ",10,9-10-biology_secondary-10-29,False
T1624,1094,হরমোন,কারণ,"ব্যক্তির আচরণ, স্বভাব এবং আবেগপ্রবণতার উপর প্রভাব",10,9-10-biology_secondary-10-29,False
T1625,1005,সমন্বয়,কাজ,দূরবর্তী কোষ বা অঙ্গকে উদ্দীপিত করা,10,9-10-biology_secondary-10-30,False
T1626,672,ফেরোমন,কারণ,পিঁপড়াগুলো খাদ্য উৎসে যায় এবং খাদ্য সংগ্রহ করে বাসায় ফিরে আসে,10,9-10-biology_secondary-10-31,False
T1627,672,ফেরোমন,কারণ,পিঁপড়াদের এক সারিতে চলাচল করতে দেখা যায়,10,9-10-biology_secondary-10-31,False
T1628,672,ফেরোমন,কারণ,পতঙ্গ ফেরোমন দিয়ে তার স্প্রজাতির সঙ্গীকে খুঁজে পেতে পারে,10,9-10-biology_secondary-10-31,False
T1629,672,ফেরোমন,পরিমাণ,বাতাসে নিঃসৃত করলে 2-4 কিলোমিটার দূর থেকে তার সঙ্গীরা আকৃষ্ট হয়,10,9-10-biology_secondary-10-31,False
T1630,1080,স্নায়ুতল্ত,কাজ,"দেহের কাজ পরিচালনা, নিয়ন্ত্রণ এবং সমন্বয়",10,9-10-biology_secondary-10-33,False
T1631,1095,হরমোনতন্দ্র,কাজ,"দেহের কাজ পরিচালনা, নিয়ন্ত্রণ এবং সমন্বয়",10,9-10-biology_secondary-10-33,False
T1632,423,তন্ত্র,কাজ,"প্রাণী উত্তেজনায় সাড়া দিয়ে প্রাকৃতিক পরিবেশের সাথে সম্পর্ক রক্ষা, দেহের বিভিন্ন অঙ্গের মধ্যে সংযোগ রাখে, দেহের বিভিন্ন অঙ্গের কাজে শৃঙ্খলা আনে, শারীরবৃত্তীয় কাজ নিয়ন্ত্রণ করে, কোষের কাজের সমন্বয় সাধন",10,9-10-biology_secondary-10-33,False
T1633,1079,স্নায়ুতন্ত্র,কারণ,দেহের বিভিন্ন অঙ্গের কাজের সমন্বয় সাধনের জন্য স্নায়ুতন্ত্র অত্যন্ত গুরুত্বপূর্ণ ভূমিকা পালন করে,10,9-10-biology_secondary-10-33,False
T1634,869,য্নায়ূতন্ত্র,কাজ,দেহের বিভিন্ন অঙ্গ এবং তন্ত্রের মধ্যে সমন্বয় করে এবং দেহের বিভিন্ন অংশে উদ্দীপনা বহন করে এবং দেহের উদ্দীপনায় সাড়া দিয়ে পরিবেশের সাথে সম্পর্ক রক্ষা করে,10,9-10-biology_secondary-10-35,False
T1635,797,মস্তিষ্ক,অবস্থান,করোটিকার মধ্যে,10,9-10-biology_secondary-10-36,False
T1636,797,মস্তিষ্ক,অবস্থান,সুষুম্নাকাণ্ডের শীর্ষে কেন্দ্রীয় স্নায়ুতন্ত্রের যে স্ফীত অংশ করোটিকার মধ্যে,10,9-10-biology_secondary-10-37,False
T1637,797,মস্তিষ্ক,কাজ,য্নায়ুতন্দ্রের পরিচালক,10,9-10-biology_secondary-10-37,False
T1638,797,মস্তিষ্ক,অংশ,অগ্রমস্তিষ্ক,10,9-10-biology_secondary-10-37,False
T1639,797,মস্তিষ্ক,অংশ,মধ্যমস্তিষ্ক,10,9-10-biology_secondary-10-37,False
T1640,797,মস্তিষ্ক,অংশ,পশ্চাৎমস্তিষ্ক,10,9-10-biology_secondary-10-37,False
T1641,1057,সেরিব্রাম,অংশ,অগ্রমস্তিষ্ক,10,9-10-biology_secondary-10-38,False
T1642,1057,সেরিব্রাম,অংশ,গুরুমস্তিষ্ক,10,9-10-biology_secondary-10-38,False
T1643,1057,সেরিব্রাম,অংশ,ডান অংশ,10,9-10-biology_secondary-10-38,False
T1644,1057,সেরিব্রাম,অংশ,বাম অংশ,10,9-10-biology_secondary-10-38,False
T1645,1057,সেরিব্রাম,অংশ,বিভেদক খাঁজ,10,9-10-biology_secondary-10-38,False
T1646,1059,সেরিব্রাল হেমিস্ফিয়ার,অংশ,ডান হেমিস্ফিয়ার,10,9-10-biology_secondary-10-38,False
T1647,1059,সেরিব্রাল হেমিস্ফিয়ার,অংশ,বাম হেমিস্ফিয়ার,10,9-10-biology_secondary-10-38,False
T1648,1059,সেরিব্রাল হেমিস্ফিয়ার,অবস্থান,মধ্যে খাঁজ,10,9-10-biology_secondary-10-38,False
T1649,1059,সেরিব্রাল হেমিস্ফিয়ার,অবস্থান,একগুচ্ছ নিউরন দিয়ে সংযুক্ত,10,9-10-biology_secondary-10-38,False
T1650,4,অংশ,অবস্থান,মস্তিস্কের উপরিভাগ,10,9-10-biology_secondary-10-39,False
T1651,4,অংশ,কারণ,মেনেজেস নামক পর্দা দিয়ে গঠিত,10,9-10-biology_secondary-10-39,False
T1652,4,অংশ,লক্ষণ,ধূসর রং,10,9-10-biology_secondary-10-39,False
T1653,1057,সেরিব্রাম,অবস্থান,সেরিব্রাল কট্টেক্সের গভীর স্তরে,10,9-10-biology_secondary-10-39,False
T1654,1057,সেরিব্রাম,কারণ,সাদা রঙের মায়েলিন আবরণে আবৃত নিউরনের আ্যাক্সন দিয়ে গঠিত,10,9-10-biology_secondary-10-39,False
T1655,1058,সেরিব্রাল কট্টেক্স,অবস্থান,সাদা রঙের স্তর,10,9-10-biology_secondary-10-39,False
T1656,135,উদ্ভিদের কোষ,কাজ,বিভিন্ন শারীরবৃত্তীয় কার্যকূম একযোগে এবং প্রতিনিয়ত চলতে,10,9-10-biology_secondary-10-4,False
T1657,792,মধ্যমস্তিষ্ক,কাজ,অগ্র ও পশ্চাৎ মস্তিষকে সংযুক্ত করা,10,9-10-biology_secondary-10-41,False
T1658,792,মধ্যমস্তিষ্ক,কাজ,বিভিন্ন পেশির কাজের সমন্বয়সাধন,10,9-10-biology_secondary-10-41,False
T1659,792,মধ্যমস্তিষ্ক,কাজ,ভারসাম্য রক্ষা,10,9-10-biology_secondary-10-41,False
T1660,792,মধ্যমস্তিষ্ক,কাজ,দর্শন ও শ্রবণের ক্ষেত্রে গুরুত্বপূর্ণ ভূমিকা,10,9-10-biology_secondary-10-41,False
T1661,1056,সেরিবেলাম,অবস্থান,পনসের পৃষ্ঠভাগে,10,9-10-biology_secondary-10-43,False
T1662,1056,সেরিবেলাম,অংশ,ডান এবং বাম দুই অংশে,10,9-10-biology_secondary-10-43,False
T1663,1056,সেরিবেলাম,লক্ষণ,বাইরের দিকে ধূসর পদার্থের আবরণ এবং ভিতরের দিকে শ্বেত পদার্থ,10,9-10-biology_secondary-10-43,False
T1664,1056,সেরিবেলাম,কাজ,"পেশির টান নিয়ন্ত্রণ, চলনে সমন্বয় সাধন, দেহের ভারসাম্য রক্ষা, দৌড়ানো এবং লাফানোর কাজে জড়িত পেশিগুলোর কার্যাবলি নিয়ন্ত্রণ",10,9-10-biology_secondary-10-43,False
T1665,849,মেডুলা অবলংগাটা,অবস্থান,মধ্যমস্তিষ্কের মাঝখানে,10,9-10-biology_secondary-10-44,False
T1666,849,মেডুলা অবলংগাটা,অংশ,মস্তিষ্কের সবচেয়ে পিছনের অংশ,10,9-10-biology_secondary-10-44,False
T1667,849,মেডুলা অবলংগাটা,অংশ,সেরিবেলাম ও মেডুলা অবলংগাটার মধ্যে সংযোগ স্থাপন,10,9-10-biology_secondary-10-44,False
T1668,849,মেডুলা অবলংগাটা,অংশ,পনস,10,9-10-biology_secondary-10-44,False
T1669,169,করোটিক ম্নায়ু,অবস্থান,মধ্যে মেডুলা অবলংগাটা,10,9-10-biology_secondary-10-45,False
T1670,169,করোটিক ম্নায়ু,কাজ,খাদ্য গলাধঃকরণ,10,9-10-biology_secondary-10-45,False
T1671,169,করোটিক ম্নায়ু,কাজ,হৃৎপিণ্ড,10,9-10-biology_secondary-10-45,False
T1672,169,করোটিক ম্নায়ু,কাজ,ফুসফুস,10,9-10-biology_secondary-10-45,False
T1673,169,করোটিক ম্নায়ু,কাজ,গলবিল,10,9-10-biology_secondary-10-45,False
T1674,169,করোটিক ম্নায়ু,কাজ,শ্রবণ,10,9-10-biology_secondary-10-45,False
T1675,169,করোটিক ম্নায়ু,কাজ,ভারসাম্য,10,9-10-biology_secondary-10-45,False
T1676,1077,স্নায়ুগুলো,কারণ,সংবেদী বা মোটর বা মিশ্র প্রকৃতির,10,9-10-biology_secondary-10-46,False
T1677,857,মেরুরজ্জু,অবস্থান,করোটির পেছনে ফোরামেন ম্যাগনাম নামক ছিদ্র থেকে কটিদেশের কশেরুকার পর্যন্ত,10,9-10-biology_secondary-10-46,False
T1678,857,মেরুরজ্জু,অবস্থান,মেরুদণ্ডের কশেরুকার ভেতরে,10,9-10-biology_secondary-10-46,False
T1679,984,শ্বেত পদার্থ,অবস্থান,বাইরে,10,9-10-biology_secondary-10-47,False
T1680,485,ধূসর পদার্থ,অবস্থান,ভিতরে,10,9-10-biology_secondary-10-47,False
T1681,857,মেরুরজ্জু,অবস্থান,মস্তিষ্কের ঠিক উল্টো,10,9-10-biology_secondary-10-47,False
T1682,857,মেরুরজ্জু,কাজ,সমধ্বয়,10,9-10-biology_secondary-10-47,False
T1683,857,মেরুরজ্জু,অংশ,২১৫ থেকে 31 জোড়া মেরুরজ্জীয় য্নায়ু,10,9-10-biology_secondary-10-47,False
T1684,1078,স্নায়ুটিস্যু,কাজ,সব ধরনের সংবেদন ও উদ্দীপনা গ্রহণ এবং তা পরিবহণ,10,9-10-biology_secondary-10-48,False
T1685,1078,স্নায়ুটিস্যু,অংশ,বহুসংখ্যক স্নায়ুকোষ বা নিউরন,10,9-10-biology_secondary-10-48,False
T1686,211,কোষদেহ,অংশ,"গোলাকার, তারকাকার, অথবা ডিম্বাকার",10,9-10-biology_secondary-10-49,False
T1687,416,ডেনড্রন,কারণ,কোষদেহের চারদিকে প্রলম্বিত ক্ষুদ্র অংশক,10,9-10-biology_secondary-10-50,False
T1688,416,ডেনড্রন,অংশ,ডেনড্রাইট,10,9-10-biology_secondary-10-50,False
T1689,417,ডেনড্রাইট,কাজ,অন্য নিউরন থেকে য়ায়ু তাড়না গ্রহণ,10,9-10-biology_secondary-10-50,False
T1690,511,নিউরনের আযাক্সনের টারমিনাল,অবস্থান,ফাঁকা সংযোগস্থল,10,9-10-biology_secondary-10-53,False
T1691,654,ফাঁকা সংযোগস্থল,কারণ,সিন্যাপস,10,9-10-biology_secondary-10-53,False
T1692,512,নিউরনের সম্ধিস্থল,অবস্থান,দুটি নিউরনের মধ্যে,10,9-10-biology_secondary-10-53,False
T1693,1034,সিন্যাপস,অবস্থান,নিউরোহিউমার নামক তরল পদার্থে,10,9-10-biology_secondary-10-54,False
T1694,510,নিউরন,কাজ,উদ্দীপনা বহন করা,10,9-10-biology_secondary-10-55,False
T1695,32,অনুভূতিবাহী বা সংবেদী নিউরন গ্রাহক অঙ্গ,কারণ,উদ্দীপনা প্রেরণ করার,10,9-10-biology_secondary-10-55,True
T1696,194,কেন্দ্রীয় স্নায়ূতন্ত্র,কারণ,উদ্দীপনা প্রেরণ করার,10,9-10-biology_secondary-10-55,False
T1697,859,মোটর বা আজ্ঞাবাহী নিউরন,কারণ,উদ্দীপনা প্রেরণ করার,10,9-10-biology_secondary-10-55,False
T1698,83,আলো,কারণ,চোখের তারা ছোট হয়ে যায়,10,9-10-biology_secondary-10-56,False
T1699,86,আলোর উদ্দীপনাজনিত তাড়না,অবস্থান,রেটিনা থেকে মস্তিকে,10,9-10-biology_secondary-10-56,False
T1700,86,আলোর উদ্দীপনাজনিত তাড়না,কাজ,আইরিশের বৃত্তাকার বা গোলাকার পেশি সংকুচিত হয়,10,9-10-biology_secondary-10-56,False
T1701,67,আঙ্গুলের ত্বক,অবস্থান,ত্বক,10,9-10-biology_secondary-10-58,False
T1702,442,ত্বক,কাজ,সংবেদী নিউরনের ব্যথার উদ্দীপনা গ্রহণ,10,9-10-biology_secondary-10-58,False
T1703,131,উদ্দীপনা,অবস্থান,সংবেদী নিউরনের আযাক্সনের মাধ্যমে,10,9-10-biology_secondary-10-58,False
T1704,78,আযাক্সন,অবস্থান,স্নায়ুকাণ্ডের ধূসর অংশে,10,9-10-biology_secondary-10-58,False
T1705,993,সংবেদী নিউরনের আ্যাক্সন,কারণ,তড়িৎ রাসায়নিক পদ্ধতিতে উদ্দীপনা উত্পাদন,10,9-10-biology_secondary-10-59,False
T1706,131,উদ্দীপনা,অবস্থান,মধ্যবরতী বা রিলে নিউরনের মাধ্যমে মোটর বা আজ্ঞাবাহী স্নায়ু কোষের ডেনড্রাইটে প্রবেশ করে,10,9-10-biology_secondary-10-59,False
T1707,131,উদ্দীপনা,অবস্থান,আতজ্ঞাবাহী স্নায়ুর আ্যাক্সনের মাধ্যমে পেশিতে প্রবেশ করে,10,9-10-biology_secondary-10-59,False
T1708,635,প্রান্তীয় স্নায়ুতন্ত্র,অংশ,মস্তিষ্ক থেকে 12 জোড়া এবং মেরুরজ্জু বা সুষুন্নাকাণ্ড থেকে 31 জোড়া স্নায়ু,10,9-10-biology_secondary-10-61,False
T1709,170,করোটিক স্নায়ু,কাজ,"চোখ, নাক, কান, জিহ্বা, দাঁত, মুখমণ্ডল, হৃৎপিণ্ড, পাকস্থলী প্রভৃতি অঙ্গের কাজ নিয়ন্ত্রণ",10,9-10-biology_secondary-10-61,False
T1710,868,য্নায়ুগুলো,কাজ,অঙ্গ-প্রত্যঙ চালনা এবং দেহের বাকি অংশ থেকে যাবতীয় অনুভূতি মস্তিষ্কে বয়ে নিয়ে যাওয়া,10,9-10-biology_secondary-10-61,False
T1711,131,উদ্দীপনা,পরিমাণ,প্রায় 100 মিটার,10,9-10-biology_secondary-10-65,False
T1712,860,ম্নায়ু তাড়না,কারণ,পরিবেশ থেকে সংকেত পৌঁছানো,10,9-10-biology_secondary-10-65,False
T1713,510,নিউরন,কাজ,মস্তিষ্কে উদ্দীপনা বা তাড়না শেষ পর্যন্ত পৌঁছানো,10,9-10-biology_secondary-10-65,False
T1714,797,মস্তিষ্ক,কাজ,উদ্দীপনার ফলে অঙ্গগুলোতে সঞ্চালন করানো,10,9-10-biology_secondary-10-65,False
T1715,584,পেশি,কারণ,মাংসপেশিতে সঞ্চালিত হওয়া,10,9-10-biology_secondary-10-65,False
T1716,14,অঙ্গ,কারণ,মাংসপেশিতে সঞ্চালিত হওয়া,10,9-10-biology_secondary-10-65,False
T1717,130,উত্তেজিত য়ায়ু,কারণ,অনুভূতিবাহী য়ায়ু উত্তেজিত হওয়া,10,9-10-biology_secondary-10-65,False
T1718,33,অনুভূতিবাহী য়ায়ু,কাজ,মস্তিষ্কের দিকে অগ্রসর হওয়া,10,9-10-biology_secondary-10-65,False
T1719,962,শিক্ষকের কথা,অবস্থান,শব্দ তরঙ্গ,10,9-10-biology_secondary-10-68,False
T1720,951,শব্দ তরঙ্গ,অবস্থান,ছাত্রের কানের পর্দা,10,9-10-biology_secondary-10-68,False
T1721,328,ছাত্রের পেশি,কাজ,সাড়া অঙ্গ,10,9-10-biology_secondary-10-68,False
T1722,328,ছাত্রের পেশি,কাজ,সাড়া দিয়ে হাতের পেশি লিখতে,10,9-10-biology_secondary-10-68,False
T1723,1094,হরমোন,কাজ,কোষে উৎপন্ন হয় এবং উৎপত্তিস্থল থেকে বাহিত হয়ে দূরবতী স্থানের কোষ বা কোষপুঞ্জের কার্যাবলি নিয়ন্ত্রণ,10,9-10-biology_secondary-10-7,False
T1724,1094,হরমোন,প্রকার,রাসায়নিক উপাদান,10,9-10-biology_secondary-10-7,False
T1725,656,ফাইটোহরমোন,কারণ,উদ্ভিদ হরমোনকে ফাইটোহরমোন বলা হয়,10,9-10-biology_secondary-10-7,False
T1726,821,মানবদেহের কয়েকটি মুখ্য নালিবিহীন গ্রন্থি,কাজ,নিঃসৃত হরমোন,10,9-10-biology_secondary-10-70,False
T1727,565,পিটুইটারি গ্রন্থি,অবস্থান,হাইপোফাইসিস মস্তিষ্কের নিচের অংশে,10,9-10-biology_secondary-10-71,False
T1728,565,পিটুইটারি গ্রন্থি,কাজ,মানবদেহের প্রধান হরমোন উৎপাদনকারী গ্রন্থি,10,9-10-biology_secondary-10-71,False
T1729,565,পিটুইটারি গ্রন্থি,কারণ,হরমোন সংখ্যায় বেশি এবং অন্যান্য গ্রন্থির উপর প্রভাব বেশি,10,9-10-biology_secondary-10-71,False
T1730,565,পিটুইটারি গ্রন্থি,অংশ,"গোনাডোট্রপিক, সোমাটোট্রপিক, থাইরয়েড উদ্দীপক হরমোন, এডরেনোকর্টিকোট্রপিক ইত্যাদি হরমোন নিঃসৃত হয়",10,9-10-biology_secondary-10-71,False
T1731,447,থাইরয়েড গ্রন্থি,অবস্থান,গলায় ট্রাকিয়ার উপরের অংশে,10,9-10-biology_secondary-10-72,False
T1732,447,থাইরয়েড গ্রন্থি,কাজ,থাইরক্সিন নিঃসরণ,10,9-10-biology_secondary-10-72,False
T1733,446,থাইরক্সিন,কাজ,"মানবদেহে স্বাভাবিক বৃদ্ধি, বিপাকীয় কাজ নিয়ন্ত্রণ",10,9-10-biology_secondary-10-72,False
T1734,447,থাইরয়েড গ্রন্থি,কারণ,ক্যালসিটোনিন নিঃসরণ,10,9-10-biology_secondary-10-72,False
T1735,226,ক্যালসিটোনিন,কাজ,ক্যালসিয়াম বিপাকের সাথে জড়িত,10,9-10-biology_secondary-10-72,False
T1736,598,প্যারাথাইরয়েড গ্রন্থি,অবস্থান,থাইরয়েড গ্রন্থির পিছনে,10,9-10-biology_secondary-10-73,False
T1737,598,প্যারাথাইরয়েড গ্রন্থি,কাজ,ক্যালসিয়াম এবং ফসফরাসের বিপাক নিয়ন্ত্রণ,10,9-10-biology_secondary-10-73,False
T1738,444,থাইমাস গ্রন্থি,অবস্থান,গ্রীবা অঞ্চল,10,9-10-biology_secondary-10-74,False
T1739,444,থাইমাস গ্রন্থি,কাজ,দেহের রোগ প্রতিরোধ ক্ষমতা বিকাশে সাহায্য,10,9-10-biology_secondary-10-74,False
T1740,444,থাইমাস গ্রন্থি,কারণ,শিশুকালে বিকশিত থাকে পরে বয়োবৃদ্ধির সাথে সাথে ছোট হয়ে যায়,10,9-10-biology_secondary-10-74,False
T1741,444,থাইমাস গ্রন্থি,কারণ,থেকে থাইমোসিন নিঃসরণ হয়,10,9-10-biology_secondary-10-74,False
T1742,445,থাইমোসিন,পরিমাণ,০.১%,10,9-10-biology_secondary-10-74,False
T1743,103,আ্যা�ডরেনাল গ্রন্থি,অবস্থান,কিডনির ওপরে,10,9-10-biology_secondary-10-75,False
T1744,92,আ্যাডরেনাল গ্রন্থি,কাজ,দেহের অত্যাবশ্যকীয় বিপাকীয় কার্যকলাপ নিয়ন্ত্রণ,10,9-10-biology_secondary-10-75,False
T1745,92,আ্যাডরেনাল গ্রন্থি,কারণ,মূলত কঠিন মানসিক ও শারীরিক চাপ থেকে পরিত্রাণ,10,9-10-biology_secondary-10-75,False
T1746,93,আ্যাডরেনালিন,প্রতিরোধ,৪01০1181110,10,9-10-biology_secondary-10-75,False
T1747,203,কোষ,কাজ,ইনসুলিন ও গলুকাগন নিঃসরণ,10,9-10-biology_secondary-10-76,False
T1748,854,মেয়েদের ডিম্বাশয়,অবস্থান,জনন অঙ্গ,10,9-10-biology_secondary-10-77,False
T1749,333,ছেলেদের শুক্লাশয়,অবস্থান,জনন অঙ্গ,10,9-10-biology_secondary-10-77,False
T1750,337,জনন অঙ্গ,কাজ,লক্ষণগুলো বিকশিত করা,10,9-10-biology_secondary-10-77,False
T1751,337,জনন অঙ্গ,কাজ,জননচক্র নিয়ন্ত্রণ,10,9-10-biology_secondary-10-77,False
T1752,337,জনন অঙ্গ,কাজ,যৌন আচরণ নিয়ন্ত্রণ,10,9-10-biology_secondary-10-77,False
T1753,337,জনন অঙ্গ,কারণ,পরিণত বয়সের পুরুষ-দেহে টেস্টোস্টেরন হরমোন উৎপন্ন হওয়া,10,9-10-biology_secondary-10-77,False
T1754,337,জনন অঙ্গ,কারণ,পরিণত বয়সের স্ত্রী-দেহে ইস্ট্রোজেন হরমোন উৎপন্ন হওয়া,10,9-10-biology_secondary-10-77,False
T1755,629,প্রাণরস,পরিমাণ,১০.৫,10,9-10-biology_secondary-10-77,False
T1756,448,থাইরয়েড হরমোনের ঘাটতি,কারণ,শিশুদের মানসিক বিকাশ বাধা,10,9-10-biology_secondary-10-79,False
T1757,448,থাইরয়েড হরমোনের ঘাটতি,লক্ষণ,গায়ের চামড়া খসখসে হয়,10,9-10-biology_secondary-10-79,False
T1758,448,থাইরয়েড হরমোনের ঘাটতি,লক্ষণ,মুখমণ্ডল গোলাকার,10,9-10-biology_secondary-10-79,False
T1759,448,থাইরয়েড হরমোনের ঘাটতি,লক্ষণ,চেহারায় স্বাভাবিক শিশুদের থেকে বৈসাদৃশ্য থাকে,10,9-10-biology_secondary-10-79,False
T1760,77,আয়োডিনের অভাব,কারণ,খাদ্যে আয়োডিনযুক্ত লবণ ব্যবহার,10,9-10-biology_secondary-10-79,False
T1761,77,আয়োডিনের অভাব,কারণ,শিশুদের বৃদ্ধির বিকাশ কমে যায়,10,9-10-biology_secondary-10-79,False
T1762,545,পসটুলেটেড হরমোন,প্রকার,20500198090 17011101165,10,9-10-biology_secondary-10-8,False
T1763,545,পসটুলেটেড হরমোন,কাজ,উদ্ভিদের ফুল ও জনন সংশ্লিষ্ট অঙ্গের বিকাশে সাহায্য,10,9-10-biology_secondary-10-8,False
T1764,681,ফ্লোরিজেন,প্রকার,৮1011561,10,9-10-biology_secondary-10-8,False
T1765,772,ভার্নালিন,প্রকার,ঘ91081110,10,9-10-biology_secondary-10-8,False
T1766,681,ফ্লোরিজেন,কাজ,পাতায় উৎপন্ন হয় এবং তা পত্রমূলে স্থানান্তরিত হয়ে পত্রমুকুলকে পুষ্পমুকুলে রূপান্তরিত করে,10,9-10-biology_secondary-10-8,False
T1767,681,ফ্লোরিজেন,কাজ,উদ্ভিদে ফুল ফোটাতে সাহায্য করে,10,9-10-biology_secondary-10-8,False
T1768,112,ইনসুলিন,কাজ,শর্করা পরিপাক বেড়ে যাওয়া এবং গ্লুকোজ নির্গত হওয়া,10,9-10-biology_secondary-10-81,False
T1769,408,ডায়াবেটিস,কারণ,ইনসুলিন নেই বা অপরিমিত,10,9-10-biology_secondary-10-81,False
T1770,386,টাইপ-2 ডায়াবেটিস,কারণ,আংশিকভাবে ইনসুলিন তৈরি হয়,10,9-10-biology_secondary-10-81,False
T1771,113,ইনসুলিনের ঘাটতি,কারণ,স্থায়ী ঘাটতি হয়ে যেতে পারে,10,9-10-biology_secondary-10-82,False
T1772,113,ইনসুলিনের ঘাটতি,কারণ,বিভিন্ন অসুখ বা চিকিৎসাপদ্ধতির অংশ হিসেবে সেই সব ওঁষধ বন্ধ রাখতে হতে পারে,10,9-10-biology_secondary-10-82,False
T1773,912,রোগ,কারণ,বংশগতি এবং পরিবেশের প্রভাবে হয়ে থাকে,10,9-10-biology_secondary-10-82,False
T1774,912,রোগ,লক্ষণ,সাধারণত বংশগতি এবং পরিবেশের প্রভাবে হয়ে থাকে,10,9-10-biology_secondary-10-82,False
T1775,912,রোগ,লক্ষণ,ঘন-ঘন প্রস্রাব হওয়া,10,9-10-biology_secondary-10-83,False
T1776,912,রোগ,লক্ষণ,অধিক পিপাসা লাগা,10,9-10-biology_secondary-10-83,False
T1777,912,রোগ,লক্ষণ,ক্ষুধা বেড়ে যাওয়া,10,9-10-biology_secondary-10-83,False
T1778,912,রোগ,লক্ষণ,পর্যাপ্ত খাবার খাওয়া সত্ত্বেও দেহের ওজন কমতে থাকা,10,9-10-biology_secondary-10-83,False
T1779,912,রোগ,লক্ষণ,দুর্বল বোধ করা,10,9-10-biology_secondary-10-83,False
T1780,912,রোগ,লক্ষণ,চোখে কম দেখা,10,9-10-biology_secondary-10-83,False
T1781,912,রোগ,লক্ষণ,চামড়া খসখসে ও রুক্ষ হয়ে যাওয়া,10,9-10-biology_secondary-10-83,False
T1782,912,রোগ,লক্ষণ,ক্ষতস্থান সহজে না শুকানো,10,9-10-biology_secondary-10-83,False
T1783,912,রোগ,কারণ,বয়স্কদের বাস্তব লক্ষণ প্রকাশ না করার ধারণা,10,9-10-biology_secondary-10-84,False
T1784,912,রোগ,কারণ,ছোট-বড় সব বয়সে হতে পারার ধারণা,10,9-10-biology_secondary-10-84,False
T1785,912,রোগ,কারণ,"কায়িক পরিশ্রম করেন না, দিনের বেশির ভাগ সময় বসে কাজ করেন অথবা অলস জীবন যাপন করেন ব্যক্তিদের আশঙ্কা বেশি",10,9-10-biology_secondary-10-84,False
T1786,912,রোগ,কারণ,স্থূলকায় ব্যক্তিদের আশঙ্কা বেশি,10,9-10-biology_secondary-10-84,False
T1787,912,রোগ,কারণ,"বংশগতভাবে বাবা, মা, দাদা, দাদির রোগ থাকার আশঙ্কা বেশি",10,9-10-biology_secondary-10-84,False
T1788,912,রোগ,কারণ,ইনসুলিন উৎপাদন কম হওয়া শিশুর আশঙ্কা বেশি,10,9-10-biology_secondary-10-84,False
T1789,913,রোগী,অবস্থান,বেশি গ্লুকোজ বা কম গ্লুকোজ রক্তে,10,9-10-biology_secondary-10-88,False
T1790,1070,স্ট্রোক,অবস্থান,মস্তিষ্কে,10,9-10-biology_secondary-10-90,False
T1791,1070,স্ট্রোক,কারণ,উচ্চ রক্তচাপ,10,9-10-biology_secondary-10-90,False
T1792,1070,স্ট্রোক,কারণ,মস্তিষ্কের রক্তক্ষরণ,10,9-10-biology_secondary-10-90,False
T1793,443,ত্যাগের সুব্যবস্থা,কাজ,করা,10,9-10-biology_secondary-10-93,False
T1794,542,পরিষ্কার-পরিচ্ছন্ন,কাজ,রাখা,10,9-10-biology_secondary-10-93,False
T1795,528,পথ্যের ব্যবস্থা,কাজ,নিশ্চিত করা,10,9-10-biology_secondary-10-93,False
T1796,484,ধূমপান,প্রতিরোধ,পরিহার করা,10,9-10-biology_secondary-10-94,False
T1797,128,উচ্চ রক্তচাপের ব্যক্তি,প্রতিরোধ,উচ্চ রক্তচাপ নিয়ন্ত্রণে রাখা,10,9-10-biology_secondary-10-94,False
T1798,409,ডায়াবেটিসের ব্যক্তি,প্রতিরোধ,নিয়মিত ওঁষধ সেবন করা,10,9-10-biology_secondary-10-94,False
T1799,465,দুশ্চিন্তামুন্ত,প্রতিরোধ,সুন্দর এবং স্বাভাবিক জীবন যাপন করা,10,9-10-biology_secondary-10-94,False
T1800,599,প্যারালাইসিস,কারণ,মস্তিষ্কের কোনো অংশের ক্ষতি,10,9-10-biology_secondary-10-95,False
T1801,599,প্যারালাইসিস,কাজ,সংবেদন গ্রহণকারী পেশিগুলো কার্যকারিতা হারিয়ে ফেলে,10,9-10-biology_secondary-10-95,False
T1802,599,প্যারালাইসিস,লক্ষণ,শরীরের একপাশে কোনো অঙ্গ অথবা উভয় পাশের অঙ্গের কার্যকারিতা নষ্ট হয়,10,9-10-biology_secondary-10-95,False
T1803,599,প্যারালাইসিস,কারণ,স্ট্রোক,10,9-10-biology_secondary-10-96,False
T1804,599,প্যারালাইসিস,কারণ,মেরুদণ্ডের বা ঘাড়ের সুষুম্নাকাণ্ড আঘাত,10,9-10-biology_secondary-10-96,False
T1805,599,প্যারালাইসিস,কারণ,দুর্ঘটনাজনিত কারণ,10,9-10-biology_secondary-10-96,False
T1806,599,প্যারালাইসিস,কারণ,য্নায়ু রোগ,10,9-10-biology_secondary-10-96,False
T1807,599,প্যারালাইসিস,কারণ,সুযুনম্নাকাণ্ডের কিংবা কশেরুকার ক্ষয় রোগ,10,9-10-biology_secondary-10-96,False
T1808,157,এপিলেপসি,কারণ,ইত্যাদি,10,9-10-biology_secondary-10-99,False
T1809,157,এপিলেপসি,অবস্থান,যেকোনো বয়সে,10,9-10-biology_secondary-10-99,False
T1810,576,পুষ্পাক্ষ,অবস্থান,ফুলের বৃন্তশীর্ষে,11,9-10-biology_secondary-11-10,False
T1811,576,পুষ্পাক্ষ,প্রকার,গোলাকার,11,9-10-biology_secondary-11-10,False
T1812,748,বৃতি,প্রকার,হোম: ফুলের বাইরের স্তবক,11,9-10-biology_secondary-11-11,False
T1813,748,বৃতি,কাজ,"ফুলের ভেতরের অংশগুলোকে রোদ, বৃষ্টি এবং পোকার আক্রুমণ থেকে রক্ষা",11,9-10-biology_secondary-11-11,False
T1814,748,বৃতি,কারণ,বৃত্যাংশ,11,9-10-biology_secondary-11-11,False
T1815,748,বৃতি,অবস্থান,ফুলের বাইরে,11,9-10-biology_secondary-11-11,False
T1816,1003,সবুজ বৃতি,কাজ,খাদ্য প্রস্তুত কাজে অংশ নেয়,11,9-10-biology_secondary-11-11,False
T1817,1003,সবুজ বৃতি,কারণ,"ফুলের ভেতরের অংশগুলোকে রোদ, বৃষ্টি এবং পোকার আক্রুমণ থেকে রক্ষা",11,9-10-biology_secondary-11-11,False
T1818,870,রং-বেরঙের বৃতি,কারণ,পরাগায়নের মাধ্যম হিসেবে কাজ করে,11,9-10-biology_secondary-11-11,False
T1819,870,রং-বেরঙের বৃতি,কারণ,"পোকামাকড়, পশু, পাখি ইত্যাদিকে আকর্ষণ করে",11,9-10-biology_secondary-11-11,False
T1820,559,পাপড়ি,অবস্থান,খণ্ডকে,11,9-10-biology_secondary-11-12,False
T1821,559,পাপড়ি,কারণ,রঙিন হয়,11,9-10-biology_secondary-11-12,False
T1822,664,ফুলের অংশ,কারণ,"রোদ, বৃষ্টি থেকে রক্ষা করার জন্য",11,9-10-biology_secondary-11-13,False
T1823,664,ফুলের অংশ,লক্ষণ,উজ্জ্বল ঝলমলে রঙের দলমণ্ডল,11,9-10-biology_secondary-11-13,False
T1824,664,ফুলের অংশ,কারণ,পোকামাকড় ও পশুপাখি আকর্ষণ করার জন্য,11,9-10-biology_secondary-11-13,False
T1825,664,ফুলের অংশ,কারণ,পরাগায়নে সহায়তা করার জন্য,11,9-10-biology_secondary-11-13,False
T1826,665,ফুলের পাপড়ি,কারণ,মধু খেতে সাহায্য করার জন্য,11,9-10-biology_secondary-11-13,False
T1827,1074,স্ত্রীসতবক,অবস্থান,ফুলটির কেন্দ্রে,11,9-10-biology_secondary-11-16,False
T1828,1074,স্ত্রীসতবক,কাজ,গর্ভপত্র নিয়ে গঠিত হতে পারে,11,9-10-biology_secondary-11-16,False
T1829,1074,স্ত্রীসতবক,প্রকার,"গর্ভাশয়, গর্ভদণ্ড, গর্ভমুণ্ড",11,9-10-biology_secondary-11-16,False
T1830,285,গর্ভপত্র,প্রকার,"গর্ভাশয়, গর্ভদণ্ড, গর্ভমুণ্ড",11,9-10-biology_secondary-11-16,False
T1831,285,গর্ভপত্র,কারণ,গর্ভপত্রের তিনটি অংশ,11,9-10-biology_secondary-11-16,False
T1832,286,গর্ভপত্রী,প্রকার,"যুক্তগর্ভপত্রী, বিযুক্তগর্ভপত্রী",11,9-10-biology_secondary-11-16,False
T1833,575,পুষ্পমঞ্জরি,অবস্থান,শাখায়,11,9-10-biology_secondary-11-19,False
T1834,575,পুষ্পমঞ্জরি,কাজ,ফুলসহ সাজানো,11,9-10-biology_secondary-11-19,False
T1835,787,মঞ্জরিদণ্ড,কাজ,ফুলসহ সাজানো,11,9-10-biology_secondary-11-19,False
T1836,31,অনিয়ত পুষ্পমঞ্জরি,অবস্থান,অসীম,11,9-10-biology_secondary-11-19,False
T1837,517,নিয়ত পুষ্পমঞ্জরি,অবস্থান,থেমে গেলে,11,9-10-biology_secondary-11-19,False
T1838,533,পরাগায়ন,কাজ,ফুল এবং বীজ উৎপাদন প্রক্রিয়ার পূর্বশর্ত,11,9-10-biology_secondary-11-20,False
T1839,533,পরাগায়ন,অবস্থান,ফুলের পরাগধানী থেকে পরাগরেণুর একই ফুলে অথবা একই জাতের অন্য ফুলের গর্ভমুণ্ডে,11,9-10-biology_secondary-11-20,False
T1840,1088,স্ব-পরাগায়ন,কাজ,পরাগরেণুর অপচয় কম হতে দেয়,11,9-10-biology_secondary-11-21,False
T1841,1088,স্ব-পরাগায়ন,কাজ,পরাগায়নের জন্য বাহকের উপর নির্ভর না হতে দেয়,11,9-10-biology_secondary-11-21,False
T1842,1088,স্ব-পরাগায়ন,কাজ,পরাগায়ন নিশ্চিত করতে দেয়,11,9-10-biology_secondary-11-21,False
T1843,529,পর-পরাগায়ন,কাজ,ফুলের মধ্যে পরাগ সংযোগ ঘটাতে,11,9-10-biology_secondary-11-22,False
T1844,741,বীজ,অবস্থান,জীবনীশক্তিসম্পন্ন,11,9-10-biology_secondary-11-23,False
T1845,741,বীজ,কাজ,নতুন চরিত্রের সৃষ্টি,11,9-10-biology_secondary-11-23,False
T1846,741,বীজ,কারণ,স্ব-পরাগায়ন ও পর-পরাগায়ন,11,9-10-biology_secondary-11-23,False
T1847,294,গাছ,অবস্থান,বৈচিত্র্যের সৃষ্টি,11,9-10-biology_secondary-11-23,False
T1848,533,পরাগায়ন,কারণ,বাহকনির্ভর প্রক্রিয়া,11,9-10-biology_secondary-11-23,False
T1849,533,পরাগায়ন,কারণ,ফুলের গঠনে কিছু পরিবর্তন,11,9-10-biology_secondary-11-24,False
T1850,533,পরাগায়ন,কাজ,অধিকাংশ ক্ষেত্রে কোনো মাধ্যমের দ্বারা হয়ে থাকে,11,9-10-biology_secondary-11-24,False
T1851,816,মাধ্যম,অংশ,"বায়ু, পানি, মাধ্যম",11,9-10-biology_secondary-11-24,False
T1852,531,পরাগরেণু,অবস্থান,বাহকের গায়ে,11,9-10-biology_secondary-11-24,False
T1853,530,পরাগ,অবস্থান,পরবর্তী ফুলের গর্ভমুণ্ডে,11,9-10-biology_secondary-11-24,False
T1854,713,বায়ুপরাগী ফুল,লক্ষণ,হালকা এবং মধুগ্রন্থিহীন,11,9-10-biology_secondary-11-26,False
T1855,713,বায়ুপরাগী ফুল,কাজ,বাতাসে ভেসে যেতে পারে,11,9-10-biology_secondary-11-26,False
T1856,713,বায়ুপরাগী ফুল,অংশ,গর্ভমুণ্ড আঠালো এবং শাখান্বিত,11,9-10-biology_secondary-11-26,False
T1857,713,বায়ুপরাগী ফুল,লক্ষণ,রেণু সহজেই সংগ্রহ করে নিতে পারে,11,9-10-biology_secondary-11-26,False
T1858,534,পরিণত পুংপুষ্প,কাজ,বৃন্ত চিত্র ১১.০৬: প্রাণীপরাগী ফুল থেকে খুলে পানিতে ভাসতে থাকে,11,9-10-biology_secondary-11-26,False
T1859,534,পরিণত পুংপুষ্প,লক্ষণ,স্ত্রী পুষ্পের কাছে,11,9-10-biology_secondary-11-26,False
T1860,662,ফুল,প্রকার,বড় ধরনের,11,9-10-biology_secondary-11-27,False
T1861,662,ফুল,অবস্থান,পুষধ্পমঞ্জরিতে সাজানো থাকে,11,9-10-biology_secondary-11-27,False
T1862,662,ফুল,লক্ষণ,রং আকর্ষণীয়,11,9-10-biology_secondary-11-27,False
T1863,662,ফুল,লক্ষণ,গন্ধ থাকতে পারে বা নাও থাকতে পারে,11,9-10-biology_secondary-11-27,False
T1864,531,পরাগরেণু,অবস্থান,মিয়োসিস বিভাজনের মাধ্যমে চারটি অপত্য পরাগ কোষ সৃষ্টি করে,11,9-10-biology_secondary-11-28,False
T1865,532,পরাগরেণুর নিউক্লিয়াস,কাজ,বিভাজিত হয়,11,9-10-biology_secondary-11-28,False
T1866,689,বড় কোষ,অংশ,নালিকোষ,11,9-10-biology_secondary-11-28,False
T1867,335,ছোট কোষ,অংশ,জেনারেটিভ কোষ,11,9-10-biology_secondary-11-28,False
T1868,374,জেনারেটিভ কোষ,অবস্থান,পরাগরেণুতে বা পরাগনালিতে,11,9-10-biology_secondary-11-29,False
T1869,374,জেনারেটিভ কোষ,কাজ,দুটি পুংজনন কোষ উৎপন্ন করা,11,9-10-biology_secondary-11-29,False
T1870,339,জননকোষ,প্রকার,পুং জননকোষ (শুক্রাণু) এবং স্ত্রী জননকোষ (ডিম্বাণু,11,9-10-biology_secondary-11-3,False
T1871,339,জননকোষ,অবস্থান,একই ফুলে বা একই দেহে,11,9-10-biology_secondary-11-3,False
T1872,132,উদ্ভিদ,কাজ,সহবাসী বা ভিন্নবাসী,11,9-10-biology_secondary-11-3,False
T1873,132,উদ্ভিদ,প্রকার,ভিন্নবাসী (0106005) বা সহবাসী (00010010085,11,9-10-biology_secondary-11-3,False
T1874,783,ভ্রণপোষক কলায়,অংশ,ডিম্বকরথ্ধের কাছাকাছি একটি কোষ আকারে সামান্য বড় হয়,11,9-10-biology_secondary-11-30,False
T1875,147,এ কোষ,কাজ,চারটি হ্যাপ্নয়েড কোষ সৃষ্টি করে,11,9-10-biology_secondary-11-30,False
T1876,149,এই নিউক্লিয়াস,কাজ,দুটি নিউক্লিয়াসে পরিণত হয়,11,9-10-biology_secondary-11-30,False
T1877,507,নিউক্লিয়াস ভ্রণথলি,অংশ,ডিপ্লয়েড,11,9-10-biology_secondary-11-32,False
T1878,463,দুই মেরু,কাজ,গর্ভযন্ম,11,9-10-biology_secondary-11-32,False
T1879,809,মাঝের কোষ,কারণ,বড়,11,9-10-biology_secondary-11-32,False
T1880,152,একটি করে নিউক্লিয়াস,অবস্থান,ভ্ণথলির কেন্দ্রস্থলে,11,9-10-biology_secondary-11-32,False
T1881,289,গর্ভযন্ম,কারণ,দুই মেরুর গর্ভযন্ম,11,9-10-biology_secondary-11-32,False
T1882,288,গর্ভযন্দ্রের বিপরীত দিকের কোষ,অংশ,প্রতিপাদ কোষ,11,9-10-biology_secondary-11-32,False
T1883,463,দুই মেরু,কারণ,গর্ভযন্ম,11,9-10-biology_secondary-11-32,False
T1884,531,পরাগরেণু,অবস্থান,গর্ভপত্রের গর্ভমুণ্ডে,11,9-10-biology_secondary-11-33,False
T1885,531,পরাগরেণু,কাজ,গর্ভদণ্ড ভেদ করে,11,9-10-biology_secondary-11-33,False
T1886,531,পরাগরেণু,কাজ,তরল পদার্থ শোষণ,11,9-10-biology_secondary-11-33,False
T1887,531,পরাগরেণু,কারণ,স্ফীত হয়ে উঠে,11,9-10-biology_secondary-11-33,False
T1888,1087,স্ফীত অগ্রভাগ,কাজ,ফেটে পুংজনন কোষ দুটি ভ্রণথলিতে মুক্ত হওয়া,11,9-10-biology_secondary-11-34,False
T1889,572,পুংজনন কোষ,কাজ,জাইগোট তৈরি করা,11,9-10-biology_secondary-11-34,False
T1890,572,পুংজনন কোষ,কাজ,ট্রিপ্নয়েড প্রায় একই সময়ে দুটি পুংজনন কোষের একটি ডিম্বাণু এবং অপরটি গৌণ নিউক্লিয়াসের সাথে মিলিত হওয়া,11,9-10-biology_secondary-11-34,False
T1891,648,ফল,অংশ,অঙ্গ গঠন করে,11,9-10-biology_secondary-11-38,False
T1892,648,ফল,প্রকার,প্রকৃত ফল,11,9-10-biology_secondary-11-39,False
T1893,648,ফল,প্রকার,অপ্রকৃত ফল,11,9-10-biology_secondary-11-39,False
T1894,648,ফল,প্রকার,সরল ফল,11,9-10-biology_secondary-11-39,False
T1895,648,ফল,প্রকার,গুচ্ছ ফল,11,9-10-biology_secondary-11-39,False
T1896,648,ফল,প্রকার,যৌগিক ফল,11,9-10-biology_secondary-11-39,False
T1897,606,প্রজনন,প্রকার,অযৌন প্রজনন,11,9-10-biology_secondary-11-39,False
T1898,606,প্রজনন,প্রকার,যৌন,11,9-10-biology_secondary-11-39,False
T1899,341,জাইগোট,কাজ,মাইটোটিক কোষ বিভাজনের মাধ্যমে বারবার বিভাজিত হয়ে একটি নতুন জীবদেহ সৃষ্টি করে,11,9-10-biology_secondary-11-4,False
T1900,50,অযৌন প্রজনন,প্রকার,নিম্নশ্রেণির প্রাণীতে অযৌন প্রজনন,11,9-10-biology_secondary-11-40,False
T1901,835,মুকুলোদগম,প্রকার,অযৌন প্রজনন,11,9-10-biology_secondary-11-40,False
T1902,734,বিভাজন,প্রকার,অযৌন প্রজনন,11,9-10-biology_secondary-11-40,False
T1903,246,খণ্ডায়ন,প্রকার,অযৌন প্রজনন,11,9-10-biology_secondary-11-40,False
T1904,867,যৌন প্রজনন,কাজ,প্রজনন ঘটায় ও সন্তান-সন্ততি উৎপন্ন করে,11,9-10-biology_secondary-11-40,False
T1905,464,দুইটি বিপরীত লিঙ্গের প্রাণী,কাজ,পুং ও স্ত্রীজনন কোষ বা গ্যামেট উৎপন্ন করে,11,9-10-biology_secondary-11-40,False
T1906,571,পুং ও স্ত্রীজনন কোষ বা গ্যামেট,প্রকার,যৌন প্রজনন,11,9-10-biology_secondary-11-40,True
T1907,521,নিষেক,কাজ,ডিম্বাণু এবং শুক্রাণুর মিলনকে নিষেক বলে,11,9-10-biology_secondary-11-41,False
T1908,415,ডিম্বাণু,কারণ,হ্যাপ্নয়েড,11,9-10-biology_secondary-11-41,False
T1909,972,শুক্রাণু,কারণ,হ্যাপ্নয়েড,11,9-10-biology_secondary-11-41,False
T1910,341,জাইগোট,কারণ,জাইগোট ডিপ্নয়েড,11,9-10-biology_secondary-11-41,False
T1911,341,জাইগোট,অংশ,দুই প্রস্থ ক্রোমোজোম,11,9-10-biology_secondary-11-41,False
T1912,701,বহিঃনিষেক,কাজ,পানিতে বাস করার সীমাবদ্ধ করা,11,9-10-biology_secondary-11-43,False
T1913,35,অন্তঃনিষেক,প্রকার,স্ত্রীদেহের জননাঙ্গে সংঘটিত নিষেক,11,9-10-biology_secondary-11-44,False
T1914,35,অন্তঃনিষেক,কাজ,শারীরিক মিলনের মাধ্যমে পুরুষ প্রাণী তার শুক্রাণু স্ত্রী জননাঙ্গে প্রবেশ করিয়ে এ ধরনের নিষেক ঘটায়,11,9-10-biology_secondary-11-44,False
T1915,35,অন্তঃনিষেক,অবস্থান,ডাঙায় বসবাসকারী অধিকাংশ প্রাণীর অন্যতম বৈশিষ্ট্য,11,9-10-biology_secondary-11-44,False
T1916,522,নিষেক ভ্ূণে,কাজ,ডিপ্লয়েড ক্রোমোজোম সংখ্যাকে পুনঃস্থাপিত করা,11,9-10-biology_secondary-11-45,False
T1917,522,নিষেক ভ্ূণে,কাজ,ডিম্বাণুকে পরিস্ফুটনের জন্য সক্রিয় করা,11,9-10-biology_secondary-11-45,False
T1918,522,নিষেক ভ্ূণে,কাজ,ক্রোমোজোম কর্তৃক বহনকৃত পিতা-মাতার বৈশিষ্ট্যগুলোকে একত্রিত করা,11,9-10-biology_secondary-11-45,False
T1919,522,নিষেক ভ্ূণে,কাজ,ভ্রূণের লিঙ্গ নির্ধারণ,11,9-10-biology_secondary-11-45,False
T1920,817,মানব প্রজনন,কারণ,হরমোনের ভূমিকা,11,9-10-biology_secondary-11-46,False
T1921,1094,হরমোন,কাজ,নানাবিধ শারীরবৃত্তীয় কাজ নিয়ন্ত্রণ,11,9-10-biology_secondary-11-48,False
T1922,519,নির্দিষ্ট মাত্রার চেয়ে বেশি বা কম নিঃসারণ,কারণ,দেহের বিভিন্ন কাজের ব্যাঘাত ঘটে,11,9-10-biology_secondary-11-48,True
T1923,355,জীব,কাজ,বংশধর সৃষ্টি করে প্রজাতির অস্তিত্ব টিকিয়ে রাখে,11,9-10-biology_secondary-11-5,False
T1924,372,জীবের বৈশিষ্ট্য,কারণ,প্রজনন ঘটার উপায়,11,9-10-biology_secondary-11-5,False
T1925,516,নিম্নশ্রেণির জীব,কাজ,কোষ বিভাজনের মাধ্যমে জনন ঘটায়,11,9-10-biology_secondary-11-5,False
T1926,129,উচ্চশ্রেণির জীব,কাজ,জটিল প্রক্রিয়ায় যৌন জনন সংঘটিত হয়,11,9-10-biology_secondary-11-5,False
T1927,198,কৈশোর,অবস্থান,তারুণ্যের সন্ধিকাল,11,9-10-biology_secondary-11-51,False
T1928,334,ছেলেমেয়েদের,কাজ,"দৈহিক, মানসিক এবং যৌন বৈশিষ্ট্যগুলোর বিকাশ",11,9-10-biology_secondary-11-51,False
T1929,1094,হরমোন,কাজ,প্রজননতন্দ্রের অঙ্গগুলোর বৃদ্ধি এবং বিকাশ ঘটতে শুরু করাতে,11,9-10-biology_secondary-11-51,False
T1930,882,রক্তসাব,কারণ,মাসিক বা খতুস্রাব,11,9-10-biology_secondary-11-53,False
T1931,855,মেয়েরা,অবস্থান,বয়ঃসন্ধিকালের 1-2 বছর পর,11,9-10-biology_secondary-11-53,False
T1932,855,মেয়েরা,কাজ,প্রজনন ক্ষমতা লাভ,11,9-10-biology_secondary-11-53,False
T1933,853,মেয়েদের,অবস্থান,40-50 বছর বয়স পর্যন্ত,11,9-10-biology_secondary-11-53,False
T1934,853,মেয়েদের,কাজ,খতুম্রাব চক্র চলতে থাকে,11,9-10-biology_secondary-11-53,False
T1935,249,খতুন্রাব,অবস্থান,চিরদিনের জন্য বন্ধ হয়ে যায়,11,9-10-biology_secondary-11-53,False
T1936,853,মেয়েদের,কারণ,মেনোপজ (491100856) বা রজনিবৃত্তিকাল,11,9-10-biology_secondary-11-53,False
T1937,853,মেয়েদের,কারণ,গর্ভাবস্থায় রক্তস্রাব সাময়িক বন্ধ থাকে,11,9-10-biology_secondary-11-53,False
T1938,853,মেয়েদের,কাজ,সন্তান প্রসবের প্রায় দেড় মাস পর আবার স্বাভাবিক রক্তস্রাব শুরু হয়,11,9-10-biology_secondary-11-53,False
T1939,972,শুক্রাণু,অবস্থান,স্ত্রীর প্রজনন অঙ্গে,11,9-10-biology_secondary-11-55,False
T1940,939,লেজ,কাজ,শুক্রাণুকে সাঁতরিয়ে স্ত্রী প্রজনন অঙ্গে প্রবেশ করাতে সাহায্য,11,9-10-biology_secondary-11-55,False
T1941,972,শুক্রাণু,অবস্থান,স্ত্রীর ডিম্বনালিতে,11,9-10-biology_secondary-11-55,False
T1942,973,শুব্রাণু,কাজ,একটিমাত্র ডিম্বাণু নিষিক্ত করা,11,9-10-biology_secondary-11-55,False
T1943,972,শুক্রাণু,কারণ,অন্তঃনিষেক ঘটাতে,11,9-10-biology_secondary-11-55,False
T1944,521,নিষেক,লক্ষণ,শুব্রাণু দিয়ে একটিমাত্র ডিম্বাণু নিষিক্ত হয়,11,9-10-biology_secondary-11-55,False
T1945,341,জাইগোট,পরিমাণ,7%8066,11,9-10-biology_secondary-11-55,False
T1946,281,গঠন্মুখ,অবস্থান,ঘটনাবলির অবতারণার পরে জরায়ুতে,11,9-10-biology_secondary-11-56,False
T1947,309,ঘটনাবলি,কাজ,ভ্রণ গঠনের জন্য অত্যন্ত গুরুত্বপূর্ণ,11,9-10-biology_secondary-11-56,False
T1948,781,ভ্রণ,অবস্থান,জরায়ুর প্রাচীরে,11,9-10-biology_secondary-11-57,False
T1949,781,ভ্রণ,কাজ,ভ্রণ সংস্থাপন,11,9-10-biology_secondary-11-57,False
T1950,290,গর্ভাবস্থা,অবস্থান,জরায়ুর অন্তঃগাত্রে ভ্রূণের সংলগ্ন অবস্থায়,11,9-10-biology_secondary-11-57,False
T1951,290,গর্ভাবস্থা,কাজ,শিশু ভূমিষ্ট হওয়া পর্যন্ত সময়,11,9-10-biology_secondary-11-57,False
T1952,290,গর্ভাবস্থা,পরিমাণ,38-40 সপ্তাহ,11,9-10-biology_secondary-11-57,False
T1953,229,ক্রুমবর্ধমানশীল ভ্রূণ,অংশ,ডিম্বাকার,11,9-10-biology_secondary-11-59,False
T1954,229,ক্রুমবর্ধমানশীল ভ্রূণ,অংশ,রন্তনালিসমৃদ্ধ,11,9-10-biology_secondary-11-59,False
T1955,49,অমরা,অবস্থান,মাতৃগর্ভে,11,9-10-biology_secondary-11-59,False
T1956,49,অমরা,কাজ,দেহ থেকে নিষস্কান্ত হয়ে যাওয়া,11,9-10-biology_secondary-11-59,False
T1957,781,ভ্রণ,অংশ,মাতৃ জরায়ুর অন্তঃস্তরে,11,9-10-biology_secondary-11-59,False
T1958,49,অমরা,কাজ,"ভ্রণের রক্তে প্রবেশ করাতে খাদ্যের দরকার শর্করা, আমিষ, ম্নেহ, পানি এবং খনিজ লবণ অমরার মাধ্যমে",11,9-10-biology_secondary-11-60,False
T1959,49,অমরা,কাজ,ভ্রণের রক্ত থেকে অক্সিজেন গ্রহণ এবং ভ্রণ থেকে কার্বন ডাই-অক্সাইডের বিনিময় ঘটাতে,11,9-10-biology_secondary-11-60,False
T1960,49,অমরা,কাজ,বৃক্ধের মতো কাজ করাতে,11,9-10-biology_secondary-11-60,False
T1961,49,অমরা,কাজ,ভ্রণের দেহ থেকে বর্জ্য পদার্থ অপসারিত করাতে,11,9-10-biology_secondary-11-60,False
T1962,49,অমরা,কাজ,হরমোন তৈরি করাতে,11,9-10-biology_secondary-11-60,False
T1963,49,অমরা,কারণ,ভ্রণের রক্ষণাবেক্ষণ ও তার স্বাভাবিক গঠনে সাহায্য করাতে,11,9-10-biology_secondary-11-60,False
T1964,490,নাড়িও,কারণ,ভ্রণের বিভিন্ন পদার্থের বিনিময় ঘটাতে পারে,11,9-10-biology_secondary-11-61,False
T1965,1094,হরমোন,অবস্থান,মাতৃদেহের সাথে নালির ভিতর দিয়ে নিঃসৃত,11,9-10-biology_secondary-11-61,False
T1966,1094,হরমোন,কাজ,"মাতৃদুগ্ৰ উৎপাদন এবং প্রত্যেক প্রজাতিতে ভ্মূণের জন্য মাতৃদেহের ভিতর সহজ, স্বাভাবিক এবং নিরাপদ পরিবর্ধনের ব্যবস্থা করা",11,9-10-biology_secondary-11-61,False
T1967,383,ঝিল্লি বা আবরণ,অবস্থান,ভ্রূণের পুন্টি এবং গ্যাসীয় আদানপ্রদানের চারদিকে,11,9-10-biology_secondary-11-61,False
T1968,781,ভ্রণ,কাজ,বর্জ্য নিষ্কাশন ইত্যাদি কাজে সহায়তা করা,11,9-10-biology_secondary-11-63,False
T1969,781,ভ্রণ,কারণ,ক্রুমবর্ধনশীল ভ্রণকে রক্ষা করার,11,9-10-biology_secondary-11-63,False
T1970,781,ভ্রণ,কারণ,অতিগুরুত্বপূর্ণ কাজ নিয়ন্ত্রণে অংশ নেয়,11,9-10-biology_secondary-11-63,False
T1971,785,ভ্র্ণ,অবস্থান,মাতৃগর্ভে,11,9-10-biology_secondary-11-64,False
T1972,785,ভ্র্ণ,কাজ,গর্ভবতী মায়ের অগ্র পিটুইটারি ও অমরা থেকে হরমোন নিঃসরণ শুরু করাতে,11,9-10-biology_secondary-11-64,False
T1973,340,জরায়ু,কারণ,ব্যথা-বেদনার সৃষ্টি,11,9-10-biology_secondary-11-64,False
T1974,822,মানুষ,অবস্থান,3 কোটি 33 লাখ,11,9-10-biology_secondary-11-66,False
T1975,808,মাঘ ভাইরাস,কাজ,এইডস হতে আক্রান্ত করা,11,9-10-biology_secondary-11-66,False
T1976,150,এইডস রোগ,কারণ,এইডস আক্রান্ত পুরুষ বা মহিলার সাথে অনিরাপদ যৌনমিলনের মাধ্যমে এ রোগ হয়,11,9-10-biology_secondary-11-67,False
T1977,871,রক্ত,অবস্থান,রোগীর দেহে,11,9-10-biology_secondary-11-67,False
T1978,871,রক্ত,অবস্থান,সুস্থ ব্যক্তির দেহে,11,9-10-biology_secondary-11-67,False
T1979,756,বৈচিত্র্য,কারণ,প্রজাতিকে প্রতিকূল পরিবেশে টিকিয়ে রাখার জন্য অত্যন্ত সহায়ক,11,9-10-biology_secondary-11-7,False
T1980,436,তুলনামূলকভাবে সরলতর জীবগুলো,কারণ,অযুন জননের মাধ্যমে খুব কম সময়ে কম শত্তি ব্যয়ে অধিকসংখ্যক জীব জন্ম দিতে পারে,11,9-10-biology_secondary-11-7,False
T1981,759,বৈশিষ্ট্য,অবস্থান,বংশানুক্রমে,11,9-10-biology_secondary-11-78,False
T1982,420,ঢ144,অবস্থান,ক্ষারগুলু শায়িতভাবে,12,9-10-biology_secondary-12-10,False
T1983,420,ঢ144,অবস্থান,প্রধান অক্ষের সাথে লম্বভাবে,12,9-10-biology_secondary-12-10,False
T1984,420,ঢ144,অবস্থান,দণ্ড দুটি (প্রধান অক্ষ) পর পর সুগার এবং ফসফেট দিয়ে গঠিত,12,9-10-biology_secondary-12-10,False
T1985,420,ঢ144,অবস্থান,142 বেস দের ভিতরের দিকে,12,9-10-biology_secondary-12-10,False
T1986,420,ঢ144,অবস্থান,144. সূক্ষ্ম সুতার মতো,12,9-10-biology_secondary-12-10,False
T1987,420,ঢ144,অবস্থান,আদি কোষের ঢা4/& গোলাকার হয়ে থাকে,12,9-10-biology_secondary-12-10,False
T1988,698,বল পয়েন্ট,অংশ,দুই হাতে,12,9-10-biology_secondary-12-18,False
T1989,577,পূর্ণ পাক,কাজ,ডি.এন.এর চমৎকার মডেল হওয়া,12,9-10-biology_secondary-12-18,False
T1990,934,লিঙ্গ,কাজ,নির্ধারণে পুরুষের ভূমিকা ব্যাখ্যা করতে পারব,12,9-10-biology_secondary-12-2,False
T1991,376,জেনেটিক ডিসঅর্ডার,কারণ,ফলাফল বর্ণনা করতে পারব,12,9-10-biology_secondary-12-2,False
T1992,329,ছার,অবস্থান,ভাইরাসের ক্বোমোজোমে,12,9-10-biology_secondary-12-22,False
T1993,329,ছার,অংশ,ফসফেট এবং নাইট্রোজেন বেস,12,9-10-biology_secondary-12-22,False
T1994,329,ছার,অবস্থান,কিছুসংখ্যক ভাইরাসের ছা105) 14 অনুপস্থিত,12,9-10-biology_secondary-12-22,False
T1995,349,জিন,অবস্থান,জীবের ক্রোমোজোমে,12,9-10-biology_secondary-12-23,False
T1996,942,লোকাস,সংজ্ঞা,.00৮5,12,9-10-biology_secondary-12-23,False
T1997,349,জিন,কাজ,নিজের হুবহু অনুলিপি করা,12,9-10-biology_secondary-12-24,False
T1998,991,সংকেত,অবস্থান,হাব সাইটোগ্লীজমের রাইবোজোমে,12,9-10-biology_secondary-12-24,False
T1999,991,সংকেত,কাজ,সেখানে প্রোটিন তৈরি করার জন্য,12,9-10-biology_secondary-12-24,False
T2000,1039,সুকেন্দ্রিক কোষ,অবস্থান,এন্ডোপ্লাজমিক রেটিকুলামে,12,9-10-biology_secondary-12-24,False
T2001,637,প্রোটিন,অবস্থান,গলজি বস্তু এবং ভেসিকলগুলোর দ্বারা পরিবর্তিত হয়,12,9-10-biology_secondary-12-24,False
T2002,637,প্রোটিন,কাজ,উপযুক্ত স্থানে বাহিত হয়,12,9-10-biology_secondary-12-24,False
T2003,626,প্রাককেন্দ্রিক কোষ,অবস্থান,গন্তব্যে পৌঁছায়,12,9-10-biology_secondary-12-24,False
T2004,630,প্রাণরাসায়নিক বিক্রিয়াগুলো,কাজ,গতি-প্রকৃতি নির্ধারণ করা,12,9-10-biology_secondary-12-24,False
T2005,638,প্রোটিনগুলো,কারণ,বৈশিষ্ট্যগুলোর আওতায় পড়া,12,9-10-biology_secondary-12-24,False
T2006,355,জীব,অংশ,ক্রোমোজোমের 144 অনুসূত্রের এক প্রান্ত থেকে অপর প্রান্ত পর্যন্ত,12,9-10-biology_secondary-12-25,False
T2007,851,মেন্ডেল,কারণ,লম্বা গাছের জিন প্রকট,12,9-10-biology_secondary-12-28,False
T2008,916,লম্বা গাছের জিন,কাজ,বীজ বুনে দেখা গেল সব গাছই লম্বা হয়েছে,12,9-10-biology_secondary-12-28,False
T2009,251,খাটো গাছের জিন,অবস্থান,লম্বা গাছের গর্ভমুণ্ডে,12,9-10-biology_secondary-12-28,False
T2010,917,লম্বা গাছের পরাগরেণু,অবস্থান,খাটো গাছের গর্ভমুণ্ডে,12,9-10-biology_secondary-12-28,False
T2011,252,খাটো গাছের পরাগরেণু,অবস্থান,লম্বা গাছের গর্ভমুণ্ডে,12,9-10-biology_secondary-12-28,False
T2012,370,জীবের বংশগতি,কাজ,১২.১,12,9-10-biology_secondary-12-3,False
T2013,382,জৈবিক নমুনা,প্রকার,"হাড়, দাঁত, চুল, রক্ত, লালা, বীর্য বা টিস্যু",12,9-10-biology_secondary-12-35,False
T2014,20,অটোরেডিওগ্রাফ,কাজ,দৃশ্যমান ব্যান্ডের সারিগুলো নির্ণয় করা,12,9-10-biology_secondary-12-36,False
T2015,20,অটোরেডিওগ্রাফ,কারণ,অপরাধস্থান থেকে প্রাপ্ত নমুনার তুলনা করা,12,9-10-biology_secondary-12-36,False
T2016,413,ডিএনএ,কারণ,ফিঙ্গার প্রিন্টিং,12,9-10-biology_secondary-12-36,False
T2017,543,পলিমারেজ চেইন বিক্রিয়া,কারণ,ধাঁচ নির্ণয় করার পদ্ধতি বিকাশ,12,9-10-biology_secondary-12-36,False
T2018,1048,সেক্স-অটোজোমগুলো,কাজ,"শারীরবৃত্তীয়, ভ্রণ এবং দেহ গঠন ইত্যাদি কার্যাদিতে অংশগ্রহণ",12,9-10-biology_secondary-12-38,False
T2019,1049,সেক্স-লিংকড অসুখ,কারণ,সেক্স ক্রোমোজোমে অবস্থিত জিনগুলোতে মিউটেশন,12,9-10-biology_secondary-12-44,False
T2020,852,মেয়ে,অবস্থান,দুটি সম ক্রোমোজোম,12,9-10-biology_secondary-12-44,False
T2021,852,মেয়ে,কাজ,বড়জোর বাহক,12,9-10-biology_secondary-12-44,False
T2022,573,পুরুষ,অবস্থান,স্‌ ক্রোমোজোম মাত্র একটি,12,9-10-biology_secondary-12-44,False
T2023,573,পুরুষ,কারণ,সেটিতে অসুখ-সৃষ্টিকারী মিউটেশন থাকলেই তাদের ভিতর অসুখের লক্ষণ প্রকাশ পায়,12,9-10-biology_secondary-12-44,False
T2024,185,কালার র্লাইন্ডনেস,অবস্থান,চোখের স্নায়ু কোষে,12,9-10-biology_secondary-12-46,False
T2025,185,কালার র্লাইন্ডনেস,কারণ,চোখে য়ায়ু কোষের রং শনাস্তকারী পিগমেন্টের অভাব,12,9-10-biology_secondary-12-46,False
T2026,926,লাল-সবুজ বর্ণান্ধতা,অবস্থান,চিত্র ১২১১০,12,9-10-biology_secondary-12-46,False
T2027,573,পুরুষ,পরিমাণ,বেলায় সাধারণত প্রতি 10 জনে 1 জনকে কালার এমনভাবে নকশা করা হয়েছে যে ব্লাইন্ড হতে দেখা যায়,12,9-10-biology_secondary-12-46,False
T2028,453,থ্যালাসেমিয়া,অবস্থান,রক্তের লোহিত রক্তকোষে,12,9-10-biology_secondary-12-52,False
T2029,453,থ্যালাসেমিয়া,কারণ,লোহিত রক্তকোষে এ দুটি প্রোটিনের জিন নষ্ট থাকার কারণে,12,9-10-biology_secondary-12-54,False
T2030,453,থ্যালাসেমিয়া,কারণ,লোহিত রক্তকোষে ত্রুটিপূর্ণ লোহিত রক্তকোষ উৎপাদিত হয়,12,9-10-biology_secondary-12-54,False
T2031,453,থ্যালাসেমিয়া,প্রকার,দুধরনের থ্যালাসেমিয়া,12,9-10-biology_secondary-12-54,False
T2032,453,থ্যালাসেমিয়া,প্রকার,আলফা (০) থ্যালাসেমিয়া,12,9-10-biology_secondary-12-54,False
T2033,453,থ্যালাসেমিয়া,প্রকার,বিটা (০) থ্যালাসেমিয়া,12,9-10-biology_secondary-12-54,False
T2034,82,আলফা থ্যালাসেমিয়া,কারণ,০) গ্লোবিউলিন তৈরির জিন অনুপস্থিত থাকে কিংবা ত্রুটিপূর্ণ হয়,12,9-10-biology_secondary-12-54,False
T2035,453,থ্যালাসেমিয়া,অবস্থান,"দক্ষিণ-পূর্ব এশিয়া, মধ্যপ্রাচ্য, চীন ও আফ্রিকার জনগণের মাঝে",12,9-10-biology_secondary-12-54,False
T2036,453,থ্যালাসেমিয়া,অবস্থান,ভূমধ্যসাগরীয় এলাকাবাসীদের মাঝে,12,9-10-biology_secondary-12-54,False
T2037,732,বিটা (০) থ্যালাসেমিয়া,কারণ,০) গ্লোবিউলিন প্রোটিন উৎপাদন ব্যাহত হয়,12,9-10-biology_secondary-12-54,False
T2038,453,থ্যালাসেমিয়া,প্রকার,কুলির থ্যালাসেমিয়া,12,9-10-biology_secondary-12-54,False
T2039,455,থ্যালাসেমিয়া মেজর,প্রকার,থ্যালাসেমিয়া,12,9-10-biology_secondary-12-55,False
T2040,454,থ্যালাসেমিয়া মাইনর,প্রকার,থ্যালাসেমিয়া,12,9-10-biology_secondary-12-55,False
T2041,458,থ্যালাসেমিয়ার শিশু,কারণ,শিশুর বাবা ও মা দুজনের কাছ থেকে তার মায়ের কাছ থেকে জন্মগ্রহণ,12,9-10-biology_secondary-12-55,False
T2042,456,থ্যালাসেমিয়ার চিকিৎসা,কাজ,রক্ত প্রদান এবং ওষধ খাওয়া,12,9-10-biology_secondary-12-57,False
T2043,457,থ্যালাসেমিয়ার রোগী,কারণ,লৌহসমৃদ্ধ ফল বা ওষধ খাওয়া,12,9-10-biology_secondary-12-57,False
T2044,457,থ্যালাসেমিয়ার রোগী,কারণ,যকৃৎ নষ্ট,12,9-10-biology_secondary-12-57,False
T2045,457,থ্যালাসেমিয়ার রোগী,কারণ,অগ্ম্যাশয় নষ্ট,12,9-10-biology_secondary-12-57,False
T2046,457,থ্যালাসেমিয়ার রোগী,লক্ষণ,জন্ডিস,12,9-10-biology_secondary-12-57,False
T2047,457,থ্যালাসেমিয়ার রোগী,লক্ষণ,ডায়াবেটিস,12,9-10-biology_secondary-12-57,False
T2048,457,থ্যালাসেমিয়ার রোগী,অবস্থান,30 বছরের বেশি বেঁচে থাকার সম্ভাবনা কম,12,9-10-biology_secondary-12-57,False
T2049,506,নিউক্লিয়াস,অবস্থান,চিত্র ১২.০১,12,9-10-biology_secondary-12-6,False
T2050,235,ক্রোমোজোম,অবস্থান,নিউক্লিয়াসের ভিতরে,12,9-10-biology_secondary-12-6,False
T2051,360,জীবজগতের জীব,কারণ,জীবগুলো তাদের পূর্বপুরুষ থেকে উৎপত্তি লাভ করে,12,9-10-biology_secondary-12-60,False
T2052,358,জীবগুলো,কাজ,জৈব অভিব্যক্তির মাধ্যমে ক্রমাগত পরিবর্তিত এবং রূপান্তরিত হয়ে বর্তমান রূপ ধারণ,12,9-10-biology_secondary-12-60,False
T2053,380,জৈব অভিব্যক্তি,কারণ,একটি মন্থর এবং চলমান প্রক্রিয়া,12,9-10-biology_secondary-12-60,False
T2054,696,বর্তমানের বৈচিত্র্যময় জীবজগত,অবস্থান,জীবের বংশগতি ও জৈব অভিব্যক্তি,12,9-10-biology_secondary-12-62,False
T2055,118,ইভোলিউশন,সংজ্ঞা,প্রজন্ম থেকে প্রজন্মে নির্দিষ্ট এলাকায় এক কিংবা কাছাকাছি প্রজাতির আ্যালিল ফ্রিকোয়েন্সির পরিবর্তন,12,9-10-biology_secondary-12-63,False
T2056,370,জীবের বংশগতি,প্রকার,জৈব অভিব্যক্তি,12,9-10-biology_secondary-12-67,False
T2057,899,রাসায়নিক অভিব্যক্তি,কাজ,পৃথিবীর উৎপত্তি এবং তার ধারাবাহিকতায় জীবনের উৎপত্তির ঘটনাপ্রবাহকে বলে,12,9-10-biology_secondary-12-67,False
T2058,501,নিউক্লিওপ্রোটিন,কাজ,প্রোটোভাইরাস সৃষ্টি,12,9-10-biology_secondary-12-68,False
T2059,640,প্রোটোভাইরাস,কাজ,ভাইরাস সৃষ্টি,12,9-10-biology_secondary-12-68,False
T2060,235,ক্রোমোজোম,অবস্থান,নিউক্লিওপ্লাজমে,12,9-10-biology_secondary-12-7,False
T2061,235,ক্রোমোজোম,কাজ,মাতাপিতা থেকে জিন সন্তান সন্ততিতে বহন করে,12,9-10-biology_secondary-12-7,False
T2062,235,ক্রোমোজোম,কারণ,বংশগতির ধারা অস্কুমন রাখে,12,9-10-biology_secondary-12-7,False
T2063,235,ক্রোমোজোম,পরিমাণ,৩.৫ থেকে ৩০.০ মাইক্রন দৈর্ঘ্য এবং ০.২ থেকে ২.০ মাইক্রন প্রস্থ,12,9-10-biology_secondary-12-7,False
T2064,235,ক্রোমোজোম,পরিমাণ,২ হতে ১৬০০ সংখ্যা,12,9-10-biology_secondary-12-7,False
T2065,27,অত্যধিক হারে বংশবৃদ্ধি,কাজ,জীবের সহজাত বৈশিষ্ট্য,12,9-10-biology_secondary-12-73,False
T2066,998,সবল প্রাণী,কারণ,দুর্বল প্রাণীদের প্রতিহত করে,12,9-10-biology_secondary-12-75,False
T2067,601,প্রকরণ,কারণ,অনুকূল প্রকরণ অস্তিত্বের জন্য জীবনসংগ্রামে একটি জীবকে সাহায্য করে,12,9-10-biology_secondary-12-76,False
T2068,601,প্রকরণ,প্রকার,ঘ৭1160,12,9-10-biology_secondary-12-76,False
T2069,537,পরিবর্তন,প্রকার,010080010,12,9-10-biology_secondary-12-76,False
T2070,627,প্রাকৃতিক নির্বাচন,কাজ,ডারউইন তত্ত্বের এই প্রতিপাদ্যটি সবচেয়ে বেশি গুরুত্বপূর্ণ,12,9-10-biology_secondary-12-76,False
T2071,413,ডিএনএ,প্রকার,ডিঅক্সিরাইবো নিউক্লিক এসিড,12,9-10-biology_secondary-12-8,False
T2072,413,ডিএনএ,অবস্থান,ক্লোমোজোমের প্রধান উপাদান,12,9-10-biology_secondary-12-8,False
T2073,861,ম্যাক্রোইভোলিউশন,পরিমাণ,11301067010101,12,9-10-biology_secondary-12-81,False
T2074,802,মাইক্রোইভোলিউশন,পরিমাণ,00100601801,12,9-10-biology_secondary-12-81,False
T2075,756,বৈচিত্র্য,প্রকার,পপুলেশনের সদস্যের,12,9-10-biology_secondary-12-82,False
T2076,756,বৈচিত্র্য,লক্ষণ,কিছু নিজস্বতা,12,9-10-biology_secondary-12-82,False
T2077,283,গরু,লক্ষণ,ভিন্নতা,12,9-10-biology_secondary-12-82,False
T2078,175,কাঁঠালগাছ,লক্ষণ,ভিন্নতা,12,9-10-biology_secondary-12-82,False
T2079,822,মানুষ,লক্ষণ,ভিন্নতা,12,9-10-biology_secondary-12-82,False
T2080,763,ব্যাকটেরিয়া,লক্ষণ,ভিন্নতা,12,9-10-biology_secondary-12-82,False
T2081,759,বৈশিষ্ট্য,কাজ,বংশবৃদ্ধিতে সহায়ক ভূমিকা,12,9-10-biology_secondary-12-82,False
T2082,759,বৈশিষ্ট্য,কারণ,পরবর্তী প্রজন্মে সঞ্চারিত হয়,12,9-10-biology_secondary-12-82,False
T2083,500,নিউক্লিওটাইড,অংশ,"পাঁচ কার্বনযুক্ত শর্করা, নাইট্রোজেনঘটিত বেস বা ক্ষার, অজৈব ফসফেট",12,9-10-biology_secondary-12-9,False
T2084,500,নিউক্লিওটাইড,অংশ,ক্রোমোজোমের স্থায়ী পদার্থ,12,9-10-biology_secondary-12-9,False
T2085,500,নিউক্লিওটাইড,অবস্থান,মার্কিন বিজ্ঞানী 80501 এবং ইংরেজ বিজ্ঞানী 0110 1953 সালে,12,9-10-biology_secondary-12-9,False
T2086,500,নিউক্লিওটাইড,কারণ,ডাবল হেলিক্স (00০0৮16 19150 বা দ্বি-সূত্রী কাঠামো,12,9-10-biology_secondary-12-9,False
T2087,500,নিউক্লিওটাইড,কারণ,নোবেল পুরস্কার,12,9-10-biology_secondary-12-9,False
T2088,489,নাইট্রোজেন বেস,প্রকার,পিউরিন ও পাইরিমিডিন,12,9-10-biology_secondary-12-9,False
T2089,153,এডিনিন,প্রকার,পিউরিন,12,9-10-biology_secondary-12-9,False
T2090,296,গুয়ানিন,প্রকার,পিউরিন,12,9-10-biology_secondary-12-9,False
T2091,1016,সাইটোসিন,প্রকার,পাইরিমিডিন,12,9-10-biology_secondary-12-9,False
T2092,450,থায়ামিন,প্রকার,পাইরিমিডিন,12,9-10-biology_secondary-12-9,False
T2093,500,নিউক্লিওটাইড,কারণ,পিউরিন এবং পাইরিমিডিনের মধ্যে হয়ে থাকে,12,9-10-biology_secondary-12-9,False
T2094,500,নিউক্লিওটাইড,পরিমাণ,পূর্ণ ঘূর্ণন 34 4 (417550010,12,9-10-biology_secondary-12-9,False
T2095,500,নিউক্লিওটাইড,পরিমাণ,পূর্ণ ঘূর্ণনের মধ্যে 10টি,12,9-10-biology_secondary-12-9,False
T2096,653,ফসিল,কারণ,সুদূর অতীতে উদ্ভূত হয়ে খুব বেশি পরিবর্তিত না হয়েও এখনো টিকে আছে,12,9-10-biology_secondary-12-90,False
T2097,937,লিভিং ফসিল,কারণ,বহু জীবের জিন সংকেত বা জীবন রহস্য উদঘাটন করা সম্ভব হয়েছে,12,9-10-biology_secondary-12-90,False
T2098,717,বাস্তুতন্ত্রের উপাদানসমূহ,অংশ,বাস্তুত্র ব্যাখ্যা,13,9-10-biology_secondary-13-1,False
T2099,717,বাস্তুতন্ত্রের উপাদানসমূহ,অংশ,বাস্তুতন্ত্রের উপাদানসমূহের আন্তঃসম্পর্ক বিশ্লেষণ,13,9-10-biology_secondary-13-1,False
T2100,265,খাদ্যশিকল,অংশ,বাস্তুত্র ব্যাখ্যা,13,9-10-biology_secondary-13-1,False
T2101,261,খাদ্যজাল,অংশ,বাস্তুত্র ব্যাখ্যা,13,9-10-biology_secondary-13-1,False
T2102,950,শত্তির পিরামিড,অংশ,বাস্তুত্র ব্যাখ্যা,13,9-10-biology_secondary-13-1,False
T2103,540,পরিবেশের জীবজ উপাদান,প্রকার,তিন,13,9-10-biology_secondary-13-10,False
T2104,297,গৌণ খাদক,অবস্থান,গৌণ খাদক প্রাণী,13,9-10-biology_secondary-13-14,False
T2105,439,তৃতীয় শ্রেণির খাদক,অবস্থান,গৌণ খাদক প্রাণী,13,9-10-biology_secondary-13-14,False
T2106,1021,"সাপ, ময়ূর, বাঘ",অবস্থান,গৌণ খাদক প্রাণী,13,9-10-biology_secondary-13-14,False
T2107,73,আবর্জনাভুক,অবস্থান,মৃত প্রাণী বা আবর্জনা,13,9-10-biology_secondary-13-14,False
T2108,178,"কাক, শকুন, শিয়াল, হায়েনা",অবস্থান,মৃত প্রাণী বা আবর্জনা,13,9-10-biology_secondary-13-14,False
T2109,73,আবর্জনাভুক,কারণ,মৃতদেহ বা আবর্জনা খেয়ে পরিবেশ পরিষ্কার রাখে,13,9-10-biology_secondary-13-14,False
T2110,359,জীবজ উপাদান,প্রকার,"উৎপাদক, প্রথম স্তরের খাদক, দ্বিতীয় স্তরের খাদক, তৃতীয় স্তরের খাদক, বিভিন্ন রকম বিয়োজক",13,9-10-biology_secondary-13-17,False
T2111,144,উৎপাদক,সংজ্ঞা,সালোকসংশ্লেষণকারী বিভিন্ন প্রকার শৈবাল ও অগভীর পানির উদ্ভিদ,13,9-10-biology_secondary-13-18,False
T2112,308,গ্ল্যাংকটন,প্রকার,পানিতে ভাসমান স্কুদ্র জীব,13,9-10-biology_secondary-13-18,False
T2113,265,খাদ্যশিকল,কাজ,সীমিত রাখতে শত্তি পিরামিডের প্রভাব ব্যাখ্যা করতে পারব,13,9-10-biology_secondary-13-2,False
T2114,366,জীববৈচিত্র্য,কাজ,ব্যাখ্যা করতে পারব,13,9-10-biology_secondary-13-2,False
T2115,367,জীববৈচিত্র্যের প্রকারভেদ,কাজ,ব্যাখ্যা করতে পারব,13,9-10-biology_secondary-13-2,False
T2116,373,জীবের মধ্যে মিথক্ষিয়া ও আন্তঃনির্ভরশীলতা,কাজ,রক্ষায় পরিবেশের ভারসাম্য রক্ষায় বিভিন্ন জীবের মধ্যে মিথক্ষিয়া ও আন্তঃনির্ভরশীলতা ব্যাখ্যা করতে পারব,13,9-10-biology_secondary-13-2,False
T2117,541,পরিবেশের ভারসাম্য রক্ষায় পরিবেশ সংরক্ষণের গুরুত্ব,কাজ,বিশ্লেষণ করতে পারব,13,9-10-biology_secondary-13-2,True
T2118,474,দ্বিতীয় স্তরের খাদক,কাজ,প্রথম স্তরের খাদকদের খাদ্য হিসেবে গ্রহণ করতে পারে,13,9-10-biology_secondary-13-20,False
T2119,440,তৃতীয় স্তরের খাদক,কাজ,"ছোট মাছ, চিংড়ি ইত্যাদি দ্বিতীয় সতরের খাদককে ভক্ষণ করে",13,9-10-biology_secondary-13-20,False
T2120,1002,সবুজ উদ্ভিদ,কাজ,বাস্তুতন্ত্রের জীব উপাদানগুলোর মধ্যে প্রথম কাজে নামে,13,9-10-biology_secondary-13-22,False
T2121,438,তৃণভোজী প্রাণী এবং মাংসাশী প্রাণী,কারণ,খাদ্য তৈরি না করলে খাদ্যসংকটে পড়ে মারা,13,9-10-biology_secondary-13-22,False
T2122,257,খাদ্য শক্তি,অবস্থান,উৎপাদক থেকে শুরু করে বিভিন্ন স্তরের খাদকদের মধ্যে প্রবাহিত,13,9-10-biology_secondary-13-22,False
T2123,265,খাদ্যশিকল,কাজ,বিভিন্ন স্তরের খাদকদের মধ্যে প্রবাহিত করা,13,9-10-biology_secondary-13-22,False
T2124,266,খাদ্যশৃঙ্খল,কাজ,বিভিন্ন স্তরের খাদকদের মধ্যে প্রবাহিত করা,13,9-10-biology_secondary-13-22,False
T2125,845,মৃতজীবী খাদ্যশিকল,কাজ,খাদ্যস্তরে বিন্যস্ত হওয়া,13,9-10-biology_secondary-13-27,False
T2126,265,খাদ্যশিকল,অবস্থান,অসম্পূর্ণ,13,9-10-biology_secondary-13-28,False
T2127,265,খাদ্যশিকল,কারণ,শিকারজীবী খাদ্যশিকলের উপর নির্ভরশীল,13,9-10-biology_secondary-13-28,False
T2128,265,খাদ্যশিকল,কারণ,বাস্তুতন্ত্রের খাদ্যশিকল উৎপাদক,13,9-10-biology_secondary-13-28,False
T2129,719,বাস্তুতন্ত্রের খাদ্যশিকল,কারণ,সুতরাং বাস্তুতন্ত্রের খাদ্যশিকল উৎপাদক,13,9-10-biology_secondary-13-28,False
T2130,327,ছাত্রছাত্রী,কাজ,"একটি নির্বাচিত এলাকার উৎপাদক, খাদক, বিয়োজক এবং ভৌত পরিবেশের মধ্যে পারস্পরিক",13,9-10-biology_secondary-13-3,False
T2131,265,খাদ্যশিকল,কারণ,খাদ্যজাল,13,9-10-biology_secondary-13-31,False
T2132,261,খাদ্যজাল,অবস্থান,বিভিন্ন বাস্তৃতন্দ্রে,13,9-10-biology_secondary-13-31,False
T2133,132,উদ্ভিদ,অংশ,উদ্ভিদ দেহে জমা থাকে,13,9-10-biology_secondary-13-34,False
T2134,132,উদ্ভিদ,অংশ,তৃণভোজীদের খায়,13,9-10-biology_secondary-13-34,False
T2135,437,তৃণভোজী প্রাণী,অংশ,মাংসাশী প্রাণীদের খায়,13,9-10-biology_secondary-13-34,False
T2136,801,মাংসাশী প্রাণী,অংশ,বিয়োজকগুলো ব্যবহার করে অজৈব বস্তুতে রূপান্তরিত করে,13,9-10-biology_secondary-13-34,False
T2137,737,বিয়োজক,অংশ,পরিবেশে ফিরিয়ে দেয়,13,9-10-biology_secondary-13-34,False
T2138,1002,সবুজ উদ্ভিদ,অংশ,অজৈব বস্তু গ্রহণ করে,13,9-10-biology_secondary-13-34,False
T2139,1002,সবুজ উদ্ভিদ,অংশ,খাদ্য প্রস্তুতে ব্যবহার করে,13,9-10-biology_secondary-13-34,False
T2140,1045,সূর্য,পরিমাণ,২% সালোকসংশ্লেষণ প্রক্রিয়ায় সবুজ উদ্ভিদ,13,9-10-biology_secondary-13-36,False
T2141,1002,সবুজ উদ্ভিদ,কাজ,বড়জোর আলো ও তাপশত্তি রাসায়নিক শত্তি মজুত করা,13,9-10-biology_secondary-13-36,False
T2142,956,শর্করা,কাজ,আলো ও তাপশত্তি রাসায়নিক শত্তি হিসেবে মজুত করা,13,9-10-biology_secondary-13-36,False
T2143,735,বিভিন্ন প্রকার খাদ্যশিকল,কাজ,উদ্ভিদে জমা করা শত্তি বিভিন্ন খাদ্যস্তরে পৌঁছানো,13,9-10-biology_secondary-13-36,False
T2144,846,মৃতদেহে সঞ্চিত রাসায়নিক শক্তি,কারণ,ভেঙে জড় পদার্থ বা শক্তি আকারে আবার পরিবেশে ফিরে আসে,13,9-10-biology_secondary-13-38,False
T2145,336,জড় পদার্থ বা শক্তি,অবস্থান,পরিবেশে,13,9-10-biology_secondary-13-38,False
T2146,145,উৎপাদক সবুজ উদ্ভিদ,অংশ,তৃণভোজী প্রাণী জীবের পরিবেশ,13,9-10-biology_secondary-13-39,False
T2147,355,জীব,অবস্থান,জড়জগৎ,13,9-10-biology_secondary-13-4,False
T2148,355,জীব,কাজ,প্রয়োজনীয় উপাদান সংগ্রহ করে জীবন অতিবাহিত করে,13,9-10-biology_secondary-13-4,False
T2149,695,বর্জ্য পদার্থ,অবস্থান,পরিবেশে,13,9-10-biology_secondary-13-4,False
T2150,1002,সবুজ উদ্ভিদ,অবস্থান,বায়ু ও মাটি,13,9-10-biology_secondary-13-4,False
T2151,1002,সবুজ উদ্ভিদ,কাজ,কার্বন ডাই-অক্সাইড এবং পানি সংগ্রহ করে কার্বোহাইড্রেট তৈরির সময় অক্সিজেন ত্যাগ করে,13,9-10-biology_secondary-13-4,False
T2152,133,উদ্ভিদ এবং প্রাণী,কাজ,পুরো জীবজগতের শ্বসনের জন্য অক্সিজেন প্রয়োজন আসে,13,9-10-biology_secondary-13-4,False
T2153,132,উদ্ভিদ,কাজ,খনিজ লবণ খাদ্য হিসেবে গ্রহণ করে,13,9-10-biology_secondary-13-4,False
T2154,437,তৃণভোজী প্রাণী,কাজ,উদ্ভিদের বিভিন্ন অংশ খেয়ে বাঁচে,13,9-10-biology_secondary-13-4,False
T2155,736,বিভিন্ন স্তরের মাংসাশী প্রাণী,কাজ,তৃণভোজী বা অন্যান্য ক্ষুদ্রতর মাংসাশী প্রাণীদের খাদ্য হিসেবে গ্রহণ করে,13,9-10-biology_secondary-13-4,False
T2156,847,মৃত্যুর পর উদ্ভিদ আর প্রাণীর দেহ,কাজ,পচনক্রিয়ার মাধ্যমে পরিবেশে ফিরে যায়,13,9-10-biology_secondary-13-4,True
T2157,765,ব্যাকটেরিয়া সহ অণুজীব,কাজ,পচানোর কাজটি করে,13,9-10-biology_secondary-13-4,False
T2158,718,বাস্তুতন্ত্রের কোনো একটি ট্রফিক লেভেলে,পরিমাণ,10% ঠিক উপরের ট্রফিক লেভেলে সঞ্চারিত হতে পারে,13,9-10-biology_secondary-13-42,False
T2159,718,বাস্তুতন্ত্রের কোনো একটি ট্রফিক লেভেলে,পরিমাণ,90% তাপ হিসেবে পরিবেশে বিমুক্ত হয় কিংবা আংশিকভাবে অব্যবহৃত থেকে যায়,13,9-10-biology_secondary-13-42,False
T2160,570,পিরামিড,অবস্থান,সমতল ভূমির উপর,13,9-10-biology_secondary-13-44,False
T2161,570,পিরামিড,কারণ,ট্রফিক লেভেলের গঠন,13,9-10-biology_secondary-13-44,False
T2162,949,শত্তি পিরামিড,কারণ,খাদ্যশিকলে যুক্ত প্রতিটি পুষ্টিস্তরের শক্তির সঞ্চয় ও স্থানান্তরের বিন্যাস,13,9-10-biology_secondary-13-44,False
T2163,948,শক্তির প্রবাহ,কারণ,খাদ্যশিকলের আকার,13,9-10-biology_secondary-13-45,False
T2164,366,জীববৈচিত্র্য,কারণ,পৃথিবীতে বিরাজমান জীবগুলোর প্রাচুর্য এবং ভিন্নতা,13,9-10-biology_secondary-13-47,False
T2165,366,জীববৈচিত্র্য,প্রকার,"প্রজাতিগত বৈচিত্র্য, বংশগতীয় বৈচিত্র্য",13,9-10-biology_secondary-13-48,False
T2166,609,প্রজাতিগত বৈচিত্র্য,সংজ্ঞা,পৃথকযোগ্য বৈশিষ্ট্যের কারণে এক প্রজাতি থেকে অন্য প্রজাতি ভিন্নতর হয়,13,9-10-biology_secondary-13-49,False
T2167,720,বাস্তুতন্দ্র,অবস্থান,ভূপৃষ্ঠে,13,9-10-biology_secondary-13-5,False
T2168,724,বাস্তুতান্দ্রিক বৈচিত্র্য,কারণ,ভারসাম্যে ব্যাঘাত,13,9-10-biology_secondary-13-51,False
T2169,724,বাস্তুতান্দ্রিক বৈচিত্র্য,কাজ,জীববৈচিত্র্যের সৃষ্টি,13,9-10-biology_secondary-13-51,False
T2170,722,বাস্তুতন্দ্রের ভৌত উপাদান,অংশ,বাস্তুতান্দ্রিক বৈচিত্র্য,13,9-10-biology_secondary-13-51,False
T2171,723,বাস্তুতন্দ্রের রাসায়নিক উপাদান,অংশ,বাস্তুতান্দ্রিক বৈচিত্র্য,13,9-10-biology_secondary-13-51,False
T2172,721,বাস্তুতন্দ্রের জৈবিক উপাদান,অংশ,বাস্তুতান্দ্রিক বৈচিত্র্য,13,9-10-biology_secondary-13-51,False
T2173,1007,সম্পর্কযুক্ত জীবগুলো,কারণ,সহবাসকারী বা সহাবস্থানকারী,13,9-10-biology_secondary-13-58,False
T2174,831,মিথস্ষিয়ায় অংশগ্রহণকারী জীবগুলো,কারণ,"পরস্পর আন্তঃনির্ভরশীল, কেউই স্বয়ংসম্পূর্ণ",13,9-10-biology_secondary-13-58,False
T2175,539,পরিবেশবিজ্ঞানী ওডাম,কাজ,"আন্তঃনির্ভরশীল সম্পর্ক দুভাবে হতে পারে, যেমন",13,9-10-biology_secondary-13-58,False
T2176,477,ধনাত্মক আন্তঃক্রিয়া,কাজ,দুটি জীবের একটি অন্যটিকে সহায়তা করা,13,9-10-biology_secondary-13-60,False
T2177,830,মিউচুয়ালিজম,কাজ,সহযোগীদের উভয়ই একে অন্যের দ্বারা উপকৃত হয়,13,9-10-biology_secondary-13-61,False
T2178,830,মিউচুয়ালিজম,কারণ,ফুলের মধু আহরণের জন্য ফুলে ফুলে উড়ে বেড়ায় এবং বিনিময়ে ফুলের পরাগায়ন ঘটে,13,9-10-biology_secondary-13-61,False
T2179,830,মিউচুয়ালিজম,কারণ,পাখি এবং বাদুড় ফল খেয়ে বাঁচে এবং মলত্যাগের সাথে ফলের বীজও ত্যাগ করে,13,9-10-biology_secondary-13-61,False
T2180,830,মিউচুয়ালিজম,লক্ষণ,বীজের স্থানান্তর হয় এবং উদ্ভিদের বিস্তার ঘটে,13,9-10-biology_secondary-13-61,False
T2181,894,রাইজোবিয়াম,অবস্থান,শিমজাতীয় উদ্ভিদের 0.০501011005 18110 শিকড়ে,13,9-10-biology_secondary-13-63,False
T2182,168,কমেনসালিজম,কাজ,সহযোগীদের মধ্যে একজন মাত্র উপকৃত হতে দেখা দেয়,13,9-10-biology_secondary-13-64,False
T2183,914,রোহিণী উদ্ভিদ,কাজ,মূলে আবদ্ধ হয় এবং বড় উদ্ভিদকে আরোহণ করে,13,9-10-biology_secondary-13-64,False
T2184,245,খণাত্মক আন্তঃক্রিয়া,অংশ,শোষণ,13,9-10-biology_secondary-13-65,False
T2185,245,খণাত্মক আন্তঃক্রিয়া,অংশ,প্রতিযোগিতা,13,9-10-biology_secondary-13-65,False
T2186,245,খণাত্মক আন্তঃক্রিয়া,অংশ,আযান্টিবায়োসিস,13,9-10-biology_secondary-13-65,False
T2187,199,কোকিল,কাজ,বাসা তৈরি করা,13,9-10-biology_secondary-13-66,False
T2188,177,কাক,কাজ,ডিম ফোটা করা,13,9-10-biology_secondary-13-66,False
T2189,358,জীবগুলো,প্রতিরোধ,সুবিধাজনক বৈশিষ্ট্যসম্পন্ন জীবসমূহ,13,9-10-biology_secondary-13-67,False
T2190,358,জীবগুলো,অবস্থান,সুবিধাজনক বৈশিষ্ট্যসম্পন্ন জীবসমূহ টিকে থাকে,13,9-10-biology_secondary-13-67,False
T2191,358,জীবগুলো,অবস্থান,অন্যরা বিতাড়িত হয়ে থাকে,13,9-10-biology_secondary-13-67,False
T2192,96,আ্যান্টিবায়োসিস,কারণ,বাধাপ্রাপ্ত হওয়া বা মৃত্যু ঘটার কারণ,13,9-10-biology_secondary-13-69,False
T2193,25,অণুজীবজগত,লক্ষণ,অনেক বেশি দেখা যায়,13,9-10-biology_secondary-13-69,False
T2194,677,ফ্লেমিং,কাজ,পেনিসিলিন আবিষ্কার,13,9-10-biology_secondary-13-69,False
T2195,581,পেনিসিলিয়াম ছত্রাক,কারণ,ব্যাকটেরিয়াগুলোর মদ আ্যান্টিবায়োসিস,13,9-10-biology_secondary-13-69,False
T2196,319,চিত্র ১৩.১১,লক্ষণ,আ্যান্টিবায়োসিস একটি কলোনির স্বাছাবিক বুদ্ধি,13,9-10-biology_secondary-13-69,False
T2197,303,গ্রিনহাউস ইফেক্ট,কারণ,সমুদ্রের পানির উচ্চতা বেড়ে যাবে এবং উপকূল অঞ্চল তলিয়ে যাবে,13,9-10-biology_secondary-13-72,False
T2198,303,গ্রিনহাউস ইফেক্ট,কারণ,আবহাওয়ার পরিবর্তন হবে,13,9-10-biology_secondary-13-72,False
T2199,303,গ্রিনহাউস ইফেক্ট,কারণ,বনাঞ্চল ধবংস হবে,13,9-10-biology_secondary-13-72,False
T2200,303,গ্রিনহাউস ইফেক্ট,কারণ,বিভিন্ন রোগবালাইয়ের প্রভাবে ফসলের ক্ষতি হবে,13,9-10-biology_secondary-13-72,False
T2201,303,গ্রিনহাউস ইফেক্ট,কারণ,মানুষের মধ্যে নতুন সব রোগের প্রকোপ দেখা দিবে,13,9-10-biology_secondary-13-72,False
T2202,303,গ্রিনহাউস ইফেক্ট,কারণ,ঝড়-জলোচ্ছ্বাসের তীব্রতা বেড়ে যাবে,13,9-10-biology_secondary-13-72,False
T2203,682,বংশগতির_একক,অংশ,জিন,13,9-10-biology_secondary-13-83,False
T2204,544,পশুর রোগ নিরাময়ে,কাজ,জেনেটিক ইঞ্জিনিয়ারিংয়ের ব্যবহার বর্ণনা করতে পারব,13,9-10-biology_secondary-13-86,False
T2205,365,জীবপ্রযুক্তি ও জেনেটিক ইঞ্জিনিয়ারিং,কাজ,পোস্টার অঙ্কন করতে পারব,13,9-10-biology_secondary-13-86,False
T2206,394,টিস্যু কালচার,কাজ,উদ্ভিদ প্রজননে ও উন্নত জাত উদ্ভাবনে সাফল্য পাওয়া এবং অপার সম্ভাবনা দেখানো,14,9-10-biology_secondary-14-14,False
T2207,1037,সিম্বিডিয়াম,পরিমাণ,৪০ হাজার চারা,14,9-10-biology_secondary-14-15,False
T2208,449,থাইল্যান্ড টিস্যু কালচার,পরিমাণ,৫০ মিলিয়ন অণুচারা,14,9-10-biology_secondary-14-15,False
T2209,856,মেরিস্টেম,কাজ,বিভিন্ন ধরনের অঙ্গ বা টিস্যু তৈরি করা,14,9-10-biology_secondary-14-15,False
T2210,856,মেরিস্টেম,কারণ,উদ্ভিদের বর্ধিয়ণ অংশ,14,9-10-biology_secondary-14-15,False
T2211,351,জিন প্রকৌশল,কাজ,জীবের ডিএনএর পরিবর্তন ঘটানো,14,9-10-biology_secondary-14-20,False
T2212,903,রিকম্বিনেন্ট ডিএনএ কৌশল,কাজ,জীবের ডিএনএর অংশ কেটে আলাদা করে অন্য ডিএনএ অণুতে প্রতিস্থাপন,14,9-10-biology_secondary-14-20,False
T2213,904,রিকম্বিনেন্ট ডিএনএ প্রযুক্তি,কাজ,রিকস্বিনেন্ট ডিএনএ তৈরির প্রক্রিয়া,14,9-10-biology_secondary-14-20,False
T2214,348,জিএমও,কাজ,জেনেটিক্যালি মডিফায়েড কাঙ্ক্ষিত বৈশিষ্ট্যসম্পন্ন নতুন জাত উদ্ভাবন,14,9-10-biology_secondary-14-22,False
T2215,355,জীব,কাজ,জেনেটিক্সের নিয়ম আবিষ্কারের আগে থেকেই কৃত্রিম নির্বাচন প্রক্রিয়ায় জেনেটিক্যালি মডিফায়েড কাঙ্ক্ষিত বৈশিষ্ট্যসম্পন্ন নতুন জাত উদ্ভাবন,14,9-10-biology_secondary-14-22,False
T2216,604,প্রকৃতি,কাজ,অনুরূপ প্রক্রিয়া চলায় জেনেটিক মডিফিকেশন,14,9-10-biology_secondary-14-22,False
T2217,364,জীবপ্রযুক্তি,কারণ,জেনেটিক মডিফিকেশনের ব্যাপারটি আরও নিয়ন্দ্রিতভাবে এবং কম সময়ে করায়,14,9-10-biology_secondary-14-22,False
T2218,377,জেনেটিক মডিফিকেশন,কাজ,জীব উৎপন্ন করায়,14,9-10-biology_secondary-14-22,False
T2219,348,জিএমও,অবস্থান,জেনেটিক্যালি মডিফাইড অর্গানিজম,14,9-10-biology_secondary-14-22,False
T2220,404,ট্রাজজেনিক জীব,কাজ,জেনেটিক্যালি মডিফাইড অর্গানিজম,14,9-10-biology_secondary-14-22,False
T2221,922,লাইগেজ,কাজ,দাতা ডিএনএকে প্লাজমিড ডিএনএ-এর কা�টা প্রান্ত দুটোর মাঝখানে স্থাপন করা,14,9-10-biology_secondary-14-27,False
T2222,922,লাইগেজ,কাজ,নির্দিষ্ট জিনসহ রিকম্বিনেন্ট ডিএনএ তৈরি করা,14,9-10-biology_secondary-14-27,False
T2223,905,রিকম্বিনেন্ট প্লাজমিড,কাজ,দাতা ডিএনএর খণ্ডিত অংশ বহন করা,14,9-10-biology_secondary-14-27,False
T2224,905,রিকম্বিনেন্ট প্লাজমিড,অবস্থান,ভিতরে,14,9-10-biology_secondary-14-28,False
T2225,247,খণ্ডিত ডিএনএ,অবস্থান,প্রবেশ করনোর পদ্ধতিকে ট্রানসফরমেশন,14,9-10-biology_secondary-14-28,False
T2226,349,জিন,কাজ,জিন তৈরি করা,14,9-10-biology_secondary-14-29,False
T2227,641,প্লাজমিড,কাজ,জিন বহন করা,14,9-10-biology_secondary-14-29,False
T2228,763,ব্যাকটেরিয়া,অবস্থান,ব্যাপক বংশবৃদ্ধি ঘটানো,14,9-10-biology_secondary-14-29,False
T2229,350,জিন ক্লোনিং,কাজ,জিন তৈরি করাকে বলা,14,9-10-biology_secondary-14-29,False
T2230,351,জিন প্রকৌশল,কাজ,"খুব দ্রুত কাঙ্ক্ষিত বৈশিষ্ট্যসম্পন্ন উদ্ভিদ, প্রাণী বা অণুজীব পাওয়া",14,9-10-biology_secondary-14-33,False
T2231,351,জিন প্রকৌশল,কারণ,অনাকাঙ্ক্ষিত জিন স্থানান্তরের সম্ভাবনা নেই এবং কাঙ্ক্ষিত জিন স্থানান্তরের সম্ভাবনা অনেক বেশি,14,9-10-biology_secondary-14-33,False
T2232,351,জিন প্রকৌশল,অবস্থান,আন্তর্জাতিকভাবে স্বীকৃত জীবনিরাপত্তা নিয়ম-নীতি দিয়ে নিয়ন্ত্রিত,14,9-10-biology_secondary-14-33,False
T2233,375,জেনেটিক ইঞ্জিনিয়ারিং,কাজ,নতুন ও উন্নত বৈশিষ্ট্যসম্পন্ন জীব সৃষ্টি,14,9-10-biology_secondary-14-34,False
T2234,375,জেনেটিক ইঞ্জিনিয়ারিং,কারণ,মানুষ সর্বোত্তমভাবে লাভবান হতে পারে,14,9-10-biology_secondary-14-34,False
T2235,652,ফসল,কারণ,ক্ষতিকর পোকামাকড় প্রতিরোধী,14,9-10-biology_secondary-14-34,False
T2236,385,টমেটো মোজাইক ভাইরাস,প্রতিরোধ,প্রোটিনে,14,9-10-biology_secondary-14-36,False
T2237,399,টোবাকো মোজাইক ভাইরাস,প্রতিরোধ,প্রোটিনে,14,9-10-biology_secondary-14-36,False
T2238,398,টোবাকো মাইন্ড গ্রিন মোজাইক ভাইরাস,প্রতিরোধ,প্রোটিনে,14,9-10-biology_secondary-14-36,False
T2239,901,রিং স্পট ভাইরাস,প্রতিরোধ,পেঁপের জাত,14,9-10-biology_secondary-14-36,False
T2240,378,জেনেটিকভাবে পরিবর্তিত,কাজ,ব্যাকটেরিয়া এবং ইস্ট থেকে মানববৃদ্ধির হরমোন এবং গ্র্যানূলোসাইট ম্যাক্রোফাজ স্টিমুলোটিং ফ্যাক্টর বা কলোনি উদ্দীপক উপাদান তৈরি করা,14,9-10-biology_secondary-14-44,False
T2241,62,অস্বাভাবিক খাটো হওয়া রোগ,কারণ,জেনেটিকভাবে পরিবর্তিত ব্যাকটেরিয়া এবং ইস্ট থেকে মানববৃদ্ধির হরমোন এবং গ্র্যানূলোসাইট ম্যাক্রোফাজ স্টিমুলোটিং ফ্যাক্টর বা কলোনি উদ্দীপক উপাদান,14,9-10-biology_secondary-14-44,False
T2242,770,ভাইরাসজনিত রোগ,কারণ,জেনেটিকভাবে পরিবর্তিত ব্যাকটেরিয়া এবং ইস্ট থেকে মানববৃদ্ধির হরমোন এবং গ্র্যানূলোসাইট ম্যাক্রোফাজ স্টিমুলোটিং ফ্যাক্টর বা কলোনি উদ্দীপক উপাদান,14,9-10-biology_secondary-14-44,False
T2243,220,ক্যান্সার,কারণ,জেনেটিকভাবে পরিবর্তিত ব্যাকটেরিয়া এবং ইস্ট থেকে মানববৃদ্ধির হরমোন এবং গ্র্যানূলোসাইট ম্যাক্রোফাজ স্টিমুলোটিং ফ্যাক্টর বা কলোনি উদ্দীপক উপাদান,14,9-10-biology_secondary-14-44,False
T2244,134,উদ্ভিদ টিস্যু কালচার,অবস্থান,জীবাণুমুক্ত অবস্থায়,14,9-10-biology_secondary-14-7,False
T2245,4,অংশ,অংশ,পরাগরেণু,14,9-10-biology_secondary-14-7,False
T2246,4,অংশ,অংশ,শীর্ষ বা পার্শ্বমুকুল,14,9-10-biology_secondary-14-7,False
T2247,4,অংশ,অংশ,পর্ব,14,9-10-biology_secondary-14-7,False
T2248,4,অংশ,অংশ,মূলাংশ,14,9-10-biology_secondary-14-7,False
